"abn","charity_legal_name","charity_size","ais_year","endorsement_fy","event_year","is_startup","donations_and_bequests","total_gross_income","donation_share"
"11260987026","HIGHFIELDS PIONEER VILLAGE MUSEUM AND PARK INC","Small",2019,2020,-1,TRUE,15758,236956,0.0665017978021236
"11363125088","EDUCATION WITHOUT BORDERS (AUSTRALIA) INCORPORATED","Small",2019,2021,-2,FALSE,7412,69426,0.106761155762971
"12451824370","Chairo Parent Governed Christian Education Limited","Large",2019,2021,-2,FALSE,12135,31395711,0.000386517763525088
"12454623050","Sydney Eye Hospital Foundation Trust","Medium",2019,2023,-4,FALSE,860929,1675098,0.513957392343612
"12608879741","A Chance For Change Ltd","Small",2019,2020,-1,FALSE,71815,92696,0.774736773970829
"13127908187","Australian Indigenous Education Foundation","Large",2019,2020,-1,FALSE,5157033,22218973,0.232100421563139
"13198748098","Northern Beaches Secondary College Balgowlah Boys Campus Parents & Citizens' Association","Medium",2019,2020,-1,FALSE,0,275551,0
"13382113021","Peel Volunteer Resource Center Inc","Small",2019,2022,-3,FALSE,0,235107,0
"13746772326","Whyalla Men's Shed Inc.","Small",2019,2022,-3,FALSE,1658,36875,0.0449627118644068
"13750980152","Tailem Bend Community Centre Inc","Medium",2019,2023,-4,FALSE,408,738617,0.000552383711720689
"13805775145","Vincent Community Shed Inc","Small",2019,2021,-2,FALSE,0,33861,0
"13986701465","Worn Gundidj Aboriginal Co-Op Ltd","Medium",2019,2021,-2,FALSE,0,1152948,0
"14136043783","Fremantle Men's Community Shed Inc","Small",2019,2021,-2,FALSE,12938,149032,0.0868135702399485
"14518578865","Hunter Bible Church Association Inc","Large",2019,2022,-3,FALSE,1536480,1658166,0.926614102568742
"14637350953","Community Compassion Ministries","Small",2019,2023,-4,FALSE,253779,327170,0.775679310450225
"14886457301","Irish Support Victoria Inc","Small",2019,2023,-4,FALSE,3155,197484,0.0159759778007332
"14959633656","Maitland Cancer Appeal Committee Inc","Small",2019,2022,-3,FALSE,1583,145439,0.0108842882583076
"15096096154","Children of Cambodia Foundation Inc","Small",2019,2020,-1,FALSE,20465,41102,0.497907644396866
"15490012190","Mornington Mens Shed Incorporated","Small",2019,2021,-2,FALSE,13450,97456,0.138010999835823
"15600973210","New Era Disability Services Incorporated","Large",2019,2021,-2,FALSE,0,829227,0
"15606937763","BK 2 Basics Melbourne Incorporated","Small",2019,2020,-1,FALSE,17585,22685,0.775181838219087
"15894216603","Helena River Steiner School Community Association Inc","Medium",2019,2020,-1,FALSE,0,797574,0
"15921239978","InLife Turning Point Foundation","Small",2019,2020,-1,FALSE,46702,50953,0.916570172511923
"16068548631","Wesnet (Women's Services Network) Incorporated","Large",2019,2020,-1,FALSE,0,1445577,0
"16095377370","Australian Society Of Anaesthetists Limited","Large",2019,2020,-1,FALSE,2514,7587175,0.000331348624488034
"16145204039","Doctors' Health Sa Limited","Medium",2019,2022,-3,FALSE,0,487089,0
"16164251972","Gloucester Men's Shed Incorporated","Small",2019,2021,-2,FALSE,2326,15384,0.151196047841914
"16308384841","DHUBU-GU LOCAL ABORIGINAL LAND COUNCIL","Medium",2019,2021,-2,FALSE,665876,814579,0.817448031437098
"16337158552","Waikerie Lutheran Primary School Incorporated","Medium",2019,2020,-1,FALSE,1404,1886059,0.000744409374256055
"16530482569","Kyogle Together Incorporated","Medium",2019,2022,-3,FALSE,0,315826,0
"16600672812","Mt Baw Baw Volunteer Ski Patrol Inc.","Small",2019,2022,-3,FALSE,3000,8042,0.373041531957225
"16624152638","Mission2Myanmar","Small",2019,2020,-1,FALSE,126941,128025,0.99153290372974
"16674035894","Retirement Village Residents Association (Inc)","Small",2019,2020,-1,FALSE,4023,136637,0.02944297664615
"17002512370","The Hills Grammar School","Large",2019,2020,-1,FALSE,133109,29421071,0.00452427445622221
"17224504183","Northshore Men’s Shed Inc","Small",2019,2023,-4,FALSE,0,22858,0
"17285520047","Port Kembla & District Meals On Wheels Inc","Small",2019,2020,-1,FALSE,0,203306,0
"17323323729","Milton Ulladulla Men's Shed Incorporated","Small",2019,2021,-2,FALSE,10288,82082,0.125338076557589
"17422428487","Daylesford Community Op Shop Inc.","Small",2019,2023,-4,FALSE,153,81995,0.00186596743703884
"17607007303","14 Stars Children Foundation Pty Ltd","Small",2019,2021,-2,FALSE,75788,75807,0.999749363515243
"18171935959","Australian Information Security Association (AISA) Limited","Large",2019,2023,-4,FALSE,0,2702276,0
"18630990996","The Mission To Seafarers Victoria Inc","Medium",2019,2023,-4,FALSE,210950,775800,0.271912864140242
"18743735011","Eacham Community Help Organization Inc","Medium",2019,2021,-2,FALSE,1251,953488,0.00131202490225362
"18938419763","SUBIACO JUSTICE CENTRE INC.","Small",2019,2020,-1,FALSE,18842,18842,1
"19005958216","Emmaus Christian Community Limited","Small",2019,2021,-2,FALSE,10,357210,2.7994736989446e-05
"19127640466","Australian Academy of Law","Small",2019,2020,-1,TRUE,0,139929,0
"19147249394","Fremantle Foundation Limited","Small",2019,2020,-1,FALSE,161224,443406,0.363603559717279
"19197993800","Chinese Theological College Australia Inc","Large",2019,2023,-4,FALSE,1039455,1642304,0.632924842172947
"19373588300","Torquay Community Men's Shed Inc","Small",2019,2021,-2,FALSE,465,19499,0.0238473767885533
"19607164090","Aboriginal and Torres Strait Islander Mathematics Alliance Limited","Medium",2019,2020,-1,FALSE,0,61824,0
"20072693700","Padua College Limited","Large",2019,2023,-4,FALSE,482437,27449709,0.0175753047145236
"20269837369","Parramatta District Men's Shed Inc","Small",2019,2021,-2,FALSE,1200,33622,0.0356909166617096
"20438800399","Western Australian Institute For Educational Research Inc","Small",2019,2020,-1,FALSE,1000,4909,0.203707476064372
"20504408045","Jordan River Service Inc.","Medium",2019,2020,-1,FALSE,25961,1026335,0.0252948598654435
"20621626202","The James & Jutta Lauf Foundation Limited","Small",2019,2020,-1,FALSE,0,32219,0
"20671392558","Opening The Doors Foundation","Medium",2019,2020,-1,FALSE,435494,534028,0.815489075479188
"20737850413","West Moonah Community Action Group Inc","Small",2019,2020,-1,FALSE,35610,586017,0.0607661552480559
"20739138976","Nations Church Inc","Large",2019,2020,-1,FALSE,3358723,4937397,0.680261886982149
"20760201925","Kidzflip Incorporated","Small",2019,2020,-1,FALSE,53191,54416,0.977488238753308
"21150644108","Pottsville and District Mens Shed Inc.","Small",2019,2021,-2,FALSE,7431,47270,0.157203300190396
"21164108975","Kilmore District Mens Shed Inc.","Small",2019,2021,-2,FALSE,10608,63960,0.165853658536585
"21290070553","Warrina Innisfail","Large",2019,2021,-2,FALSE,8767,15027971,0.000583378820733684
"21369165660","Alithia Incorporated","Small",2019,2020,-1,FALSE,4175,89961,0.0464089994553195
"21472309062","Boys From The Bush Projects Inc","Small",2019,2020,-1,FALSE,0,71457,0
"21612777474","Kids in Philanthropy Limited","Small",2019,2021,-2,FALSE,1587,22008,0.0721101417666303
"21768379010","A Little Sparkle- Bringing girls on the spectrum together","Small",2019,2020,-1,FALSE,1000,6500,0.153846153846154
"22086764230","Alpha Australia National Office","Large",2019,2021,-2,FALSE,1758041,1927636,0.912019177894582
"22161120118","BBI The Australian Institute of Theological Education","Medium",2019,2022,-3,FALSE,151670,3048598,0.0497507378801666
"22617686905","The Ramsay Centre for Western Civilisation","Large",2019,2021,-2,FALSE,47301564,47382783,0.998285896377171
"22628738545","FNQ AVIATION MUSEUM LTD","Small",2019,2020,-1,TRUE,2905,40809,0.0711852777573574
"23098188689","Graduate Women - NSW Inc","Small",2019,2020,-1,FALSE,9527,95377,0.0998878136238296
"23115566624","McGrath Foundation Ltd","Large",2019,2020,-1,FALSE,13183594,19730669,0.668177749066694
"23307801543","Lighthouse Christian College Cranbourne Inc","Large",2019,2020,-1,FALSE,0,15122191,0
"23341979287","Clarence Valley Anglican School","Large",2019,2020,-1,FALSE,7179,6461736,0.00111100174937509
"23539290973","Prince Alfred College","Large",2019,2020,-1,FALSE,472573,43710500,0.0108114297480011
"23587341162","GLBTI Rights in Ageing Incorporated","Small",2019,2022,-3,FALSE,250,180204,0.00138731659674591
"23709702230","Our Community Place Inc","Small",2019,2023,-4,FALSE,0,167909,0
"23832388550","Institution of Surveyors Australia (Queensland Division) Bicentennial Education Foundation","Small",2019,2021,-2,FALSE,18916,32807,0.576584265553083
"24462209649","Footscray Historical Society Inc","Small",2019,2022,-3,FALSE,1183,31310,0.0377834557649313
"24565844501","Redland Bay Men's Shed Inc","Small",2019,2020,-1,FALSE,11949,62064,0.192527068832173
"24619718059","Inner Melbourne African  Australian Partnership (Imaap)","Small",2019,2022,-3,FALSE,0,27680,0
"24693089021","Tintern Grammar","Large",2019,2020,-1,FALSE,42070,28326529,0.00148518019980492
"24707214286","Inner Eastern Local Learning Employment Network Inc","Medium",2019,2022,-3,FALSE,0,478044,0
"24738660512","Oxenford Men's Shed Inc.","Small",2019,2021,-2,FALSE,3327,62021,0.0536431208784122
"24954265291","International Youth Fellowship Incorporated","Small",2019,2022,-3,FALSE,0,13227,0
"25138676829","Ruok? Limited","Large",2019,2023,-4,FALSE,1712169,5023012,0.340865002910604
"25227042629","Revival Church Australia Limited","Medium",2019,2020,-1,FALSE,457423,541714,0.844399443248651
"25342966460","Love For Australia Incorporated","Small",2019,2022,-3,FALSE,209277,209277,1
"25690631145","Offspring Incorporated","Small",2019,2023,-4,FALSE,54047,98132,0.550758162475034
"25717084481","Carlton Neighbourhood Learning Centre Inc.","Medium",2019,2023,-4,FALSE,24593,894972,0.0274790719709667
"26002929204","Women Illawarra Incorporated","Large",2019,2022,-3,FALSE,10922,1931560,0.00565449688334817
"26005864282","NORMAN BEISCHER MEDICAL RESEARCH FOUNDATION","Large",2019,2020,-1,FALSE,26000,5054184,0.00514425276167231
"26224735996","Mundaring Community Men's Shed (Inc)","Small",2019,2022,-3,FALSE,0,25500,0
"26237128770","Living & Learning Inc","Medium",2019,2021,-2,FALSE,0,834974,0
"26429861213","Australian Melanoma Research Foundation Ltd","Small",2019,2020,-1,FALSE,142712,217480,0.65620746735332
"26483932179","Emmaus Christian School Canberra Limited","Large",2019,2020,-1,FALSE,0,6468290,0
"26615709254","Australian Motor Heritage Foundation Limited","Small",2019,2023,-4,FALSE,1000,1000,1
"26694116261","Peninsula Evangelical Church Incorporated","Medium",2019,2021,-2,FALSE,262276,304885,0.860245666398806
"27138862831","Shedding Community Workshop Inc","Small",2019,2023,-4,FALSE,3490,8490,0.411071849234393
"27633825724","The Pencil Tree Inc","Small",2019,2021,-2,FALSE,41332,41686,0.991507940315694
"28153110055","Edmund Rice Foundation (Australia)","Large",2019,2021,-2,FALSE,3398508,3987357,0.852320973517044
"28171439723","The Headstone Project (Tas) Inc.","Small",2019,2020,-1,FALSE,9975,158878,0.0627840229610141
"28182771909","The University Of The Third Age Redlands District Inc","Small",2019,2023,-4,FALSE,0,128610,0
"28604684515","Global Village Project Incorporated","Small",2019,2022,-3,FALSE,7015,9860,0.711460446247465
"28627003039","Willmore Kindergarten & Pre-School Inc","Medium",2019,2023,-4,FALSE,0,316230,0
"28629387382","FOSTERING HOPE COMMUNITY LTD","Small",2019,2022,-3,FALSE,10816,11816,0.915368991198375
"28929959207","The Cove Men's Shed Inc","Small",2019,2021,-2,FALSE,893,19364,0.0461165048543689
"29008155780","Australian Cranio-Maxillo Facial Foundation","Medium",2019,2023,-4,FALSE,1709900,2567960,0.665859281297216
"29016580266","Gold Coast Guinea Pig Rescue Inc","Small",2019,2021,-2,FALSE,9402,55742,0.168669943669047
"29726939936","Condell Park Christian School Ltd.","Medium",2019,2023,-4,FALSE,13999,1679422,0.00833560594061528
"29835302417","Vision International College Inc","Small",2019,2023,-4,FALSE,20703,189089,0.10948812463972
"29844307522","Sydney Next Church Incorporated","Medium",2019,2021,-2,FALSE,461328,461328,1
"29949742420","Community Resource Network (CRN) Inc.","Small",2019,2020,-1,FALSE,0,221415,0
"30251705569","AL-ANON FAMILY GROUPS WESTERN NSW AREA INC","Small",2019,2022,-3,FALSE,10990,15897,0.691325407309555
"30390041210","Australian Primary Health Care Nurses Association Limited","Large",2019,2023,-4,FALSE,0,5079226,0
"30539535489","Hampton Community Kindergarten","Medium",2019,2023,-4,FALSE,0,298867,0
"30607659567","Reach for Nepal Foundation Ltd","Small",2019,2022,-3,FALSE,59199,59199,1
"30658029240","The Rainforest School","Medium",2019,2022,-3,FALSE,299,427598,0.000699254907646902
"30761157197","Hopefield Services Incorporated","Medium",2019,2021,-2,FALSE,185690,552336,0.336190289968425
"30937756314","Injilinji Community Preschool and Kindergarten Association Inc","Medium",2019,2022,-3,FALSE,0,229161,0
"31019036762","Finley High School P&C Association","Small",2019,2023,-4,FALSE,14646,174073,0.0841371148885812
"31111343287","Surf Aid International Australia Limited","Medium",2019,2022,-3,FALSE,631410,1499139,0.421181758329281
"31156195461","IGWR In Giving We Receive Inc","Small",2019,2022,-3,FALSE,115472,124090,0.930550406962688
"31368310372","Hedland Well Women's Centre Inc","Medium",2019,2020,-1,FALSE,43569,949692,0.0458769790626856
"31556191422","WADJAK Northside Aboriginal Community Group","Small",2019,2020,-1,FALSE,750,504331,0.00148711857886983
"31605454671","FULCRUM AID LTD","Small",2019,2020,-1,FALSE,148756,153029,0.972077187983977
"32039179166","Batchelor Institute Of Indigenous Tertiary Education","Large",2019,2020,-1,FALSE,109000,34233000,0.00318406216224111
"32101614760","Centrefarm Aboriginal Horticulture Limited","Medium",2019,2021,-2,FALSE,0,609052,0
"32169043130","Rescues4Pets Inc","Small",2019,2022,-3,FALSE,5479,48962,0.111903108533148
"32176699686","The Nature School Incorporated","Large",2019,2022,-3,FALSE,135,1151325,0.000117256204807504
"32556659638","DHAMMAKAYA SOCIETY OF QUEENSLAND INC","Small",2019,2020,-1,TRUE,21409,21409,1
"32623427323","HAPPI COMMUNITY LIMITED","Small",2019,2020,-1,FALSE,0,32000,0
"32868998986","Diamond Creek Mens Shed Inc","Small",2019,2023,-4,FALSE,7707,31827,0.242152889056461
"33260335253","The Trustee for Niulife Foundation","Small",2019,2020,-1,FALSE,3480,351795,0.00989212467488168
"34163636566","Superannuation Consumers' Centre Ltd","Medium",2019,2020,-1,FALSE,0,1179309,0
"34627816808","Anika Legal Ltd","Medium",2019,2020,-1,FALSE,0,63051,0
"34718530172","Law Enforcement Torch Run - Western Australia (LETR WA) Incorporated","Small",2019,2021,-2,FALSE,3329,6211,0.535984543551763
"34789627512","DASTAN","Small",2019,2022,-3,FALSE,5833,5833,1
"35002648606","Taree & District Pre-School Ltd","Medium",2019,2021,-2,FALSE,9000,615782,0.014615562000838
"35052312865","Blayney Shire Community Mens Shed Incorporated","Small",2019,2021,-2,FALSE,3039,14634,0.207667076670767
"35060581437","Australian Committee For UNICEF Limited","Large",2019,2020,-1,FALSE,27107238,34723656,0.780656218918883
"35149437276","Southern Cross Grammar","Large",2019,2021,-2,FALSE,0,14724612,0
"35164318440","Annandale North Public School P&C Association","Small",2019,2020,-1,FALSE,0,68728,0
"35335529899","Our Rainbow House Inc","Small",2019,2020,-1,FALSE,124581,251736,0.494887501191725
"35592321123","Kurrajong North Public School Parents And Citizens Association","Small",2019,2022,-3,FALSE,8634,8662,0.996767490187024
"35689710404","Camperdown Quarters Limited","Medium",2019,2023,-4,FALSE,515803,536172,0.962010325044948
"35752992852","Mildura Christian College Inc","Medium",2019,2020,-1,FALSE,6094,2150725,0.0028334631345244
"36160974235","The Australasian Mastocytosis Society","Small",2019,2020,-1,FALSE,1230,4648,0.264629948364888
"36169895041","Little Blue Dinosaur Foundation Limited","Small",2019,2022,-3,FALSE,7104,82393,0.0862209168254585
"36295742511","Men's Information and Support Association Inc.","Medium",2019,2020,-1,FALSE,0,299543,0
"36301233932","Kincumber Men's Shed Inc","Small",2019,2021,-2,FALSE,6197,49658,0.124793588142897
"36651805702","Australian Peacekeeper and Peacemaker Veterans' Association Ltd","Small",2019,2022,-3,FALSE,10409,28808,0.36132324354346
"36720260805","Bethel Mar Thoma Church Sydney","Medium",2019,2022,-3,FALSE,325272,325272,1
"36735208761","Warrnambool Student Wellbeing Association Inc","Small",2019,2021,-2,FALSE,61908,123375,0.501787234042553
"36809112033","Foundation Learning Centre Inc","Large",2019,2021,-2,FALSE,5028,2094829,0.00240019591097889
"36820537098","Matercare Australia Incorporated","Small",2019,2022,-3,FALSE,8934,9126,0.978961209730441
"36872112968","Atherton Men's Shed Inc","Small",2019,2021,-2,FALSE,23482,52431,0.447864812801587
"37130949834","Ovarian Cancer Research Foundation Limited","Large",2019,2023,-4,FALSE,3379692,3531187,0.957097995659816
"37207698349","Health Communication Resources Inc","Small",2019,2020,-1,FALSE,65808,105568,0.623370718399515
"37469007007","Deafblind Association (NSW)","Small",2019,2020,-1,FALSE,7320,41568,0.176096997690531
"37605893356","St Rob Limited","Medium",2019,2022,-3,FALSE,0,90959,0
"37620862955","Shrimad Rajchandra Mission Dharampur (Australia) Limited","Medium",2019,2022,-3,FALSE,36047,36047,1
"37805464931","Rebus Theatre Incorporated","Medium",2019,2020,-1,FALSE,0,245879,0
"37982149059","Homelessness Queensland Inc","Small",2019,2021,-2,FALSE,0,1601,0
"38000827798","Mission Without Borders (Australia) Limited","Medium",2019,2023,-4,FALSE,1469051,1474304,0.996436962797361
"38276418759","Walford Foundation Incorporated","Small",2019,2021,-2,FALSE,2630,84420,0.0311537550343521
"38514938536","Woodford and Region Men's Shed Inc.","Small",2019,2022,-3,FALSE,2888,45246,0.0638288467488839
"38546603898","Foster Families South West Inc","Small",2019,2021,-2,FALSE,9860,26404,0.373428268444175
"38598711205","Hunter Youth Mentor Collaborative","Small",2019,2021,-2,FALSE,111000,137408,0.807813227759665
"39002510465","Hunter Christian School Limited","Large",2019,2020,-1,FALSE,3000,6465777,0.000463981359084917
"39099443619","M A Centre (Aust) Foundation","Small",2019,2022,-3,FALSE,25370,1452012,0.017472307391399
"39109129679","Architects Without Frontiers","Small",2019,2021,-2,FALSE,14168,125881,0.112550742367792
"39126270641","Yarrawonga Neighbourhood House Incorporated","Medium",2019,2023,-4,FALSE,19943,666045,0.0299424213078696
"39205898376","Chung Wah Autumn Centre Inc","Small",2019,2022,-3,FALSE,0,5458,0
"39589812425","Frankston/Mornington Peninsula Local Learning & Employment Network Inc","Large",2019,2020,-1,FALSE,0,670754,0
"39604404051","Seed Initiatives Limited","Small",2019,2021,-2,FALSE,75204,260252,0.288966079031093
"39630371948","PMI Victorian History Library Inc.","Small",2019,2022,-3,FALSE,2795,102567,0.0272504801739351
"39634926131","Connect You Too Ltd","Medium",2019,2020,-1,FALSE,7262,2376130,0.00305623008842109
"39828126747","Youth Enterprises Australia Limited","Small",2019,2022,-3,FALSE,0,4556545,0
"39893211010","Savem Incorporated","Small",2019,2020,-1,FALSE,91,40611,0.00224077220457511
"40170766569","The Common People Ltd","Small",2019,2020,-1,FALSE,1679,25914,0.0647912325383962
"40557982129","Toy Libraries Australia Inc.","Medium",2019,2020,-1,FALSE,0,321395,0
"40697500790","Foster Care Association Of Western Australia (Inc.)","Medium",2019,2021,-2,FALSE,0,626993,0
"40781429172","Horizons - Local and Beyond","Small",2019,2021,-2,FALSE,3498,57233,0.0611185854314818
"40920336423","East Fremantle Child Development Centre Inc","Medium",2019,2020,-1,FALSE,0,816810,0
"41840821357","The Entrance Public School P&C Assoc","Small",2019,2020,-1,FALSE,0,109210,0
"42037851864","North East Local Learning And Employment Network","Medium",2019,2022,-3,FALSE,0,886728,0
"42247216279","Whitlam Institute Within  Western Sydney University Trust","Small",2019,2023,-4,FALSE,173767,192155,0.904306419296922
"42498340094","The Roman Catholic Trust Corporation For The Diocese Of Cairns","Large",2019,2021,-2,FALSE,146534,234187594,0.000625712052022704
"42506412570","Geelong Foodshare Incorporated","Medium",2019,2020,-1,FALSE,114859,479104,0.239737092572803
"42624069389","Generation Australia Ltd","Large",2019,2020,-1,FALSE,1e+05,584687,0.171031680198123
"42958367110","HealthServe Australia Limited","Small",2019,2022,-3,FALSE,2020,45537,0.0443595318092979
"43010555478","Cairns Christian College Limited","Large",2019,2021,-2,FALSE,17500,10405654,0.00168177800261281
"43200124919","Parkinsons DMF Inc","Small",2019,2021,-2,FALSE,27832,28099,0.990497882486921
"43317153298","CONCORD HIGH SCHOOL P&C ASSOCIATION","Small",2019,2020,-1,FALSE,5980,241095,0.0248035006947469
"43391511051","Tin Can Bay Community and Men's Shed Incorporated","Small",2019,2021,-2,FALSE,3310,36567,0.0905187737577597
"43529339392","AID FOUNDATION OF AUSTRALIA INCORPORATED","Small",2019,2020,-1,FALSE,2280,2574,0.885780885780886
"43628604973","MENTORING MEN LTD.","Medium",2019,2020,-1,TRUE,27235,27235,1
"43743957408","Diabetes Research Foundation Of Wa Inc","Small",2019,2022,-3,FALSE,60747,97154,0.625265043127406
"43753446272","Proston Men's Shed Inc","Small",2019,2021,-2,FALSE,2390,11924,0.200436095270044
"44085875823","Worldview Centre For Intercultural Studies","Small",2019,2021,-2,FALSE,4866,370863,0.0131207480929616
"44161310130","Glow Church","Large",2019,2022,-3,FALSE,3439774,3800928,0.904982677914446
"44189041144","PREGNANT ALTERNATIVES INCORPORATED","Small",2019,2023,-4,FALSE,5278,5357,0.985252940078402
"44362890385","Global Gardens of Peace Incorporated","Small",2019,2022,-3,FALSE,29833,31137,0.958120563959277
"44568476377","Atisha Centre Inc","Small",2019,2023,-4,FALSE,0,310480,0
"44695079183","Sewa International Australia Inc","Small",2019,2021,-2,FALSE,24144,24144,1
"44759796180","Centenary Suburbs Men's Shed Inc","Small",2019,2021,-2,FALSE,4976,71415,0.0696772386753483
"44812153429","NSW Farmers Natural Disaster Relief Fund Inc","Small",2019,2020,-1,FALSE,129451,129815,0.99719600970612
"45339846991","Monaro Family Support Service Incorporated","Medium",2019,2023,-4,FALSE,8100,593890,0.0136388893566149
"45495343458","Islamic Dawah Centre of Australia Inc","Small",2019,2022,-3,FALSE,77251,77251,1
"45608731120","The Inspired Crusaders Ltd","Small",2019,2023,-4,FALSE,0,43141,0
"46006178641","Cvgt Australia Limited","Large",2019,2021,-2,FALSE,0,42027689,0
"46101213478","Council Of Presidents Of Medical Colleges Ltd","Medium",2019,2023,-4,FALSE,0,1400278,0
"46133445404","Earth Garden Foundation Australia Ltd","Small",2019,2021,-2,FALSE,63789,64173,0.99401617502688
"46486944346","Overflowing Church Incorporated","Small",2019,2020,-1,FALSE,268702,268702,1
"47065314758","City West Housing Pty Limited","Large",2019,2020,-1,FALSE,0,35629861,0
"47162770729","Muslim Global Aid Limited","Small",2019,2022,-3,FALSE,716529,716529,1
"47237572750","Royal Australian Artillery Association (Northern Territory) Incorporated","Medium",2019,2020,-1,FALSE,0,135543,0
"47512918032","Explore Youth and Family Therapy Inc.","Small",2019,2020,-1,FALSE,1100,1799,0.611450806003335
"47639146736","STRONG ANGELS INC.","Small",2019,2021,-2,FALSE,78155,115302,0.677828658652929
"47656182430","Charters Towers Women of The Outback Shed Inc","Small",2019,2021,-2,FALSE,623,5411,0.115135834411384
"47703627137","Worimi Aboriginal Community Co-Operative Ltd","Small",2019,2021,-2,FALSE,0,130078,0
"47909376387","Eden Community Access Centre Inc","Small",2019,2023,-4,FALSE,59219,130391,0.454164781311594
"48102463744","Vets for Compassion Incorporated","Medium",2019,2022,-3,FALSE,108676,116999,0.928862639851623
"48466077275","Coffs Harbour Community Men's Shed Incorporated","Small",2019,2021,-2,FALSE,12221,85826,0.142392748118286
"48548850263","Warrnambool Men's Shed Incorporated","Small",2019,2021,-2,FALSE,1300,19515,0.0666154240327953
"48606733359","Edusupport Ltd","Small",2019,2022,-3,FALSE,400,159302,0.00251095403698635
"48773551391","Gymea Bay Public School P&C Assoc","Small",2019,2023,-4,FALSE,0,50361,0
"48860387699","Bond Street Kindergarten Chilwell Inc","Medium",2019,2020,-1,FALSE,0,687770,0
"48947927354","Hale School Foundation Inc","Medium",2019,2020,-1,FALSE,171515,5152254,0.0332893137644223
"50149270900","Magic Coat Foundation","Medium",2019,2022,-3,FALSE,81054,130892,0.619243345659017
"50297510663","Lien Tri Buddhist Benevolent Association, Lien Tri Temple Inc.","Small",2019,2022,-3,FALSE,85000,94300,0.901378579003181
"50354979153","LifeNets Australia Incorporated","Small",2019,2020,-1,FALSE,34990,34990,1
"50384961465","F.E.T.C.H. Assistance Dogs Inc.","Small",2019,2022,-3,FALSE,240,5541,0.0433134813210612
"50454424905","South Sudan Child First Education (SSCFE) Incorporated","Small",2019,2020,-1,FALSE,2450,2450,1
"50756635036","WIZO VICTORA INC.","Medium",2019,2023,-4,FALSE,273583,408559,0.669629111095338
"50857103537","Belle Vie Animal Rescue","Small",2019,2020,-1,FALSE,19670,59444,0.330899670277909
"51008515508","Multiple Sclerosis Australia","Large",2019,2021,-2,FALSE,598137,1689317,0.35407031362379
"51145751837","Community Learning Ltd","Large",2019,2023,-4,FALSE,0,4362631,0
"51152864609","Charity Drive Days Inc","Medium",2019,2023,-4,FALSE,178237,775682,0.229781018510163
"51445386189","Sylvan Glades Inc","Medium",2019,2021,-2,FALSE,0,161398,0
"51455679821","Business & Rural Solutions Limited","Large",2019,2022,-3,FALSE,0,3696522,0
"51607702338","Blake Street Hebrew Congregation Inc","Medium",2019,2020,-1,FALSE,36364,36364,1
"51646764847","St John's Lutheran School Jindera Ltd","Large",2019,2021,-2,FALSE,21846,3312289,0.00659543898494364
"51934682604","Pymble Turramurra Pre-School Inc","Medium",2019,2021,-2,FALSE,0,905555,0
"52060813541","World Youth International (Aust) Ltd","Medium",2019,2022,-3,FALSE,708237,1417818,0.499526032255198
"52146609961","Warwick Men's Shed Inc.","Small",2019,2022,-3,FALSE,6149,27008,0.227673281990521
"52159380065","Buddha Dharma Education Association Inc","Small",2019,2023,-4,FALSE,202885,202882,1
"52368663383","Nunyara Aboriginal Health Service. Inc","Large",2019,2023,-4,FALSE,0,2898385,0
"52634235680","Murray Haven Homes Ltd","Large",2019,2022,-3,FALSE,10808,3270840,0.00330434995291729
"52672801654","Global Ripple Incorporated","Medium",2019,2023,-4,FALSE,2170,160388,0.0135296905005362
"53009481485","Christian Schools Tasmania","Large",2019,2021,-2,FALSE,33363,17751135,0.00187948545262035
"53101360336","MAIDE Inc.","Small",2019,2020,-1,FALSE,8938,8938,1
"53487883254","In the Paws of Angels Inc","Small",2019,2023,-4,FALSE,737,54677,0.0134791594271814
"53620147775","The School of St  Jude Limited","Large",2019,2021,-2,FALSE,6725626,7967974,0.844082322557779
"53623275196","Hunter Anzac Memorial Limited","Medium",2019,2021,-2,FALSE,65000,121746,0.533898444302072
"54164074661","Branxton Greta Men's Shed Incorporated","Small",2019,2021,-2,FALSE,18870,18870,1
"54253257443","Working Womens Centre Inc","Large",2019,2020,-1,FALSE,2237,737939,0.00303141587583798
"54263014967","Bayside Glen Eira Kingston Llen Inc","Medium",2019,2022,-3,FALSE,0,462831,0
"54280302765","Umina Beach Mens Shed Incorporated","Small",2019,2021,-2,FALSE,20012,37497,0.533696029015655
"54338990856","Inner Northern Local Learning And Employment Network Incoporated","Medium",2019,2020,-1,FALSE,0,1005703,0
"54623926009","Global Sustainable Development Vision Innovative Association Ltd","Small",2019,2022,-3,FALSE,18333,18333,1
"54776873363","Tingalpa & District Kindergarten Association Inc","Medium",2019,2021,-2,FALSE,0,295052,0
"55000364474","The National Council Of Jewish Women Of Australia New South Wales Division","Small",2019,2023,-4,FALSE,7744,257416,0.0300836000870187
"55415242975","Buderim Men's Shed Inc","Small",2019,2020,-1,FALSE,20220,567577,0.0356251222301115
"55612449604","Islamic Council Of New South Wales Inc","Medium",2019,2020,-1,FALSE,95193,706461,0.134746291727356
"56254262824","Esperance Crisis Accomodation Service Inc","Medium",2019,2020,-1,FALSE,10273,581431,0.0176684765690168
"56405057386","Australian Water Safety On the Mekong (AWSOM) Project Inc","Small",2019,2022,-3,FALSE,3536,14858,0.237986270022883
"56840304628","Carlingford Public School P&C Association","Small",2019,2021,-2,FALSE,49131,302092,0.162635885756657
"57098352150","Community Business Bureau Inc","Large",2019,2022,-3,FALSE,0,5482278,0
"57382768399","Caringbah North Public School P And C Association","Small",2019,2020,-1,FALSE,68546,131739,0.520316686782198
"57624185217","Offshore and Specialist Ships Australia Ltd","Small",2019,2020,-1,FALSE,3452,22273,0.154985857316033
"57649413936","Rural Financial Counselling Service, NSW - Southern Region Limited","Large",2019,2022,-3,FALSE,0,2613130,0
"57657202934","Albany Surf Life Saving Club","Medium",2019,2021,-2,FALSE,66956,231331,0.289438077905685
"57794560132","Wattle Group Inc","Small",2019,2021,-2,FALSE,3315,407150,0.0081419624217119
"57910165955","Claws n Paws Rescue Group Inc","Small",2019,2020,-1,TRUE,9366,156965,0.0596693530404867
"58154234383","Sherwood Ridge Public School Parents and Citizens Association","Small",2019,2022,-3,FALSE,0,52676,0
"58160920528","Ferncourt Public School P&C Association","Small",2019,2020,-1,FALSE,0,314709,0
"58608203592","Lower North Shore Community Transport Inc","Medium",2019,2020,-1,FALSE,140,1617475,8.65546608139229e-05
"58636664983","Ruah Legal Services Limited","Large",2019,2020,-1,FALSE,6580,1180567,0.005573593027757
"59284895650","Anam Cara House Colac Inc","Medium",2019,2020,-1,FALSE,334483,725804,0.460844801075773
"59475464712","Dangrove Trust","Large",2019,2020,-1,FALSE,0,410321,0
"59622234799","Alliance for Journalists' Freedom Ltd","Small",2019,2021,-2,FALSE,84680,84680,1
"59802036898","THE WYNNUM-MANLY AND DISTRICTS MEN'S SHED INC.","Small",2019,2021,-2,FALSE,26433,90652,0.291587609760402
"60088024355","Coast Christian School","Large",2019,2022,-3,FALSE,13621,1279365,0.0106466880053777
"60131554106","Catalpa International Ltd","Large",2019,2022,-3,FALSE,0,2019103,0
"60382871618","The Naracoorte District Mens Shed Incorporated","Small",2019,2021,-2,FALSE,1565,18716,0.0836182945073734
"60623295483","A B Paterson College Foundation Ltd","Small",2019,2020,-1,FALSE,99694,99764,0.999298344092057
"60630551889","REDFERN YOUTH CONNECT (AUSTRALIA) LIMITED","Medium",2019,2020,-1,TRUE,1000,137000,0.0072992700729927
"60751862177","Samford Area Men's Shed","Small",2019,2021,-2,FALSE,6807,91396,0.0744780953214583
"61005641225","The School Of Total Education","Medium",2019,2022,-3,FALSE,40000,2375250,0.0168403325965688
"61147546405","Jabree Ltd","Small",2019,2021,-2,FALSE,0,711580,0
"61268362646","Returned and Services League of Australia A.C.T. Branch Incorporated","Small",2019,2020,-1,FALSE,24550,161791,0.151738971883479
"61831960079","Auscharity Inc.","Small",2019,2020,-1,FALSE,1565,2460,0.636178861788618
"62005274742","Sail & Adventure Limited","Small",2019,2020,-1,FALSE,42566,90470,0.470498507792638
"62130436752","Yatra Foundation Australia","Small",2019,2022,-3,FALSE,177707,180377,0.985197669325912
"62137118647","Rockhampton Men's Shed Inc","Small",2019,2021,-2,FALSE,4506,39044,0.115408257350681
"62198192130","Kuranda Information And Support Centre Association Inc","Small",2019,2021,-2,FALSE,1912,368328,0.00519102539041289
"62238200670","Future Connect Incorporated","Medium",2019,2022,-3,FALSE,0,485795,0
"62404700128","Newcastle Mens Shed","Small",2019,2021,-2,FALSE,36756,155291,0.236691115389817
"62616284505","Gamal Ministries Ltd","Small",2019,2022,-3,FALSE,2791,2791,1
"62626387273","'TIL THE COWS COME HOME LTD","Medium",2019,2023,-4,FALSE,60,1178,0.0509337860780985
"62801175580","Coolum Men's Shed Inc","Small",2019,2021,-2,FALSE,31236,159297,0.19608655530236
"63105164152","Cessnock Family Support Service Inc","Small",2019,2021,-2,FALSE,140,291625,0.000480068581225889
"63167495105","LIGHT HOUSE YOUTH PROJECTS INCORPORATED","Medium",2019,2020,-1,FALSE,0,395470,0
"63175468453","Rural Australians for Refugees  (Bendigo) Inc","Small",2019,2023,-4,FALSE,1258,57766,0.0217775161859918
"63638021939","The Uniform Project - Turkana Inc","Small",2019,2020,-1,FALSE,4565,5070,0.900394477317554
"63744700911","Alpha-1 Association Of Australia","Small",2019,2021,-2,FALSE,1330,11215,0.118591172536781
"63773789161","West cumberland mens shed incorporated","Small",2019,2021,-2,FALSE,20,22487,0.000889402766042602
"64008498637","United World Colleges (Australia) Trust Limited","Small",2019,2021,-2,FALSE,57234,57650,0.992784041630529
"64214940427","Brain Injury Matters Incorporated","Small",2019,2020,-1,FALSE,1000,56083,0.0178307151899863
"64282712328","Kempsey Neighbourhood Centre Inc","Medium",2019,2023,-4,FALSE,18063,1361487,0.0132671116213376
"64612999229","Proud 2 Play inc.","Small",2019,2022,-3,FALSE,165,173686,0.000949990212222056
"64618388159","AbilityLiving-MyWay","Medium",2019,2020,-1,FALSE,0,1260767,0
"64704364097","Turbans 4 Australia Inc","Medium",2019,2023,-4,FALSE,38073,38073,1
"64924935699","Mittagong Pre School Kindergarten Inc","Medium",2019,2020,-1,FALSE,320,791335,0.00040437994022759
"65064790343","St. John's Greek Orthodox College","Large",2019,2022,-3,FALSE,35817,5007661,0.00715244102985406
"65129595651","Construction Charitable Works Limited","Medium",2019,2021,-2,FALSE,243159,287567,0.845573379421144
"65601662382","Hejaz Foundation Limited","Small",2019,2023,-4,FALSE,8935,8935,1
"65619212663","Dr Steve Burroughs Foundation Limited","Small",2019,2022,-3,FALSE,34299,34306,0.999795954060514
"65625405923","Better Renting Limited","Small",2019,2022,-3,FALSE,75083,124848,0.601395296680764
"65663312659","South East Local Learning And Employment Network Inc","Large",2019,2020,-1,FALSE,0,1798604,0
"65945589522","All Souls And St Gabriels Foundation Incorporated","Small",2019,2023,-4,FALSE,40000,197639,0.202389204559829
"66127417263","Normanville Surf Life Saving Club Inc","Small",2019,2021,-2,FALSE,31766,281049,0.113026554088433
"66165269670","Amitofo Care Centre Australia","Small",2019,2020,-1,FALSE,192528,193025,0.997425203989121
"66626788252","Neighbourhood Watch Australasia Limited","Small",2019,2020,-1,FALSE,0,257546,0
"66631479377","ALTIOREM LTD","Small",2019,2020,-1,FALSE,155097,155116,0.999877511024008
"66816964232","Blind Bats Inc.","Small",2019,2022,-3,FALSE,5000,18561,0.269382037605732
"67113817637","Bupa Foundation (Australia) Limited","Large",2019,2022,-3,FALSE,1500000,1583216,0.947438631241726
"67614173278","Biocurate Pty Ltd","Large",2019,2022,-3,FALSE,0,14707308,0
"67616832967","Fitra Community School","Medium",2019,2020,-1,FALSE,61180,123220,0.496510306768382
"67628158323","Wilkins Family Foundation Ltd","Small",2019,2021,-2,FALSE,6250,6250,1
"67638503918","Statewide Wildlife Rescue Emergency Service Incorporated","Small",2019,2021,-2,FALSE,14177,18070,0.784560044272274
"67786892560","Carey Baptist College Ltd","Large",2019,2020,-1,FALSE,29752,31173838,0.000954390024096488
"67845485864","Central Grampians Local Learning And Employment Network Incorporated","Medium",2019,2023,-4,FALSE,0,634556,0
"68320267277","Project Didi Australia","Small",2019,2023,-4,FALSE,23718,25804,0.919159820182917
"68406449242","Ebenezer Mission Limited","Medium",2019,2020,-1,FALSE,2600,693296,0.00375020193395029
"68581296689","Royal Humane Society Of New South Wales","Small",2019,2021,-2,FALSE,100,14145,0.00706963591375044
"68629894686","DIOCESE OF BALLARAT CATHOLIC EDUCATION LIMITED","Large",2019,2023,-4,FALSE,0,8556573,0
"68779819072","Ulladulla Men's Shed Incorporated","Small",2019,2023,-4,FALSE,4200,23798,0.176485418942768
"69154531870","Mercy Education Limited","Large",2019,2023,-4,FALSE,455000,256237000,0.00177569984038215
"69322510070","Falls Creek Historical Society Inc","Small",2019,2020,-1,FALSE,5245,11377,0.461017843016612
"69355650377","Maitland Family Support  Inc","Small",2019,2020,-1,FALSE,0,330959,0
"69609700414","Titus Foundation Limited","Small",2019,2021,-2,FALSE,0,108893,0
"69985287203","Youth With A Mission Toowoomba Inc.","Medium",2019,2020,-1,FALSE,6606,632231,0.0104487125749924
"70141687774","RURAL HEALTH MANAGEMENT SERVICES PTY LTD","Large",2019,2021,-2,FALSE,0,3322551,0
"70206791848","One In Five Association Inc.","Small",2019,2020,-1,FALSE,223168,223168,1
"70246229631","Tullamarine Community House and Men's Shed Incorporated","Small",2019,2021,-2,FALSE,5732,182481,0.0314114894153364
"70517042298","Mphatso Children's Foundation Incorporated","Small",2019,2023,-4,FALSE,93673,108685,0.861876063854258
"70828113699","Emergency & Long Term Accommodation Moranbah Inc","Medium",2019,2020,-1,FALSE,0,489835,0
"70957910935","Merewether Surf Lifesaving Club Inc","Small",2019,2021,-2,FALSE,17355,161137,0.107703382835724
"71005239510","Diabetes Victoria","Large",2019,2022,-3,FALSE,4134582,27665122,0.149451066942701
"71127608677","4EK Incorporated","Small",2019,2020,-1,TRUE,14187,24864,0.570583976833977
"71160962096","Overseas Services to Survivors of Torture and Trauma (OSSTT) Ltd","Small",2019,2023,-4,FALSE,0,1990873,0
"71166864151","IndianCare Incorporated","Small",2019,2022,-3,FALSE,0,96483,0
"71301043868","Joseph's Corner","Small",2019,2021,-2,FALSE,75058,137430,0.546154405879357
"71553906532","Cardiff District Men's Shed Inc","Small",2019,2021,-2,FALSE,723,80419,0.0089904127134135
"71596707634","Copacabana Community Men's Shed Incorporated","Small",2019,2021,-2,FALSE,0,2447,0
"71609848479","Derby Home And Community Care Inc","Medium",2019,2021,-2,FALSE,0,730235,0
"71613288350","Ready 2 Change Ltd","Small",2019,2022,-3,FALSE,56720,220479,0.257258060858404
"71613909247","Innovation Youth Centre","Small",2019,2020,-1,FALSE,0,5000,0
"71624984836","The Man Cave Global Ltd","Large",2019,2021,-2,FALSE,524718,735413,0.713501121138734
"71644940277","Kura Yerlo Council Inc","Large",2019,2023,-4,FALSE,0,2144539,0
"71766845056","Walara Incorporated","Large",2019,2022,-3,FALSE,11679,3562369,0.00327843634390486
"72030561388","The Mudgeeraba Foundation","Small",2019,2023,-4,FALSE,71908,71908,1
"72110488554","Australian International Academy of Education Limited","Large",2019,2020,-1,FALSE,0,14337008,0
"72163263467","Allcare Community Support Incorporated","Large",2019,2023,-4,FALSE,0,2411893,0
"72410266331","CONDOBOLIN LOCAL ABORIGINAL LAND COUNCIL","Medium",2019,2020,-1,FALSE,0,400161,0
"72695915472","Yarraman & District Men's Shed Inc.","Small",2019,2021,-2,FALSE,6325,7580,0.8344327176781
"72751215829","Lucas Heights Community School P&C","Small",2019,2020,-1,FALSE,8476,49298,0.17193395269585
"72839635089","Balaklava Museum Incorporated","Small",2019,2020,-1,FALSE,6371,11106,0.573653880785161
"72927261737","Regained Incorporated","Small",2019,2020,-1,FALSE,5659,6853,0.825769735882095
"72966316271","Indian Support Center Incorporated","Small",2019,2022,-3,FALSE,9730,42464,0.229135267520723
"73094529156","Victorian Doctors' Health Program Limited","Medium",2019,2022,-3,FALSE,0,918655,0
"73195185842","Nungera Co-Operative Society Ltd","Medium",2019,2020,-1,FALSE,16286,593601,0.0274359376079218
"73294378005","The Glorious Gospel Church","Medium",2019,2020,-1,FALSE,906268,1032505,0.877737153815236
"73412202025","Fresh Start Missions Incorporated","Small",2019,2022,-3,FALSE,94140,94140,1
"73978612885","Jindera Pioneer Museum & Historical Society Inc","Small",2019,2020,-1,FALSE,3180,56668,0.0561163266746665
"74068758654","Medecins Sans Frontieres Australia Limited","Large",2019,2020,-1,FALSE,85568062,92711432,0.922950494389947
"74442021693","Men And Women Of Destiny Ministries Inc","Small",2019,2022,-3,FALSE,24148,24263,0.995260272843424
"74621137797","Mount Beauty And District Men's Shed Incorporated","Small",2019,2021,-2,FALSE,1801,36067,0.0499348434857349
"74780103484","THURGOONA MENS SHED Inc","Small",2019,2021,-2,FALSE,13455,161993,0.0830591445309365
"75090720086","Universal Education And Training Ltd","Medium",2019,2020,-1,FALSE,20054,638571,0.0314044953497732
"75092415800","Foundation Broken Hill Limited","Small",2019,2020,-1,FALSE,0,231154,0
"75119689865","Caboolture Community Care Inc","Medium",2019,2022,-3,FALSE,200,407047,0.000491343751458677
"75124120431","Wesley College","Large",2019,2022,-3,FALSE,1135566,42639338,0.0266318862642755
"75260386455","Climate And Health Alliance Incorporated","Medium",2019,2023,-4,FALSE,177868,243482,0.73051806704397
"75310837311","Our Town Association Inc.","Small",2019,2020,-1,FALSE,955,1929,0.495075168481078
"75812792400","Cornerstone Contact Centre Inc","Small",2019,2021,-2,FALSE,62838,88571,0.709464723216403
"75944270255","Central Community Centre Inc.","Medium",2019,2022,-3,FALSE,110404,572699,0.192778405410172
"75967571784","Epilepsy Foundation","Large",2019,2022,-3,FALSE,1564781,5016629,0.311918820387156
"76116997392","The Well Being Initiative","Medium",2019,2020,-1,FALSE,774114,948724,0.815952795544331
"76245905172","Eltham Men's Shed Incorporated","Small",2019,2021,-2,FALSE,36329,138348,0.262591436088704
"76579045428","Pimpama Mens Shed Inc.","Small",2019,2021,-2,FALSE,2414,40143,0.0601350173131056
"77231050273","Giac Hoang Pagoda Inc","Small",2019,2022,-3,FALSE,128287,128287,1
"77597187569","Digital Literacy Foundation","Medium",2019,2020,-1,FALSE,1276,887408,0.00143789553395958
"77608175090","Indooroopilly Men's Shed Inc","Small",2019,2023,-4,FALSE,20,68802,0.000290689224150461
"77638165432","Bowen Residents Action Group Inc","Small",2019,2023,-4,FALSE,34400,36126,0.952222775840115
"78124451540","Meaningful Ageing Australia Ltd","Medium",2019,2021,-2,FALSE,0,1061009,0
"78197934972","Ohr Yisrael Incorporated","Medium",2019,2021,-2,FALSE,78368,161188,0.486190038960717
"78498748021","Expression Sessions Community Projects Inc","Small",2019,2022,-3,FALSE,1000,1500,0.666666666666667
"78608509824","10x10 Philanthropy Limited","Medium",2019,2022,-3,FALSE,48169,86314,0.558067057487777
"78613686534","Mind With Heart Australia Limited","Small",2019,2020,-1,FALSE,12000,20924,0.573504110112789
"78903242780","Victorian Lions Foundation Inc","Small",2019,2021,-2,FALSE,97450,281204,0.346545568341844
"79001477970","Ascham Foundation Ltd","Large",2019,2022,-3,FALSE,310193,1230819,0.252021621375686
"79036396525","The Islamic Society Of Victoria Incorporated","Large",2019,2023,-4,FALSE,333364,803246,0.415021052081181
"79117529932","Kilvington Grammar School Ltd","Large",2019,2023,-4,FALSE,110274,22869527,0.0048218749780002
"79130823193","Indochina Starfish Foundation (Australia) Ltd","Small",2019,2020,-1,FALSE,163979,163979,1
"79160595251","The Cancer Foundation Inc.","Small",2019,2021,-2,FALSE,335057,1846938,0.181412153521125
"79420690128","Lutheran Church Queensland Australian Disaster Relief Fund","Small",2019,2022,-3,FALSE,259179,259894,0.997248878388882
"79598692618","Sailability Victoria Inc","Small",2019,2022,-3,FALSE,5602,5602,1
"79677574489","Tea Lake and the Rare Disease Association Inc","Small",2019,2020,-1,FALSE,10786,10786,1
"79902601713","Returned & Services League Of Australia (Queensland Branch)","Large",2019,2023,-4,FALSE,623797,140753719,0.00443183316527501
"80163795597","SAVE OUR STREETS LIMITED","Small",2019,2023,-4,FALSE,2160,15960,0.135338345864662
"80172769393","Looma Community Inc","Large",2019,2022,-3,FALSE,0,989158,0
"80794580107","K9 Refuge Association Inc","Small",2019,2021,-2,FALSE,5635,41405,0.136094674556213
"81224066028","Shekinah House Inc","Small",2019,2020,-1,FALSE,10226,77412,0.132098382679688
"81617686781","Herd of Hope Limited","Small",2019,2021,-2,FALSE,22539,67840,0.332237617924528
"81998188477","Yaadein Vision Australia Inc","Small",2019,2021,-2,FALSE,3589,74667,0.0480667497020103
"82153254056","Thirroul Surf Life Saving Club Inc","Small",2019,2021,-2,FALSE,22733,152049,0.149511012897158
"82186380740","Under the Southern Cross Outreach Ministries Incorporated","Small",2019,2020,-1,FALSE,12443,12443,1
"82259471365","Goulburn Murray Local Learning and Employment Network Inc.","Medium",2019,2022,-3,FALSE,0,428708,0
"82305662371","Clergy Retirement Foundation of the Roman Catholic Archdiocese of Canberra & Goulburn","Medium",2019,2022,-3,FALSE,120047,176273,0.681028858645397
"82411998933","No Meat May Incorporated","Small",2019,2022,-3,FALSE,0,40500,0
"82424729061","Bodhgaya Development Association Inc.","Small",2019,2021,-2,FALSE,38614,39472,0.978263072557762
"82549537349","BEING - Mental Health Consumers Limited","Medium",2019,2022,-3,FALSE,0,927764,0
"82618896558","Destiny Family & Community Services Ltd","Small",2019,2022,-3,FALSE,4704,4706,0.999575010624734
"82657867969","Drop A Dollar","Small",2019,2020,-1,FALSE,2168,2168,1
"82691324728","Maternity Choices Australia Ltd","Small",2019,2023,-4,FALSE,0,2272,0
"83000250304","Wenona School Ltd","Large",2019,2020,-1,FALSE,933956,43494399,0.0214730177097056
"83476538863","Samunnat Incorporated","Small",2019,2022,-3,FALSE,3675,62220,0.0590646094503375
"83964176052","Healthy Cities Illawarra Incorporated","Medium",2019,2021,-2,FALSE,84,610221,0.000137655046286509
"84107210015","KYEEMA Foundation Ltd","Medium",2019,2022,-3,FALSE,80639,535709,0.15052761853917
"84405168482","Bayt Zakat Charity Inc","Medium",2019,2023,-4,FALSE,1350051,1350051,1
"84623588389","Gippsland East Local Learning & Employment Network","Medium",2019,2022,-3,FALSE,93456,1055736,0.0885221305326332
"84807299090","Australian Association for Adolescent Health Limited","Small",2019,2021,-2,FALSE,945,42559,0.0222044690899692
"84814621404","Every Mum Incorporated","Small",2019,2020,-1,FALSE,46650,46677,0.999421556655312
"84993931261","Sunshine Valley Mens Shed","Small",2019,2020,-1,FALSE,1200,49523,0.0242311653171254
"85001797137","Council Of Social Service Of New South Wales","Large",2019,2021,-2,FALSE,0,2687898,0
"85168357033","Yarra Foundation for Disadvantaged Children Inc","Small",2019,2023,-4,FALSE,81998,184347,0.444802464916706
"86000153560","Katoomba Christian Convention Ltd","Large",2019,2021,-2,FALSE,717724,5242190,0.136913007731502
"86366363924","Gladstone Men's Shed Association Inc","Small",2019,2021,-2,FALSE,7935,64295,0.12341550664904
"86512795097","Hearts4Heros Incorporated","Small",2019,2021,-2,FALSE,11006,270656,0.0406641641049894
"86568917131","Charlies Gift Fund Incorporated","Small",2019,2022,-3,FALSE,4399,4399,1
"86632754780","LOAVES AND FISHES CARE SERVICE TOOWOOMBA LIMITED","Medium",2019,2020,-1,FALSE,750,63673,0.0117789329857239
"86633799124","Ohana Education Ltd","Large",2019,2023,-4,FALSE,10344,8345616,0.0012394531452202
"87040729116","Friends of Myall Creek Memorial Inc","Small",2019,2020,-1,FALSE,27976,29208,0.957819775403999
"87126525380","Australian Books For Children Of Africa Ltd","Small",2019,2022,-3,FALSE,12000,12000,1
"87168259096","Positive Education Schools Association Limited","Small",2019,2022,-3,FALSE,1486,522460,0.00284423687937833
"87267901425","Australian Centre for Heart Health","Small",2019,2022,-3,FALSE,1662148,2502090,0.664303841988098
"88004261527","Mentone Girls Grammar School","Large",2019,2021,-2,FALSE,345000,25029415,0.0137837820020963
"88030734363","Tikkun Olam Gift Fund","Small",2019,2021,-2,FALSE,67067,67136,0.998972235462345
"88567811835","Youth and Families Association of Pine Rivers Inc","Small",2019,2022,-3,FALSE,6642,100807,0.0658882815677483
"88608849658","Oak Flats Public School P&C Inc","Small",2019,2022,-3,FALSE,19367,151826,0.127560496884592
"88618869855","Christmas Presents for Kids in Care Ltd","Small",2019,2020,-1,FALSE,17960,17960,1
"88635516068","Collective Hope Community Services Ltd","Large",2019,2020,-1,TRUE,6255,337060,0.018557526849819
"88965371802","Irwin Districts Historical Society Incorporated","Small",2019,2022,-3,FALSE,2113,11177,0.189048939787063
"89002643594","Carinya Christian Education Ltd","Large",2019,2022,-3,FALSE,1684,16954267,9.93260280730509e-05
"89123037070","Access Community Housing Company Ltd","Large",2019,2023,-4,FALSE,0,7136165,0
"89286191509","WILLOUGHBY COMMUNITY MEN'S SHED INC","Small",2019,2021,-2,FALSE,4909,15991,0.306985179163279
"89613555347","Virtual War Memorial Limited","Small",2019,2022,-3,FALSE,52259,238894,0.218753924334642
"89818726922","North Balwyn Community Men's Shed Incorporated","Small",2019,2021,-2,FALSE,0,9315,0
"89866800390","Australian War Widows W.A. Inc.","Small",2019,2021,-2,FALSE,3909,262434,0.014895173643659
"89880631615","Human and Hope Association Incorporated","Small",2019,2020,-1,FALSE,6058,32805,0.184666971498247
"90136588234","Returned & Services League Of Australia (Queensland Branch) Yeronga Dutton Park Sub-Branch Inc","Small",2019,2022,-3,FALSE,0,140628,0
"90263052314","Social Help Endeavour For Bangladesh Inc","Small",2019,2021,-2,FALSE,2327,16768,0.138776240458015
"90412765337","Springfield Camira Men's Shed Inc","Small",2019,2021,-2,FALSE,2769,30678,0.0902601212595345
"90528422430","The Australian Centre For Social Innovation Inc","Large",2019,2021,-2,FALSE,0,5745083,0
"90546015020","The Corporation of the Synod of the Diocese of Brisbane Trading as St Paul's School Bald Hills","Large",2019,2022,-3,FALSE,30128,31886394,0.000944854410316827
"90625624357","Slav Fest Association Inc","Small",2019,2020,-1,FALSE,2030,17772,0.114224623002476
"90657853804","Eastern Goldfields Historical Society (Inc.)","Small",2019,2020,-1,FALSE,3153,108391,0.0290891310164128
"91058556764","Central Queensland Christian College Limited","Large",2019,2020,-1,FALSE,0,2205955,0
"91068371022","Youthsafe","Small",2019,2021,-2,FALSE,11058,492575,0.0224493731918997
"91153969337","Heatherdale Preschool Inc","Small",2019,2020,-1,FALSE,62,290858,0.000213162436652937
"91320077835","FNQ Foster Farms.Inc","Small",2019,2020,-1,FALSE,14775,16439,0.898777297889166
"91416186495","Tweed Heads Community Men's Shed Inc","Small",2019,2021,-2,FALSE,7581,68208,0.111145320197044
"91868380784","Dig In: Inc","Small",2019,2021,-2,FALSE,3565,10155,0.351058591826686
"91899241298","K9 SAR Inc.","Small",2019,2021,-2,FALSE,7520,22327,0.336811931741837
"92115819913","Ardross Primary School P&C Assn","Small",2019,2023,-4,FALSE,52211,88019,0.593178745498131
"92149068642","RUTHERGLEN HISTORICAL SOCIETY INC","Small",2019,2021,-2,FALSE,1178,4678,0.251817015818726
"92606609616","Ohana College Ltd","Large",2019,2023,-4,FALSE,0,1975995,0
"93061557364","Csv Limited","Large",2019,2020,-1,FALSE,19032,33439144,0.000569153325216698
"93093281641","Leaders Institute Of South Australia Inc","Medium",2019,2022,-3,FALSE,0,1046972,0
"93202389056","Seymour College Inc","Large",2019,2020,-1,FALSE,451321,28081766,0.0160716744096507
"93249530317","OM Therapy","Small",2019,2021,-2,FALSE,0,6159,0
"93799121312","Bridge Builders Incorporated","Small",2019,2020,-1,FALSE,41181,51724,0.796168123114995
"93970982732","Woodcroft College Inc","Large",2019,2023,-4,FALSE,57000,26310394,0.00216644418171769
"94050110346","Neuroscience Research Australia","Large",2019,2023,-4,FALSE,9063577,31163930,0.290835494753069
"94609182072","The Archbishop Of Sydneys Overseas Ministry Fund","Large",2019,2021,-2,FALSE,123341,137027,0.900121873791297
"94743010990","YOWIE BAY P&C ASSOCIATION","Small",2019,2023,-4,FALSE,320,104939,0.00304939059834761
"94828298590","Kilkivan Veteran's and Community ""Men's Shed"" Association Inc.","Small",2019,2021,-2,FALSE,3437,14600,0.23541095890411
"94880354126","EV Church Limited","Large",2019,2020,-1,FALSE,3860703,4596575,0.839908627619478
"95017450530","Northern Suburbs Community Centre Inc","Medium",2019,2022,-3,FALSE,0,1188859,0
"95166529782","Yarranlea Limited","Medium",2019,2022,-3,FALSE,5923,840495,0.00704703775751194
"95229959403","Granville Mens Shed Inc.","Small",2019,2021,-2,FALSE,32,19400,0.00164948453608247
"95609027410","Vocational Bible College Limited","Small",2019,2022,-3,FALSE,242829,304519,0.797418223493444
"95738551437","Elizabeth Morgan House Aboriginal Women's Services Inc","Large",2019,2020,-1,FALSE,20572,2567745,0.00801169898101252
"95751520504","NICHOLSON STREET PUBLIC SCHOOL PARENTS AND CITIZENS ASSOCIATION","Small",2019,2021,-2,FALSE,0,86255,0
"95946679015","Adelaide Holocaust Museum and Steiner Education Centre Incorporated","Medium",2019,2021,-2,FALSE,0,150084,0
"96000538803","Australian Railway Historical Society New South Wales Division","Medium",2019,2020,-1,FALSE,20379,1114062,0.0182925187287602
"96147368664","Lower Lachlan Community Services Inc","Small",2019,2020,-1,FALSE,258444,579448,0.446017589153815
"96161067492","Pollinate Group Ltd","Medium",2019,2020,-1,FALSE,1175598,1869711,0.628759203962537
"96261040501","Wollongong Meals On Wheels Assn Inc","Medium",2019,2022,-3,FALSE,100,450809,0.000221823432983814
"96313965015","Australian Sikh Support Inc","Small",2019,2020,-1,FALSE,86011,86011,1
"96435996391","Waverley Community Men's Shed Inc","Small",2019,2021,-2,FALSE,4051,19899,0.203578069249711
"96621534683","Armadillo&Co Foundation Limited","Small",2019,2023,-4,FALSE,79092,79153,0.999229340644069
"96655027320","Alpine Valleys Community Leadership Fund Ltd.","Medium",2019,2022,-3,FALSE,0,361778,0
"97478220756","Tullawon Health Service Incorporated","Large",2019,2023,-4,FALSE,240819,6327141,0.0380612665341266
"97518065568","The Judith Neilson Institute for Journalism and Ideas","Medium",2019,2021,-2,FALSE,4.5e+07,45020233,0.999550579847066
"97558392056","Latin Stories Australia Inc","Small",2019,2021,-2,FALSE,0,76435,0
"98004700560","Computerbank Victoria Inc","Small",2019,2022,-3,FALSE,217,153070,0.00141765205461554
"98634977549","Westside Housing Company Limited","Large",2019,2020,-1,FALSE,0,8784612,0
"98647010375","Psychedelic Research In Science & Medicine Ltd","Small",2019,2021,-2,FALSE,26422,26532,0.995854063018242
"99000020762","Meriden School","Large",2019,2021,-2,FALSE,283800,40728646,0.0069680686168649
"99052134639","Restoration Enterprises Limited","Small",2019,2020,-1,FALSE,2537,214145,0.0118471129374956
"99609928234","Ark Rising Ltd","Small",2019,2021,-2,FALSE,4463,4474,0.997541350022351
"99618617093","Sudd Foundation Ltd","Small",2019,2022,-3,FALSE,2000,110549,0.018091525025102
"99625904663","Capital Region Heritage Rail Limited","Small",2019,2020,-1,FALSE,12325,137588,0.0895790330552083
"99629608868","Rufus S.A. Limited","Small",2019,2020,-1,FALSE,5864,5864,1
"99659766292","One Dollar Project Inc","Small",2019,2023,-4,FALSE,53837,53837,1
"99722497212","Fingal Valley Neighbourhood House","Medium",2019,2023,-4,FALSE,4004,319241,0.0125422486460072
"99821785872","Amani Orphans and Widows Welfare Service Inc.","Small",2019,2020,-1,FALSE,4850,4850,1
"11260987026","HIGHFIELDS PIONEER VILLAGE MUSEUM AND PARK INC","Small",2020,2020,0,TRUE,41673,225273,0.184988880158741
"11363125088","EDUCATION WITHOUT BORDERS (AUSTRALIA) INCORPORATED","Small",2020,2021,-1,FALSE,40198,114935,0.349745508330796
"11636474363","BEYOND THE BADGE LIMITED","Small",2020,2023,-3,FALSE,32100,32100,1
"12451824370","Chairo Parent Governed Christian Education Limited","Large",2020,2021,-1,FALSE,32921,30605376,0.00107566069438258
"12454623050","Sydney Eye Hospital Foundation Trust","Medium",2020,2023,-3,FALSE,453523,1040151,0.43601650145027
"12608879741","A Chance For Change Ltd","Small",2020,2020,0,FALSE,8150,9190,0.88683351468988
"12738414077","Bauple Community Shed Inc.","Small",2020,2021,-1,TRUE,5336,17085,0.3123207491952
"13127908187","Australian Indigenous Education Foundation","Large",2020,2020,0,FALSE,5741031,19388601,0.296103416641562
"13198748098","Northern Beaches Secondary College Balgowlah Boys Campus Parents & Citizens' Association","Medium",2020,2020,0,FALSE,52542,497453,0.105622038664959
"13382113021","Peel Volunteer Resource Center Inc","Small",2020,2022,-2,FALSE,0,244452,0
"13746772326","Whyalla Men's Shed Inc.","Small",2020,2022,-2,FALSE,2737,43224,0.063321302979826
"13750980152","Tailem Bend Community Centre Inc","Medium",2020,2023,-3,FALSE,394,820331,0.00048029393013308
"13805775145","Vincent Community Shed Inc","Small",2020,2021,-1,FALSE,6615,27346,0.241900095077891
"13986701465","Worn Gundidj Aboriginal Co-Op Ltd","Medium",2020,2021,-1,FALSE,0,1447332,0
"14136043783","Fremantle Men's Community Shed Inc","Small",2020,2021,-1,FALSE,7024,145569,0.0482520316825698
"14518578865","Hunter Bible Church Association Inc","Large",2020,2022,-2,FALSE,1413262,1752435,0.806456159572252
"14637350953","Community Compassion Ministries","Small",2020,2023,-3,FALSE,3300,345694,0.00954601468350622
"14692922067","Brunswick Junction Community Men's Shed Incorporated","Small",2020,2021,-1,FALSE,1410,3860,0.365284974093264
"14886457301","Irish Support Victoria Inc","Small",2020,2023,-3,FALSE,14893,182701,0.0815157005161439
"14959633656","Maitland Cancer Appeal Committee Inc","Small",2020,2022,-2,FALSE,3879,144640,0.0268183075221239
"15096096154","Children of Cambodia Foundation Inc","Small",2020,2020,0,FALSE,14777,40305,0.366629450440392
"15490012190","Mornington Mens Shed Incorporated","Small",2020,2021,-1,FALSE,8025,79554,0.100874877441738
"15600973210","New Era Disability Services Incorporated","Large",2020,2021,-1,FALSE,0,1108000,0
"15606937763","BK 2 Basics Melbourne Incorporated","Small",2020,2020,0,FALSE,134147,134147,1
"15894216603","Helena River Steiner School Community Association Inc","Medium",2020,2020,0,FALSE,375,1180307,0.000317713950692489
"15921239978","InLife Turning Point Foundation","Small",2020,2020,0,FALSE,130120,138195,0.941568074098195
"16068548631","Wesnet (Women's Services Network) Incorporated","Large",2020,2020,0,FALSE,11481,1373169,0.00836095192944204
"16095377370","Australian Society Of Anaesthetists Limited","Large",2020,2020,0,FALSE,0,14954500,0
"16145204039","Doctors' Health Sa Limited","Medium",2020,2022,-2,FALSE,50,440337,0.000113549395122372
"16164251972","Gloucester Men's Shed Incorporated","Small",2020,2021,-1,FALSE,2326,20023,0.116166408630075
"16308384841","DHUBU-GU LOCAL ABORIGINAL LAND COUNCIL","Medium",2020,2021,-1,FALSE,0,971163,0
"16337158552","Waikerie Lutheran Primary School Incorporated","Medium",2020,2020,0,FALSE,1527,1980091,0.000771176678243576
"16530482569","Kyogle Together Incorporated","Medium",2020,2022,-2,FALSE,3987,398823,0.00999691592510964
"16600672812","Mt Baw Baw Volunteer Ski Patrol Inc.","Small",2020,2022,-2,FALSE,0,6605,0
"16624152638","Mission2Myanmar","Small",2020,2020,0,FALSE,57507,58619,0.981030041454136
"16635283680","SUPPORTED AFFORDABLE ACCOMMODATION TAS LIMITED","Small",2020,2023,-3,FALSE,0,1569938,0
"16674035894","Retirement Village Residents Association (Inc)","Small",2020,2020,0,FALSE,3727,141687,0.0263044598304714
"17002512370","The Hills Grammar School","Large",2020,2020,0,FALSE,110016,29708301,0.00370320739647818
"17224504183","Northshore Men’s Shed Inc","Small",2020,2023,-3,FALSE,0,27356,0
"17285520047","Port Kembla & District Meals On Wheels Inc","Small",2020,2020,0,FALSE,3580,251867,0.0142138509610231
"17323323729","Milton Ulladulla Men's Shed Incorporated","Small",2020,2021,-1,FALSE,4150,63945,0.0648995230276019
"17422428487","Daylesford Community Op Shop Inc.","Small",2020,2023,-3,FALSE,733,79881,0.00917614952241459
"17607007303","14 Stars Children Foundation Pty Ltd","Small",2020,2021,-1,FALSE,216608,216621,0.99993998735118
"18171935959","Australian Information Security Association (AISA) Limited","Large",2020,2023,-3,FALSE,0,3699284,0
"18630990996","The Mission To Seafarers Victoria Inc","Medium",2020,2023,-3,FALSE,209528,765037,0.273879563994944
"18743735011","Eacham Community Help Organization Inc","Medium",2020,2021,-1,FALSE,2056,1103526,0.00186311876657188
"18938419763","SUBIACO JUSTICE CENTRE INC.","Small",2020,2020,0,FALSE,10000,18277,0.54713574437818
"19005958216","Emmaus Christian Community Limited","Small",2020,2021,-1,FALSE,50,3173,0.0157579577686732
"19127640466","Australian Academy of Law","Small",2020,2020,0,TRUE,0,145481,0
"19147249394","Fremantle Foundation Limited","Small",2020,2020,0,FALSE,153103,353217,0.433453089743699
"19197993800","Chinese Theological College Australia Inc","Large",2020,2023,-3,FALSE,1078750,1948804,0.553544635581618
"19373588300","Torquay Community Men's Shed Inc","Small",2020,2021,-1,FALSE,1840,18835,0.097690469869923
"19607164090","Aboriginal and Torres Strait Islander Mathematics Alliance Limited","Medium",2020,2020,0,FALSE,150712,277187,0.543719582808718
"19634798520","KLUTHUTHU CHRISTIAN COLLEGE LTD","Medium",2020,2021,-1,FALSE,700,33028,0.0211941383068911
"19722502215","Melbourne Men's Group Incorporated","Small",2020,2023,-3,FALSE,3100,24165,0.128284709290296
"20026465034","Ngaruwanajirri Inc","Small",2020,2021,-1,FALSE,79200,299873,0.26411180733177
"20072693700","Padua College Limited","Large",2020,2023,-3,FALSE,1e+05,28646842,0.00349078617461569
"20269837369","Parramatta District Men's Shed Inc","Small",2020,2021,-1,FALSE,500,24976,0.0200192184497117
"20438800399","Western Australian Institute For Educational Research Inc","Small",2020,2020,0,FALSE,0,8326,0
"20504408045","Jordan River Service Inc.","Medium",2020,2020,0,FALSE,1364,1336857,0.00102030359268044
"20621626202","The James & Jutta Lauf Foundation Limited","Small",2020,2020,0,FALSE,0,57162,0
"20639931052","ADELAIDE CITY CARE INCORPORATED","Small",2020,2021,-1,TRUE,56398,64898,0.869025239606768
"20671392558","Opening The Doors Foundation","Medium",2020,2020,0,FALSE,343236,514709,0.666854475052894
"20737850413","West Moonah Community Action Group Inc","Small",2020,2020,0,FALSE,44969,597148,0.0753062892281311
"20739138976","Nations Church Inc","Large",2020,2020,0,FALSE,3827818,5039003,0.759637968066302
"20760201925","Kidzflip Incorporated","Small",2020,2020,0,FALSE,28310,31918,0.886960335860643
"21150644108","Pottsville and District Mens Shed Inc.","Small",2020,2021,-1,FALSE,2028,36116,0.056152397829217
"21164108975","Kilmore District Mens Shed Inc.","Small",2020,2021,-1,FALSE,1045,52680,0.0198367501898254
"21290070553","Warrina Innisfail","Large",2020,2021,-1,FALSE,8338,15121316,0.000551407033620619
"21369165660","Alithia Incorporated","Small",2020,2020,0,FALSE,7126,100850,0.070659395141299
"21472309062","Boys From The Bush Projects Inc","Small",2020,2020,0,FALSE,0,165617,0
"21612777474","Kids in Philanthropy Limited","Small",2020,2021,-1,FALSE,1940,26051,0.0744693101992246
"21768379010","A Little Sparkle- Bringing girls on the spectrum together","Small",2020,2020,0,FALSE,4000,13700,0.291970802919708
"22086764230","Alpha Australia National Office","Large",2020,2021,-1,FALSE,1795625,2109885,0.851053493436846
"22161120118","BBI The Australian Institute of Theological Education","Medium",2020,2022,-2,FALSE,153000,2719599,0.0562582939617201
"22617686905","The Ramsay Centre for Western Civilisation","Large",2020,2021,-1,FALSE,12937207,13096990,0.987800021226251
"22628738545","FNQ AVIATION MUSEUM LTD","Small",2020,2020,0,TRUE,10783,49378,0.218376604965774
"22742211672","Lake Monger Community Shed Inc.","Small",2020,2021,-1,FALSE,30200,48221,0.626283154642168
"23098188689","Graduate Women - NSW Inc","Small",2020,2020,0,FALSE,32533,96690,0.336467059675251
"23115566624","McGrath Foundation Ltd","Large",2020,2020,0,FALSE,12651349,21913704,0.577325905287395
"23127486514","Romeo's Rabbit Rescue Incorporated","Small",2020,2021,-1,TRUE,42515,87339,0.486781392047081
"23307801543","Lighthouse Christian College Cranbourne Inc","Large",2020,2020,0,FALSE,0,15390500,0
"23341979287","Clarence Valley Anglican School","Large",2020,2020,0,FALSE,1647805,8423118,0.195628863325909
"23416548217","Melbourne Tautoko Whanau Inc.","Small",2020,2023,-3,FALSE,12849,12849,1
"23483497039","Parkerville Community Care Inc","Small",2020,2021,-1,FALSE,16136,74394,0.216899212302067
"23539290973","Prince Alfred College","Large",2020,2020,0,FALSE,175019,43524037,0.00402120327211375
"23587341162","GLBTI Rights in Ageing Incorporated","Small",2020,2022,-2,FALSE,342,145287,0.00235396146936753
"23709702230","Our Community Place Inc","Small",2020,2023,-3,FALSE,0,185748,0
"24462209649","Footscray Historical Society Inc","Small",2020,2022,-2,FALSE,1732,43347,0.0399566290631416
"24565844501","Redland Bay Men's Shed Inc","Small",2020,2020,0,FALSE,10252,26725,0.383610851262862
"24619718059","Inner Melbourne African  Australian Partnership (Imaap)","Small",2020,2022,-2,FALSE,0,130200,0
"24633662085","LACHLAN HUGHES FOUNDATION","Small",2020,2021,-1,FALSE,26359,26386,0.998976730084136
"24637544426","The Busy School Ltd","Large",2020,2021,-1,FALSE,0,1008213,0
"24644146757","John Mc Foundation Inc","Small",2020,2021,-1,FALSE,41557,41557,1
"24693089021","Tintern Grammar","Large",2020,2020,0,FALSE,23600,32069125,0.000735910318725565
"24707214286","Inner Eastern Local Learning Employment Network Inc","Medium",2020,2022,-2,FALSE,0,529544,0
"24738660512","Oxenford Men's Shed Inc.","Small",2020,2021,-1,FALSE,9283,108689,0.0854088270202136
"24954265291","International Youth Fellowship Incorporated","Small",2020,2022,-2,FALSE,2211,8812,0.250907852927826
"25138676829","Ruok? Limited","Large",2020,2023,-3,FALSE,1812107,5665178,0.319867619340469
"25227042629","Revival Church Australia Limited","Medium",2020,2020,0,FALSE,401349,669958,0.599065911594458
"25342039058","ACT Pet Crisis Support Inc","Small",2020,2021,-1,FALSE,40891,48316,0.846324199023098
"25342966460","Love For Australia Incorporated","Small",2020,2022,-2,FALSE,156680,162900,0.961817065684469
"25537381300","Alley Katz Australia Org.","Small",2020,2021,-1,TRUE,1043,1043,1
"25690631145","Offspring Incorporated","Small",2020,2023,-3,FALSE,76457,186141,0.4107477664781
"25717084481","Carlton Neighbourhood Learning Centre Inc.","Medium",2020,2023,-3,FALSE,31222,1443116,0.0216351284304242
"25886286256","CAIRNS MEN'S SHED INC","Small",2020,2021,-1,FALSE,57854,1075316,0.0538018591744194
"26002929204","Women Illawarra Incorporated","Large",2020,2022,-2,FALSE,862,395552,0.00217923307175795
"26005864282","NORMAN BEISCHER MEDICAL RESEARCH FOUNDATION","Large",2020,2020,0,FALSE,1000,2446692,0.000408715114121434
"26224735996","Mundaring Community Men's Shed (Inc)","Small",2020,2022,-2,FALSE,3362,20265,0.165901801134962
"26237128770","Living & Learning Inc","Medium",2020,2021,-1,FALSE,0,842051,0
"26429861213","Australian Melanoma Research Foundation Ltd","Small",2020,2020,0,FALSE,62448,192248,0.324830427364654
"26483932179","Emmaus Christian School Canberra Limited","Large",2020,2020,0,FALSE,2210,8848084,0.000249771588967736
"26615709254","Australian Motor Heritage Foundation Limited","Small",2020,2023,-3,FALSE,12711,12711,1
"26694116261","Peninsula Evangelical Church Incorporated","Medium",2020,2021,-1,FALSE,324372,536757,0.60431815514283
"27138862831","Shedding Community Workshop Inc","Small",2020,2023,-3,FALSE,4088,35741,0.114378444923197
"27633337283","RAINSHINE FOUNDATION AUSTRALIA LTD","Small",2020,2021,-1,FALSE,3805,9629,0.395160452798837
"27633825724","The Pencil Tree Inc","Small",2020,2021,-1,FALSE,214081,214161,0.999626449260136
"28153110055","Edmund Rice Foundation (Australia)","Large",2020,2021,-1,FALSE,1522499,1998582,0.761789608832662
"28171439723","The Headstone Project (Tas) Inc.","Small",2020,2020,0,FALSE,2827,51542,0.0548484730899073
"28182771909","The University Of The Third Age Redlands District Inc","Small",2020,2023,-3,FALSE,0,83960,0
"28627003039","Willmore Kindergarten & Pre-School Inc","Medium",2020,2023,-3,FALSE,0,514236,0
"28629387382","FOSTERING HOPE COMMUNITY LTD","Small",2020,2022,-2,FALSE,24170,29382,0.82261248383364
"28639382782","HOPE FOR JUSTICE (AUSTRALIA) LIMITED","Small",2020,2022,-2,FALSE,1100,41100,0.0267639902676399
"28929959207","The Cove Men's Shed Inc","Small",2020,2021,-1,FALSE,957,9052,0.105722492266902
"29008155780","Australian Cranio-Maxillo Facial Foundation","Medium",2020,2023,-3,FALSE,1035461,1420017,0.729189157594592
"29016580266","Gold Coast Guinea Pig Rescue Inc","Small",2020,2021,-1,FALSE,10919,61737,0.176863145277548
"29626220184","Trek Learning Centre Limited","Small",2020,2021,-1,FALSE,0,35999,0
"29726939936","Condell Park Christian School Ltd.","Medium",2020,2023,-3,FALSE,8134,1780823,0.0045675510704882
"29835302417","Vision International College Inc","Small",2020,2023,-3,FALSE,20703,183512,0.112815510702297
"29844307522","Sydney Next Church Incorporated","Medium",2020,2021,-1,FALSE,449440,449440,1
"29949742420","Community Resource Network (CRN) Inc.","Small",2020,2020,0,FALSE,0,426073,0
"30251705569","AL-ANON FAMILY GROUPS WESTERN NSW AREA INC","Small",2020,2022,-2,FALSE,19338,19338,1
"30390041210","Australian Primary Health Care Nurses Association Limited","Large",2020,2023,-3,FALSE,0,5578166,0
"30539535489","Hampton Community Kindergarten","Medium",2020,2023,-3,FALSE,3308,423349,0.00781388405310984
"30607659567","Reach for Nepal Foundation Ltd","Small",2020,2022,-2,FALSE,23467,23467,1
"30658029240","The Rainforest School","Medium",2020,2022,-2,FALSE,1288,497216,0.00259042347792509
"30761157197","Hopefield Services Incorporated","Medium",2020,2021,-1,FALSE,291384,911634,0.319628271872265
"30937756314","Injilinji Community Preschool and Kindergarten Association Inc","Medium",2020,2022,-2,FALSE,0,255057,0
"31019036762","Finley High School P&C Association","Small",2020,2023,-3,FALSE,11963,204994,0.0583578055943101
"31111343287","Surf Aid International Australia Limited","Medium",2020,2022,-2,FALSE,634721,1513728,0.419309809952647
"31156195461","IGWR In Giving We Receive Inc","Small",2020,2022,-2,FALSE,121586,139607,0.870916214802983
"31368310372","Hedland Well Women's Centre Inc","Medium",2020,2020,0,FALSE,47227,987455,0.0478269895843355
"31556191422","WADJAK Northside Aboriginal Community Group","Small",2020,2020,0,FALSE,2150,459589,0.00467809281771322
"31605454671","FULCRUM AID LTD","Small",2020,2020,0,FALSE,34775,39450,0.88149556400507
"32039179166","Batchelor Institute Of Indigenous Tertiary Education","Large",2020,2020,0,FALSE,128000,31239000,0.00409744229968949
"32101614760","Centrefarm Aboriginal Horticulture Limited","Medium",2020,2021,-1,FALSE,0,979982,0
"32169043130","Rescues4Pets Inc","Small",2020,2022,-2,FALSE,3802,35551,0.106944952322016
"32176699686","The Nature School Incorporated","Large",2020,2022,-2,FALSE,20504,1710038,0.0119903768220355
"32556659638","DHAMMAKAYA SOCIETY OF QUEENSLAND INC","Small",2020,2020,0,TRUE,88089,88089,1
"32592059803","Toast for Kids Charity Incorporated","Small",2020,2021,-1,FALSE,0,6228,0
"32623427323","HAPPI COMMUNITY LIMITED","Small",2020,2020,0,FALSE,0,27500,0
"32636512948","ZEN TEA LOUNGE FOUNDATION LTD","Small",2020,2021,-1,TRUE,2206,8206,0.26882768705825
"32868998986","Diamond Creek Mens Shed Inc","Small",2020,2023,-3,FALSE,705,35458,0.0198826780980315
"33260335253","The Trustee for Niulife Foundation","Small",2020,2020,0,FALSE,11000,112409,0.0978569331637146
"34163636566","Superannuation Consumers' Centre Ltd","Medium",2020,2020,0,FALSE,0,1289292,0
"34627816808","Anika Legal Ltd","Medium",2020,2020,0,FALSE,11710,239463,0.0489010828395201
"34718530172","Law Enforcement Torch Run - Western Australia (LETR WA) Incorporated","Small",2020,2021,-1,FALSE,8288,15058,0.550405100278922
"34789627512","DASTAN","Small",2020,2022,-2,FALSE,12397,12397,1
"35002648606","Taree & District Pre-School Ltd","Medium",2020,2021,-1,FALSE,0,671667,0
"35037156011","Gracemere Mens Shed Inc.","Small",2020,2021,-1,FALSE,10915,46004,0.237261977219372
"35052312865","Blayney Shire Community Mens Shed Incorporated","Small",2020,2021,-1,FALSE,282,16695,0.0168912848158131
"35060581437","Australian Committee For UNICEF Limited","Large",2020,2020,0,FALSE,27873042,35209534,0.791633368393913
"35115082212","Australian Camps Association","Medium",2020,2021,-1,FALSE,0,1347747,0
"35149437276","Southern Cross Grammar","Large",2020,2021,-1,FALSE,0,14528920,0
"35164318440","Annandale North Public School P&C Association","Small",2020,2020,0,FALSE,1595,69022,0.0231085740778303
"35335529899","Our Rainbow House Inc","Small",2020,2020,0,FALSE,157925,222272,0.710503347250216
"35592321123","Kurrajong North Public School Parents And Citizens Association","Small",2020,2022,-2,FALSE,9848,9848,1
"35628712667","THE RICHARD GILL NATIONAL MUSIC ACADEMY LIMITED","Medium",2020,2021,-1,FALSE,3600,930456,0.00386907064923005
"35689710404","Camperdown Quarters Limited","Medium",2020,2023,-3,FALSE,394698,474690,0.83148581179296
"35752992852","Mildura Christian College Inc","Medium",2020,2020,0,FALSE,32803,2297402,0.0142783021865568
"35859201921","Sutherland Shire Refugee Connection","Small",2020,2021,-1,FALSE,1486,3719,0.399569776821726
"36160974235","The Australasian Mastocytosis Society","Small",2020,2020,0,FALSE,4331,17818,0.243068806824559
"36169895041","Little Blue Dinosaur Foundation Limited","Small",2020,2022,-2,FALSE,1836,67545,0.0271818787475017
"36295742511","Men's Information and Support Association Inc.","Medium",2020,2020,0,FALSE,148,396759,0.000373022414110329
"36301233932","Kincumber Men's Shed Inc","Small",2020,2021,-1,FALSE,7985,52464,0.152199603537664
"36651805702","Australian Peacekeeper and Peacemaker Veterans' Association Ltd","Small",2020,2022,-2,FALSE,20,17171,0.00116475452798323
"36720260805","Bethel Mar Thoma Church Sydney","Medium",2020,2022,-2,FALSE,594990,633190,0.939670557020799
"36735208761","Warrnambool Student Wellbeing Association Inc","Small",2020,2021,-1,FALSE,144319,195939,0.736550661175162
"36809112033","Foundation Learning Centre Inc","Large",2020,2021,-1,FALSE,0,2544217,0
"36820537098","Matercare Australia Incorporated","Small",2020,2022,-2,FALSE,1257,1401,0.897216274089936
"36872112968","Atherton Men's Shed Inc","Small",2020,2021,-1,FALSE,17526,42013,0.417156594387452
"37130949834","Ovarian Cancer Research Foundation Limited","Large",2020,2023,-3,FALSE,2991706,3183261,0.939824287106838
"37207698349","Health Communication Resources Inc","Small",2020,2020,0,FALSE,58811,183874,0.319844023624874
"37469007007","Deafblind Association (NSW)","Small",2020,2020,0,FALSE,187062,323744,0.577808391815756
"37605893356","St Rob Limited","Medium",2020,2022,-2,FALSE,0,192598,0
"37620862955","Shrimad Rajchandra Mission Dharampur (Australia) Limited","Medium",2020,2022,-2,FALSE,97663,178006,0.548650045504084
"37805464931","Rebus Theatre Incorporated","Medium",2020,2020,0,FALSE,0,326386,0
"37982149059","Homelessness Queensland Inc","Small",2020,2021,-1,FALSE,56,67151,0.000833941415615553
"38000827798","Mission Without Borders (Australia) Limited","Medium",2020,2023,-3,FALSE,1459216,1590446,0.917488553525238
"38139126378","Baxter & Grimshaw Foundation Inc.","Small",2020,2021,-1,TRUE,2000,4653,0.42983021706426
"38276418759","Walford Foundation Incorporated","Small",2020,2021,-1,FALSE,7475,86518,0.0863982061536328
"38514938536","Woodford and Region Men's Shed Inc.","Small",2020,2022,-2,FALSE,1496,28678,0.0521654229723133
"38546603898","Foster Families South West Inc","Small",2020,2021,-1,FALSE,10360,12366,0.837781012453502
"38598711205","Hunter Youth Mentor Collaborative","Small",2020,2021,-1,FALSE,50000,53406,0.936224394262817
"39002510465","Hunter Christian School Limited","Large",2020,2020,0,FALSE,0,7413705,0
"39099443619","M A Centre (Aust) Foundation","Small",2020,2022,-2,FALSE,59419,280715,0.21167019931247
"39109129679","Architects Without Frontiers","Small",2020,2021,-1,FALSE,24892,167469,0.148636464062006
"39126270641","Yarrawonga Neighbourhood House Incorporated","Medium",2020,2023,-3,FALSE,17246,679989,0.0253621749763599
"39205898376","Chung Wah Autumn Centre Inc","Small",2020,2022,-2,FALSE,15500,15599,0.993653439323034
"39589812425","Frankston/Mornington Peninsula Local Learning & Employment Network Inc","Large",2020,2020,0,FALSE,0,825078,0
"39604404051","Seed Initiatives Limited","Small",2020,2021,-1,FALSE,60848,348973,0.174363059606331
"39630371948","PMI Victorian History Library Inc.","Small",2020,2022,-2,FALSE,14738,164360,0.0896690192260891
"39632013824","The Groove and Wellness Society Incorporated","Small",2020,2022,-2,FALSE,5,11005,0.000454338936846888
"39634926131","Connect You Too Ltd","Medium",2020,2020,0,FALSE,4191,2561263,0.00163630209002355
"39828126747","Youth Enterprises Australia Limited","Small",2020,2022,-2,FALSE,0,5548405,0
"39893211010","Savem Incorporated","Small",2020,2020,0,FALSE,0,1336073,0
"40170766569","The Common People Ltd","Small",2020,2020,0,FALSE,4610,5350,0.861682242990654
"40557982129","Toy Libraries Australia Inc.","Medium",2020,2020,0,FALSE,30,288629,0.000103939659562968
"40697500790","Foster Care Association Of Western Australia (Inc.)","Medium",2020,2021,-1,FALSE,0,1139241,0
"40781429172","Horizons - Local and Beyond","Small",2020,2021,-1,FALSE,4417,48036,0.0919518694312599
"40792001012","Central East Accommodation and Care Alliance Inc.","Medium",2020,2021,-1,TRUE,0,760488,0
"40920336423","East Fremantle Child Development Centre Inc","Medium",2020,2020,0,FALSE,0,721988,0
"41615201360","Lift Up Voices Ltd trading as Lift Up Voices Foundation","Small",2020,2022,-2,FALSE,1051,1051,1
"41840821357","The Entrance Public School P&C Assoc","Small",2020,2020,0,FALSE,0,114525,0
"42037851864","North East Local Learning And Employment Network","Medium",2020,2022,-2,FALSE,0,1077949,0
"42247216279","Whitlam Institute Within  Western Sydney University Trust","Small",2020,2023,-3,FALSE,208539,219110,0.951754826342933
"42498340094","The Roman Catholic Trust Corporation For The Diocese Of Cairns","Large",2020,2021,-1,FALSE,0,783599,0
"42506412570","Geelong Foodshare Incorporated","Medium",2020,2020,0,FALSE,295869,623223,0.474740181283425
"42624069389","Generation Australia Ltd","Large",2020,2020,0,FALSE,1751033,2640461,0.66315427495426
"42958367110","HealthServe Australia Limited","Small",2020,2022,-2,FALSE,192097,255262,0.752548362075044
"43010555478","Cairns Christian College Limited","Large",2020,2021,-1,FALSE,0,11207772,0
"43200124919","Parkinsons DMF Inc","Small",2020,2021,-1,FALSE,15522,15652,0.991694352159468
"43317153298","CONCORD HIGH SCHOOL P&C ASSOCIATION","Small",2020,2020,0,FALSE,26987,50717,0.532109549066388
"43391511051","Tin Can Bay Community and Men's Shed Incorporated","Small",2020,2021,-1,FALSE,2696,36324,0.0742209007818522
"43529339392","AID FOUNDATION OF AUSTRALIA INCORPORATED","Small",2020,2020,0,FALSE,14654,17991,0.814518370296259
"43628604973","MENTORING MEN LTD.","Medium",2020,2020,0,TRUE,34496,37496,0.919991465756347
"43743957408","Diabetes Research Foundation Of Wa Inc","Small",2020,2022,-2,FALSE,97602,132612,0.735996742376256
"43753446272","Proston Men's Shed Inc","Small",2020,2021,-1,FALSE,6940,52838,0.131344865437753
"44085875823","Worldview Centre For Intercultural Studies","Small",2020,2021,-1,FALSE,12028,385955,0.0311642549001827
"44161310130","Glow Church","Large",2020,2022,-2,FALSE,3969824,5120826,0.775231183406739
"44189041144","PREGNANT ALTERNATIVES INCORPORATED","Small",2020,2023,-3,FALSE,8855,9128,0.970092024539877
"44362890385","Global Gardens of Peace Incorporated","Small",2020,2022,-2,FALSE,84941,89063,0.953718154564746
"44568476377","Atisha Centre Inc","Small",2020,2023,-3,FALSE,0,391369,0
"44633434716","Freddy Bear Foundation","Small",2020,2023,-3,FALSE,49000,49000,1
"44695079183","Sewa International Australia Inc","Small",2020,2021,-1,FALSE,18812,18812,1
"44759796180","Centenary Suburbs Men's Shed Inc","Small",2020,2021,-1,FALSE,2189,74880,0.0292334401709402
"44812153429","NSW Farmers Natural Disaster Relief Fund Inc","Small",2020,2020,0,FALSE,1979833,1980502,0.999662206854626
"45339846991","Monaro Family Support Service Incorporated","Medium",2020,2023,-3,FALSE,70600,555704,0.12704605329456
"45495343458","Islamic Dawah Centre of Australia Inc","Small",2020,2022,-2,FALSE,395753,412043,0.960465291243875
"45608731120","The Inspired Crusaders Ltd","Small",2020,2023,-3,FALSE,426,32003,0.0133112520701184
"46006178641","Cvgt Australia Limited","Large",2020,2021,-1,FALSE,0,51550484,0
"46101213478","Council Of Presidents Of Medical Colleges Ltd","Medium",2020,2023,-3,FALSE,0,1251049,0
"46133445404","Earth Garden Foundation Australia Ltd","Small",2020,2021,-1,FALSE,60394,60901,0.991675013546576
"46486944346","Overflowing Church Incorporated","Small",2020,2020,0,FALSE,476697,476697,1
"47065314758","City West Housing Pty Limited","Large",2020,2020,0,FALSE,0,46299380,0
"47162770729","Muslim Global Aid Limited","Small",2020,2022,-2,FALSE,511809,511809,1
"47237572750","Royal Australian Artillery Association (Northern Territory) Incorporated","Medium",2020,2020,0,FALSE,0,862483,0
"47456729309","VICTOR HARBOR LUTHERAN HOMES INC","Medium",2020,2021,-1,TRUE,0,771328,0
"47512918032","Explore Youth and Family Therapy Inc.","Small",2020,2020,0,FALSE,99956,127076,0.786584406182127
"47634504135","CATHOLIC EDUCATION WESTERN AUSTRALIA LIMITED","Large",2020,2023,-3,FALSE,3321501,1139381200,0.00291517974844591
"47639146736","STRONG ANGELS INC.","Small",2020,2021,-1,FALSE,76234,115302,0.661168062999774
"47656182430","Charters Towers Women of The Outback Shed Inc","Small",2020,2021,-1,FALSE,1322,9403,0.14059342762948
"47703627137","Worimi Aboriginal Community Co-Operative Ltd","Small",2020,2021,-1,FALSE,0,151175,0
"47909376387","Eden Community Access Centre Inc","Small",2020,2023,-3,FALSE,11819,102658,0.115129848623585
"48102463744","Vets for Compassion Incorporated","Medium",2020,2022,-2,FALSE,736230,855419,0.860665942655003
"48466077275","Coffs Harbour Community Men's Shed Incorporated","Small",2020,2021,-1,FALSE,4598,80462,0.0571449876960553
"48548850263","Warrnambool Men's Shed Incorporated","Small",2020,2021,-1,FALSE,10000,107564,0.0929679074783385
"48639951492","LYREBIRD COLLEGE LIMITED","Medium",2020,2021,-1,FALSE,2012088,2014960,0.998574661531743
"48773551391","Gymea Bay Public School P&C Assoc","Small",2020,2023,-3,FALSE,700,101082,0.00692507073465108
"48860387699","Bond Street Kindergarten Chilwell Inc","Medium",2020,2020,0,FALSE,1390,787207,0.00176573633110478
"48947927354","Hale School Foundation Inc","Medium",2020,2020,0,FALSE,423693,3345498,0.12664571911267
"49635940797","SONS OF GOD MINISTRIES LTD.","Small",2020,2021,-1,TRUE,3180,10599,0.300028304557034
"50149270900","Magic Coat Foundation","Medium",2020,2022,-2,FALSE,117163,185325,0.632202886820451
"50297510663","Lien Tri Buddhist Benevolent Association, Lien Tri Temple Inc.","Small",2020,2022,-2,FALSE,80000,93000,0.860215053763441
"50354979153","LifeNets Australia Incorporated","Small",2020,2020,0,FALSE,36499,39910,0.914532698571787
"50384961465","F.E.T.C.H. Assistance Dogs Inc.","Small",2020,2022,-2,FALSE,1600,25721,0.0622059795497842
"50454424905","South Sudan Child First Education (SSCFE) Incorporated","Small",2020,2020,0,FALSE,12800,12800,1
"50756635036","WIZO VICTORA INC.","Medium",2020,2023,-3,FALSE,141817,412825,0.343528129352631
"50857103537","Belle Vie Animal Rescue","Small",2020,2020,0,FALSE,27881,99901,0.279086295432478
"51008515508","Multiple Sclerosis Australia","Large",2020,2021,-1,FALSE,392536,1529793,0.256594192809092
"51145751837","Community Learning Ltd","Large",2020,2023,-3,FALSE,0,2910070,0
"51152864609","Charity Drive Days Inc","Medium",2020,2023,-3,FALSE,246741,246753,0.999951368372421
"51445386189","Sylvan Glades Inc","Medium",2020,2021,-1,FALSE,0,188124,0
"51455679821","Business & Rural Solutions Limited","Large",2020,2022,-2,FALSE,0,4415007,0
"51607702338","Blake Street Hebrew Congregation Inc","Medium",2020,2020,0,FALSE,130526,670464,0.194680102138221
"51636189412","First Peoples' Assembly Of Victoria Ltd","Large",2020,2021,-1,FALSE,0,5085242,0
"51646764847","St John's Lutheran School Jindera Ltd","Large",2020,2021,-1,FALSE,765,3559005,0.000214947717128804
"51934682604","Pymble Turramurra Pre-School Inc","Medium",2020,2021,-1,FALSE,0,1021291,0
"52060813541","World Youth International (Aust) Ltd","Medium",2020,2022,-2,FALSE,415999,1073945,0.38735596329421
"52121486849","Flinders Christian Community College Limited","Large",2020,2022,-2,FALSE,33750,30306529,0.00111362142461118
"52146609961","Warwick Men's Shed Inc.","Small",2020,2022,-2,FALSE,3843,21319,0.180261738355458
"52159380065","Buddha Dharma Education Association Inc","Small",2020,2023,-3,FALSE,124912,124912,1
"52368663383","Nunyara Aboriginal Health Service. Inc","Large",2020,2023,-3,FALSE,0,3380404,0
"52601102970","AUSTRALASIAN BEGG SOCIETY OF ORTHODONTISTS LIMITED","Small",2020,2023,-3,FALSE,2273,7800,0.291410256410256
"52634235680","Murray Haven Homes Ltd","Large",2020,2022,-2,FALSE,67578,4485048,0.0150673972720024
"52672801654","Global Ripple Incorporated","Medium",2020,2023,-3,FALSE,635,170581,0.00372257168148856
"52948317781","KHALSA ASSIST","Small",2020,2021,-1,FALSE,27255,27505,0.990910743501182
"53009481485","Christian Schools Tasmania","Large",2020,2021,-1,FALSE,16208,18210962,0.000890013388639216
"53101360336","MAIDE Inc.","Small",2020,2020,0,FALSE,2160,2160,1
"53297468669","Christian Religious Instruction Alliance in Queensland","Small",2020,2022,-2,FALSE,445634,445634,1
"53487883254","In the Paws of Angels Inc","Small",2020,2023,-3,FALSE,6875,25563,0.268943394750225
"53620147775","The School of St  Jude Limited","Large",2020,2021,-1,FALSE,8334985,8839044,0.942973584021077
"53623275196","Hunter Anzac Memorial Limited","Medium",2020,2021,-1,FALSE,62630,142844,0.438450337431044
"54164074661","Branxton Greta Men's Shed Incorporated","Small",2020,2021,-1,FALSE,20378,20378,1
"54253257443","Working Womens Centre Inc","Large",2020,2020,0,FALSE,69432,915742,0.0758204821882146
"54263014967","Bayside Glen Eira Kingston Llen Inc","Medium",2020,2022,-2,FALSE,0,616425,0
"54280302765","Umina Beach Mens Shed Incorporated","Small",2020,2021,-1,FALSE,24492,34170,0.716769095697981
"54338990856","Inner Northern Local Learning And Employment Network Incoporated","Medium",2020,2020,0,FALSE,0,1077464,0
"54584217520","Miya Kaadadjiny (Learning Sanctuary) Community Centre Inc","Small",2020,2022,-2,FALSE,0,4929,0
"54623926009","Global Sustainable Development Vision Innovative Association Ltd","Small",2020,2022,-2,FALSE,2100,2100,1
"54637263917","Christian College Geelong","Large",2020,2023,-3,FALSE,0,47112002,0
"54776873363","Tingalpa & District Kindergarten Association Inc","Medium",2020,2021,-1,FALSE,200,353493,0.000565782066405841
"55000364474","The National Council Of Jewish Women Of Australia New South Wales Division","Small",2020,2023,-3,FALSE,0,185803,0
"55415242975","Buderim Men's Shed Inc","Small",2020,2020,0,FALSE,13058,147771,0.0883664589127772
"55612449604","Islamic Council Of New South Wales Inc","Medium",2020,2020,0,FALSE,138459,797019,0.173721078167522
"55859040211","Golden Paradise Beach Men's Shed Inc.","Small",2020,2022,-2,FALSE,1996,13944,0.143144004589788
"56254262824","Esperance Crisis Accomodation Service Inc","Medium",2020,2020,0,FALSE,23614,613659,0.0384806545654834
"56405057386","Australian Water Safety On the Mekong (AWSOM) Project Inc","Small",2020,2022,-2,FALSE,5512,21344,0.258245877061469
"56840304628","Carlingford Public School P&C Association","Small",2020,2021,-1,FALSE,44021,298715,0.147367892472758
"57098352150","Community Business Bureau Inc","Large",2020,2022,-2,FALSE,0,6304346,0
"57382768399","Caringbah North Public School P And C Association","Small",2020,2020,0,FALSE,1140,79936,0.0142614091273018
"57624185217","Offshore and Specialist Ships Australia Ltd","Small",2020,2020,0,FALSE,15441,40523,0.38104286454606
"57649413936","Rural Financial Counselling Service, NSW - Southern Region Limited","Large",2020,2022,-2,FALSE,4245,3720977,0.00114082941120034
"57657202934","Albany Surf Life Saving Club","Medium",2020,2021,-1,FALSE,45231,181808,0.248784431928188
"57794560132","Wattle Group Inc","Small",2020,2021,-1,FALSE,3571,28388,0.125792588417641
"57910165955","Claws n Paws Rescue Group Inc","Small",2020,2020,0,TRUE,2009,329668,0.0060940097310021
"58154234383","Sherwood Ridge Public School Parents and Citizens Association","Small",2020,2022,-2,FALSE,0,31525,0
"58160920528","Ferncourt Public School P&C Association","Small",2020,2020,0,FALSE,0,189008,0
"58608203592","Lower North Shore Community Transport Inc","Medium",2020,2020,0,FALSE,179,1897142,9.43524522676742e-05
"58636664983","Ruah Legal Services Limited","Large",2020,2020,0,FALSE,1470,1288053,0.00114125738614793
"59284895650","Anam Cara House Colac Inc","Medium",2020,2020,0,FALSE,354833,679235,0.522400936347509
"59475464712","Dangrove Trust","Large",2020,2020,0,FALSE,0,221287,0
"59622234799","Alliance for Journalists' Freedom Ltd","Small",2020,2021,-1,FALSE,154947,154947,1
"59793851790","Skillz4me Ltd.","Medium",2020,2021,-1,FALSE,33618,69356,0.484716534978949
"59802036898","THE WYNNUM-MANLY AND DISTRICTS MEN'S SHED INC.","Small",2020,2021,-1,FALSE,16708,246754,0.0677111617238221
"60088024355","Coast Christian School","Large",2020,2022,-2,FALSE,9669,1958918,0.00493588807698944
"60131554106","Catalpa International Ltd","Large",2020,2022,-2,FALSE,0,3942058,0
"60382871618","The Naracoorte District Mens Shed Incorporated","Small",2020,2021,-1,FALSE,8492,41628,0.203997309503219
"60623295483","A B Paterson College Foundation Ltd","Small",2020,2020,0,FALSE,39866,83077,0.479868074196228
"60630551889","REDFERN YOUTH CONNECT (AUSTRALIA) LIMITED","Medium",2020,2020,0,TRUE,23289,158509,0.146925411175391
"60751862177","Samford Area Men's Shed","Small",2020,2021,-1,FALSE,5159,52146,0.098933762896483
"61005641225","The School Of Total Education","Medium",2020,2022,-2,FALSE,10000,2857272,0.00349984180715032
"61147546405","Jabree Ltd","Small",2020,2021,-1,FALSE,0,919057,0
"61268362646","Returned and Services League of Australia A.C.T. Branch Incorporated","Small",2020,2020,0,FALSE,13987,105936,0.132032547953481
"61330557713","Strength Potential Incorporated","Medium",2020,2022,-2,FALSE,209,73701,0.00283578241814901
"61639182844","NGUTU COLLEGE LTD","Large",2020,2021,-1,FALSE,52572,52573,0.999980978829437
"61831960079","Auscharity Inc.","Small",2020,2020,0,FALSE,1565,2460,0.636178861788618
"62005274742","Sail & Adventure Limited","Small",2020,2020,0,FALSE,360650,424331,0.849926118996727
"62130436752","Yatra Foundation Australia","Small",2020,2022,-2,FALSE,137929,138164,0.998299122781622
"62137118647","Rockhampton Men's Shed Inc","Small",2020,2021,-1,FALSE,757,71493,0.0105884492188046
"62198192130","Kuranda Information And Support Centre Association Inc","Small",2020,2021,-1,FALSE,4652,384233,0.0121072370150404
"62238200670","Future Connect Incorporated","Medium",2020,2022,-2,FALSE,0,730523,0
"62404700128","Newcastle Mens Shed","Small",2020,2021,-1,FALSE,22930,58485,0.392066341797042
"62616284505","Gamal Ministries Ltd","Small",2020,2022,-2,FALSE,1126,2325,0.484301075268817
"62626387273","'TIL THE COWS COME HOME LTD","Medium",2020,2023,-3,FALSE,110614,138888,0.796425897125742
"62801175580","Coolum Men's Shed Inc","Small",2020,2021,-1,FALSE,13702,76265,0.179663017111388
"63105164152","Cessnock Family Support Service Inc","Small",2020,2021,-1,FALSE,14638,304289,0.0481055838364187
"63167495105","LIGHT HOUSE YOUTH PROJECTS INCORPORATED","Medium",2020,2020,0,FALSE,71955,634050,0.113484740951029
"63175468453","Rural Australians for Refugees  (Bendigo) Inc","Small",2020,2023,-3,FALSE,1230,1230,1
"63638021939","The Uniform Project - Turkana Inc","Small",2020,2020,0,FALSE,31380,31380,1
"63744700911","Alpha-1 Association Of Australia","Small",2020,2021,-1,FALSE,5632,21540,0.261467038068709
"63773789161","West cumberland mens shed incorporated","Small",2020,2021,-1,FALSE,591,18939,0.0312054490733407
"64008498637","United World Colleges (Australia) Trust Limited","Small",2020,2021,-1,FALSE,30803,31090,0.990768735927951
"64214940427","Brain Injury Matters Incorporated","Small",2020,2020,0,FALSE,1169,260190,0.00449287059456551
"64282712328","Kempsey Neighbourhood Centre Inc","Medium",2020,2023,-3,FALSE,12223,1678955,0.00728012364834078
"64612999229","Proud 2 Play inc.","Small",2020,2022,-2,FALSE,8688,209005,0.0415683835314945
"64618388159","AbilityLiving-MyWay","Medium",2020,2020,0,FALSE,0,3472786,0
"64704364097","Turbans 4 Australia Inc","Medium",2020,2023,-3,FALSE,186059,217844,0.854092837076073
"64924935699","Mittagong Pre School Kindergarten Inc","Medium",2020,2020,0,FALSE,3203,1110099,0.00288532824549882
"64955915635","Rita K Franke Foundation","Small",2020,2021,-1,FALSE,1057,1057,1
"65064790343","St. John's Greek Orthodox College","Large",2020,2022,-2,FALSE,171789,5808531,0.0295752919283723
"65129595651","Construction Charitable Works Limited","Medium",2020,2021,-1,FALSE,220282,359712,0.612384351925985
"65601662382","Hejaz Foundation Limited","Small",2020,2023,-3,FALSE,10000,10000,1
"65619212663","Dr Steve Burroughs Foundation Limited","Small",2020,2022,-2,FALSE,16736,16822,0.99488764712876
"65625405923","Better Renting Limited","Small",2020,2022,-2,FALSE,3398,94811,0.0358397232388647
"65628376652","ANUBIS RETIREMENT LIMITED","Small",2020,2022,-2,FALSE,13917,13917,1
"65663312659","South East Local Learning And Employment Network Inc","Large",2020,2020,0,FALSE,909,1777948,0.000511263546515421
"65945589522","All Souls And St Gabriels Foundation Incorporated","Small",2020,2023,-3,FALSE,10560,116671,0.0905109238799702
"66127417263","Normanville Surf Life Saving Club Inc","Small",2020,2021,-1,FALSE,35492,131620,0.269655067618903
"66165269670","Amitofo Care Centre Australia","Small",2020,2020,0,FALSE,200170,200318,0.999261174732176
"66622976818","AIR FORCE ASSOCIATION LTD.","Small",2020,2023,-3,FALSE,101,143807,0.000702330206457266
"66626788252","Neighbourhood Watch Australasia Limited","Small",2020,2020,0,FALSE,0,298370,0
"66631479377","ALTIOREM LTD","Small",2020,2020,0,FALSE,15710,32006,0.490845466475036
"66816964232","Blind Bats Inc.","Small",2020,2022,-2,FALSE,0,2072,0
"67113817637","Bupa Foundation (Australia) Limited","Large",2020,2022,-2,FALSE,1825000,1851358,0.985762883245704
"67230048463","RIVER ANGELS INC","Small",2020,2022,-2,FALSE,37397,37397,1
"67614173278","Biocurate Pty Ltd","Large",2020,2022,-2,FALSE,0,3193683,0
"67616832967","Fitra Community School","Medium",2020,2020,0,FALSE,5112,568238,0.00899623045273283
"67628158323","Wilkins Family Foundation Ltd","Small",2020,2021,-1,FALSE,5150,5150,1
"67638503918","Statewide Wildlife Rescue Emergency Service Incorporated","Small",2020,2021,-1,FALSE,3987,5632,0.707919034090909
"67786892560","Carey Baptist College Ltd","Large",2020,2020,0,FALSE,4076,31622184,0.000128896852918192
"67845485864","Central Grampians Local Learning And Employment Network Incorporated","Medium",2020,2023,-3,FALSE,0,745193,0
"68320267277","Project Didi Australia","Small",2020,2023,-3,FALSE,17430,29731,0.58625676902896
"68406449242","Ebenezer Mission Limited","Medium",2020,2020,0,FALSE,9640,1080077,0.00892528958583508
"68581296689","Royal Humane Society Of New South Wales","Small",2020,2021,-1,FALSE,500,13400,0.0373134328358209
"68629894686","DIOCESE OF BALLARAT CATHOLIC EDUCATION LIMITED","Large",2020,2023,-3,FALSE,0,18817543,0
"68779819072","Ulladulla Men's Shed Incorporated","Small",2020,2023,-3,FALSE,2219,17799,0.124669925276701
"69154531870","Mercy Education Limited","Large",2020,2023,-3,FALSE,905000,260537000,0.00347359492125878
"69322510070","Falls Creek Historical Society Inc","Small",2020,2020,0,FALSE,22987,27135,0.847134696885941
"69355650377","Maitland Family Support  Inc","Small",2020,2020,0,FALSE,0,372686,0
"69609700414","Titus Foundation Limited","Small",2020,2021,-1,FALSE,172183,172183,1
"69859050512","Fraser Coast Hospice Association Incorporated","Medium",2020,2021,-1,TRUE,2126,75941,0.0279954174951607
"69985287203","Youth With A Mission Toowoomba Inc.","Medium",2020,2020,0,FALSE,4217,533511,0.00790424189941726
"70141687774","RURAL HEALTH MANAGEMENT SERVICES PTY LTD","Large",2020,2021,-1,FALSE,0,3262144,0
"70206791848","One In Five Association Inc.","Small",2020,2020,0,FALSE,222568,222568,1
"70246229631","Tullamarine Community House and Men's Shed Incorporated","Small",2020,2021,-1,FALSE,1274,275536,0.00462371523140352
"70517042298","Mphatso Children's Foundation Incorporated","Small",2020,2023,-3,FALSE,85883,95664,0.897756731894966
"70828113699","Emergency & Long Term Accommodation Moranbah Inc","Medium",2020,2020,0,FALSE,23218,291882,0.0795458438684126
"70957910935","Merewether Surf Lifesaving Club Inc","Small",2020,2021,-1,FALSE,19207,140218,0.136979560398808
"71005239510","Diabetes Victoria","Large",2020,2022,-2,FALSE,2149053,24615475,0.087304957552109
"71127608677","4EK Incorporated","Small",2020,2020,0,TRUE,17630,20018,0.880707363372964
"71160962096","Overseas Services to Survivors of Torture and Trauma (OSSTT) Ltd","Small",2020,2023,-3,FALSE,0,2204727,0
"71166864151","IndianCare Incorporated","Small",2020,2022,-2,FALSE,3700,194569,0.0190163900724165
"71219354299","Sudanese-Australian Lost Boys and Girls of South Sudan (SALBAGOSS) Inc","Small",2020,2021,-1,FALSE,4451,13311,0.334385095034182
"71301043868","Joseph's Corner","Small",2020,2021,-1,FALSE,89033,107033,0.831827567198901
"71553906532","Cardiff District Men's Shed Inc","Small",2020,2021,-1,FALSE,11659,53190,0.219195337469449
"71596707634","Copacabana Community Men's Shed Incorporated","Small",2020,2021,-1,FALSE,0,2448,0
"71609848479","Derby Home And Community Care Inc","Medium",2020,2021,-1,FALSE,0,711635,0
"71613288350","Ready 2 Change Ltd","Small",2020,2022,-2,FALSE,20227,105173,0.192321223127609
"71613909247","Innovation Youth Centre","Small",2020,2020,0,FALSE,0,1121,0
"71624984836","The Man Cave Global Ltd","Large",2020,2021,-1,FALSE,1047815,1587978,0.659842264817271
"71644940277","Kura Yerlo Council Inc","Large",2020,2023,-3,FALSE,50155,1940555,0.0258456987820495
"71766845056","Walara Incorporated","Large",2020,2022,-2,FALSE,8516,3823689,0.00222716857987143
"72030561388","The Mudgeeraba Foundation","Small",2020,2023,-3,FALSE,1627,56937,0.0285754430335283
"72110488554","Australian International Academy of Education Limited","Large",2020,2020,0,FALSE,1175,15757299,7.45686173753509e-05
"72163263467","Allcare Community Support Incorporated","Large",2020,2023,-3,FALSE,0,4969972,0
"72410266331","CONDOBOLIN LOCAL ABORIGINAL LAND COUNCIL","Medium",2020,2020,0,FALSE,0,406963,0
"72695915472","Yarraman & District Men's Shed Inc.","Small",2020,2021,-1,FALSE,6392,54977,0.116266802481038
"72751215829","Lucas Heights Community School P&C","Small",2020,2020,0,FALSE,4768,5581,0.85432718150869
"72839635089","Balaklava Museum Incorporated","Small",2020,2020,0,FALSE,6337,18743,0.338099557168009
"72927261737","Regained Incorporated","Small",2020,2020,0,FALSE,9264,12379,0.748364165118346
"72966316271","Indian Support Center Incorporated","Small",2020,2022,-2,FALSE,1411,26671,0.0529039031157437
"73094529156","Victorian Doctors' Health Program Limited","Medium",2020,2022,-2,FALSE,0,1079580,0
"73195185842","Nungera Co-Operative Society Ltd","Medium",2020,2020,0,FALSE,49202,613043,0.0802586441734103
"73294378005","The Glorious Gospel Church","Medium",2020,2020,0,FALSE,771507,940195,0.820581900563181
"73412202025","Fresh Start Missions Incorporated","Small",2020,2022,-2,FALSE,7261,7261,1
"73629038884","ST PHILIP'S COLLEGE ALICE SPRINGS","Large",2020,2023,-3,FALSE,305530,18244631,0.016746296485799
"73978612885","Jindera Pioneer Museum & Historical Society Inc","Small",2020,2020,0,FALSE,34600,82734,0.418207750139
"74068758654","Medecins Sans Frontieres Australia Limited","Large",2020,2020,0,FALSE,97067230,104218096,0.931385562829703
"74442021693","Men And Women Of Destiny Ministries Inc","Small",2020,2022,-2,FALSE,20634,20637,0.999854630033435
"74621137797","Mount Beauty And District Men's Shed Incorporated","Small",2020,2021,-1,FALSE,6584,92258,0.0713650848706887
"74780103484","THURGOONA MENS SHED Inc","Small",2020,2021,-1,FALSE,7715,82192,0.0938655830251119
"75090720086","Universal Education And Training Ltd","Medium",2020,2020,0,FALSE,57511,606049,0.0948949672386226
"75092415800","Foundation Broken Hill Limited","Small",2020,2020,0,FALSE,166250,386304,0.430360545062956
"75119689865","Caboolture Community Care Inc","Medium",2020,2022,-2,FALSE,3197,463994,0.006890175303991
"75260386455","Climate And Health Alliance Incorporated","Medium",2020,2023,-3,FALSE,45545,372105,0.122398247806399
"75310837311","Our Town Association Inc.","Small",2020,2020,0,FALSE,1122,4765,0.235466946484785
"75582747598","Regency Community Men's Shed","Small",2020,2021,-1,FALSE,299,23589,0.012675399550638
"75629555684","PATHLY INCORPORATED","Small",2020,2021,-1,FALSE,17393,39610,0.439106286291341
"75812792400","Cornerstone Contact Centre Inc","Small",2020,2021,-1,FALSE,48840,136802,0.357012324381222
"75944270255","Central Community Centre Inc.","Medium",2020,2022,-2,FALSE,84181,599668,0.140379343236591
"75967571784","Epilepsy Foundation","Large",2020,2022,-2,FALSE,2660694,6520780,0.408033088066152
"76116997392","The Well Being Initiative","Medium",2020,2020,0,FALSE,626672,739689,0.847210111276496
"76245905172","Eltham Men's Shed Incorporated","Small",2020,2021,-1,FALSE,46718,171055,0.273116833766917
"76513607164","CAIRNS CHILDREN'S MUSEUM INC","Small",2020,2021,-1,TRUE,0,1452,0
"76579045428","Pimpama Mens Shed Inc.","Small",2020,2021,-1,FALSE,1050,70084,0.0149820215741111
"77231050273","Giac Hoang Pagoda Inc","Small",2020,2022,-2,FALSE,91482,113482,0.806136656033556
"77597187569","Digital Literacy Foundation","Medium",2020,2020,0,FALSE,1126,941964,0.00119537477016107
"77608175090","Indooroopilly Men's Shed Inc","Small",2020,2023,-3,FALSE,1000,41960,0.0238322211630124
"77630675464","ETZ CHAIM LTD","Medium",2020,2021,-1,FALSE,30000,1467742,0.0204395595411183
"77638165432","Bowen Residents Action Group Inc","Small",2020,2023,-3,FALSE,23000,119051,0.193194513275823
"78124451540","Meaningful Ageing Australia Ltd","Medium",2020,2021,-1,FALSE,20,678096,2.94943488827541e-05
"78197934972","Ohr Yisrael Incorporated","Medium",2020,2021,-1,FALSE,70174,202603,0.346362097303594
"78608509824","10x10 Philanthropy Limited","Medium",2020,2022,-2,FALSE,181155,247451,0.732084331847517
"78613686534","Mind With Heart Australia Limited","Small",2020,2020,0,FALSE,9000,15810,0.569259962049336
"78903242780","Victorian Lions Foundation Inc","Small",2020,2021,-1,FALSE,37405,248388,0.150591010837883
"79001477970","Ascham Foundation Ltd","Large",2020,2022,-2,FALSE,0,574666,0
"79036396525","The Islamic Society Of Victoria Incorporated","Large",2020,2023,-3,FALSE,1049805,4480810,0.234289112905925
"79117529932","Kilvington Grammar School Ltd","Large",2020,2023,-3,FALSE,64283,22192459,0.00289661456623622
"79130823193","Indochina Starfish Foundation (Australia) Ltd","Small",2020,2020,0,FALSE,205002,205002,1
"79160595251","The Cancer Foundation Inc.","Small",2020,2021,-1,FALSE,214464,1346245,0.159305327039283
"79420690128","Lutheran Church Queensland Australian Disaster Relief Fund","Small",2020,2022,-2,FALSE,5770,6258,0.922019814637264
"79598692618","Sailability Victoria Inc","Small",2020,2022,-2,FALSE,13287,13287,1
"79677574489","Tea Lake and the Rare Disease Association Inc","Small",2020,2020,0,FALSE,5470,8127,0.673065091669743
"79902601713","Returned & Services League Of Australia (Queensland Branch)","Large",2020,2023,-3,FALSE,770100,175975682,0.0043761728396086
"80163795597","SAVE OUR STREETS LIMITED","Small",2020,2023,-3,FALSE,8100,15300,0.529411764705882
"80172769393","Looma Community Inc","Large",2020,2022,-2,FALSE,2000,1140368,0.00175381981956702
"80312028341","DENMARK MEN'S SHED INC.","Small",2020,2021,-1,FALSE,21510,224047,0.0960066414636215
"80615770786","Havenport MSL Inc.","Medium",2020,2021,-1,FALSE,0,249799,0
"80794580107","K9 Refuge Association Inc","Small",2020,2021,-1,FALSE,5830,26368,0.221101334951456
"81224066028","Shekinah House Inc","Small",2020,2020,0,FALSE,11810,85498,0.138131886125991
"81617686781","Herd of Hope Limited","Small",2020,2021,-1,FALSE,42418,46818,0.906019052501175
"81998188477","Yaadein Vision Australia Inc","Small",2020,2021,-1,FALSE,1134,15813,0.0717131474103586
"82153254056","Thirroul Surf Life Saving Club Inc","Small",2020,2021,-1,FALSE,18572,109136,0.170172995162
"82186380740","Under the Southern Cross Outreach Ministries Incorporated","Small",2020,2020,0,FALSE,14845,14845,1
"82259471365","Goulburn Murray Local Learning and Employment Network Inc.","Medium",2020,2022,-2,FALSE,0,483971,0
"82305662371","Clergy Retirement Foundation of the Roman Catholic Archdiocese of Canberra & Goulburn","Medium",2020,2022,-2,FALSE,170556,227258,0.750495032078079
"82411998933","No Meat May Incorporated","Small",2020,2022,-2,FALSE,0,67778,0
"82424729061","Bodhgaya Development Association Inc.","Small",2020,2021,-1,FALSE,28373,33812,0.839139950313498
"82549537349","BEING - Mental Health Consumers Limited","Medium",2020,2022,-2,FALSE,0,2792228,0
"82618896558","Destiny Family & Community Services Ltd","Small",2020,2022,-2,FALSE,8909,8910,0.999887766554433
"82657867969","Drop A Dollar","Small",2020,2020,0,FALSE,4338,4338,1
"83000250304","Wenona School Ltd","Large",2020,2020,0,FALSE,648759,46126584,0.0140647527681651
"83160564429","Save Our Supplies Ltd","Medium",2020,2021,-1,FALSE,57993,57993,1
"83476538863","Samunnat Incorporated","Small",2020,2022,-2,FALSE,5803,41750,0.138994011976048
"83964176052","Healthy Cities Illawarra Incorporated","Medium",2020,2021,-1,FALSE,100,657170,0.000152167627858849
"84003061078","Yaraandoo Life Centre","Small",2020,2021,-1,FALSE,0,10000,0
"84107210015","KYEEMA Foundation Ltd","Medium",2020,2022,-2,FALSE,67165,840118,0.0799471026689108
"84405168482","Bayt Zakat Charity Inc","Medium",2020,2023,-3,FALSE,1256633,1256633,1
"84581402947","Alcohol and Other Drug Consumer & Community Coalition (AODCCC) Incorporated","Small",2020,2022,-2,FALSE,0,88767,0
"84604376491","Wangi Mens Shed Incorporated","Small",2020,2021,-1,FALSE,30000,86766,0.345757554802572
"84623588389","Gippsland East Local Learning & Employment Network","Medium",2020,2022,-2,FALSE,2823,1015811,0.00277906027794541
"84807299090","Australian Association for Adolescent Health Limited","Small",2020,2021,-1,FALSE,0,217860,0
"84814621404","Every Mum Incorporated","Small",2020,2020,0,FALSE,101300,125804,0.805220819687768
"84993931261","Sunshine Valley Mens Shed","Small",2020,2020,0,FALSE,16024,168414,0.0951464842590283
"85001797137","Council Of Social Service Of New South Wales","Large",2020,2021,-1,FALSE,0,2406185,0
"85168357033","Yarra Foundation for Disadvantaged Children Inc","Small",2020,2023,-3,FALSE,131322,144343,0.909791261093368
"85262446848","Teens Take Control Inc.","Small",2020,2022,-2,FALSE,7317,115907,0.0631281976067019
"86000153560","Katoomba Christian Convention Ltd","Large",2020,2021,-1,FALSE,956576,3267829,0.292725231338604
"86366363924","Gladstone Men's Shed Association Inc","Small",2020,2021,-1,FALSE,20143,88970,0.226402158030797
"86512795097","Hearts4Heros Incorporated","Small",2020,2021,-1,FALSE,6604,1119501,0.00589905681191888
"86568917131","Charlies Gift Fund Incorporated","Small",2020,2022,-2,FALSE,7285,7285,1
"86632754780","LOAVES AND FISHES CARE SERVICE TOOWOOMBA LIMITED","Medium",2020,2020,0,FALSE,400,560482,0.00071367144707591
"86633799124","Ohana Education Ltd","Large",2020,2023,-3,FALSE,2751,12075524,0.00022781620077108
"87040729116","Friends of Myall Creek Memorial Inc","Small",2020,2020,0,FALSE,11690,958377,0.0121977050784816
"87126525380","Australian Books For Children Of Africa Ltd","Small",2020,2022,-2,FALSE,3000,3000,1
"87168259096","Positive Education Schools Association Limited","Small",2020,2022,-2,FALSE,11860,174306,0.0680412607712873
"87267901425","Australian Centre for Heart Health","Small",2020,2022,-2,FALSE,866969,1280276,0.677173515710675
"87607507004","Ability Beyond Boundaries Limited","Small",2020,2023,-3,FALSE,3550,3550,1
"88004261527","Mentone Girls Grammar School","Large",2020,2021,-1,FALSE,0,26005804,0
"88030734363","Tikkun Olam Gift Fund","Small",2020,2021,-1,FALSE,56402,56402,1
"88567811835","Youth and Families Association of Pine Rivers Inc","Small",2020,2022,-2,FALSE,9059,116522,0.0777449751978167
"88608849658","Oak Flats Public School P&C Inc","Small",2020,2022,-2,FALSE,14007,155197,0.0902530332416219
"88618869855","Christmas Presents for Kids in Care Ltd","Small",2020,2020,0,FALSE,7246,19786,0.366218538360457
"88635516068","Collective Hope Community Services Ltd","Large",2020,2020,0,TRUE,9499,1661032,0.00571873389555409
"88965371802","Irwin Districts Historical Society Incorporated","Small",2020,2022,-2,FALSE,9633,30669,0.31409566663406
"89002643594","Carinya Christian Education Ltd","Large",2020,2022,-2,FALSE,780,18191869,4.28762981967383e-05
"89123037070","Access Community Housing Company Ltd","Large",2020,2023,-3,FALSE,0,8259340,0
"89286191509","WILLOUGHBY COMMUNITY MEN'S SHED INC","Small",2020,2021,-1,FALSE,150,19863,0.00755172934602024
"89613555347","Virtual War Memorial Limited","Small",2020,2022,-2,FALSE,89360,374552,0.23857835494137
"89633129807","HUMANITAS HIGH SCHOOL LTD","Medium",2020,2021,-1,FALSE,1934,5086,0.380259535981125
"89818726922","North Balwyn Community Men's Shed Incorporated","Small",2020,2021,-1,FALSE,1200,34274,0.0350119624204937
"89866800390","Australian War Widows W.A. Inc.","Small",2020,2021,-1,FALSE,4329,249156,0.0173746568414969
"89880631615","Human and Hope Association Incorporated","Small",2020,2020,0,FALSE,82416,140516,0.586523954567451
"90136588234","Returned & Services League Of Australia (Queensland Branch) Yeronga Dutton Park Sub-Branch Inc","Small",2020,2022,-2,FALSE,13343,102438,0.130254397782073
"90263052314","Social Help Endeavour For Bangladesh Inc","Small",2020,2021,-1,FALSE,10323,21226,0.486337510600207
"90412765337","Springfield Camira Men's Shed Inc","Small",2020,2021,-1,FALSE,4050,43528,0.0930435581694541
"90528422430","The Australian Centre For Social Innovation Inc","Large",2020,2021,-1,FALSE,0,7648224,0
"90546015020","The Corporation of the Synod of the Diocese of Brisbane Trading as St Paul's School Bald Hills","Large",2020,2022,-2,FALSE,73612,30365283,0.00242421583885782
"90625624357","Slav Fest Association Inc","Small",2020,2020,0,FALSE,1793,37584,0.0477064708386547
"90657853804","Eastern Goldfields Historical Society (Inc.)","Small",2020,2020,0,FALSE,53279,178433,0.298593869967999
"91058556764","Central Queensland Christian College Limited","Large",2020,2020,0,FALSE,20010,4072593,0.00491333162925929
"91068371022","Youthsafe","Small",2020,2021,-1,FALSE,0,413122,0
"91153969337","Heatherdale Preschool Inc","Small",2020,2020,0,FALSE,9573,580491,0.016491211750053
"91320077835","FNQ Foster Farms.Inc","Small",2020,2020,0,FALSE,17641,44731,0.394379736647962
"91416186495","Tweed Heads Community Men's Shed Inc","Small",2020,2021,-1,FALSE,1788,57779,0.030945499229824
"91868380784","Dig In: Inc","Small",2020,2021,-1,FALSE,27709,61604,0.449792221284332
"91899241298","K9 SAR Inc.","Small",2020,2021,-1,FALSE,35620,42825,0.831757151196731
"92115819913","Ardross Primary School P&C Assn","Small",2020,2023,-3,FALSE,51280,81206,0.631480432480359
"92149068642","RUTHERGLEN HISTORICAL SOCIETY INC","Small",2020,2021,-1,FALSE,96,1296,0.0740740740740741
"92606609616","Ohana College Ltd","Large",2020,2023,-3,FALSE,0,2847649,0
"92631417475","INDUS HEALTH AUSTRALIA LIMITED","Medium",2020,2023,-3,FALSE,522431,522483,0.999900475230773
"92660893570","Priests Welfare Foundation Of The Diocese Of Sale","Small",2020,2023,-3,FALSE,15489,522304,0.0296551433647837
"93061557364","Csv Limited","Large",2020,2020,0,FALSE,21376,37998458,0.000562549143441558
"93093281641","Leaders Institute Of South Australia Inc","Medium",2020,2022,-2,FALSE,0,1034891,0
"93202389056","Seymour College Inc","Large",2020,2020,0,FALSE,72701,29897135,0.00243170457637496
"93249530317","OM Therapy","Small",2020,2021,-1,FALSE,0,2830,0
"93799121312","Bridge Builders Incorporated","Small",2020,2020,0,FALSE,14581,85409,0.170719713379152
"93970982732","Woodcroft College Inc","Large",2020,2023,-3,FALSE,64500,27439902,0.0023505914853486
"94050110346","Neuroscience Research Australia","Large",2020,2023,-3,FALSE,6720564,36861037,0.182321620523047
"94609182072","The Archbishop Of Sydneys Overseas Ministry Fund","Large",2020,2021,-1,FALSE,258785,264936,0.976783072138177
"94743010990","YOWIE BAY P&C ASSOCIATION","Small",2020,2023,-3,FALSE,50955,50955,1
"94828298590","Kilkivan Veteran's and Community ""Men's Shed"" Association Inc.","Small",2020,2021,-1,FALSE,1386,66498,0.020842732112244
"94880354126","EV Church Limited","Large",2020,2020,0,FALSE,3484056,5035178,0.691942966067932
"95017450530","Northern Suburbs Community Centre Inc","Medium",2020,2022,-2,FALSE,142374,1327937,0.107214423575817
"95166529782","Yarranlea Limited","Medium",2020,2022,-2,FALSE,4502,998278,0.00450976581673642
"95229959403","Granville Mens Shed Inc.","Small",2020,2021,-1,FALSE,0,19968,0
"95609027410","Vocational Bible College Limited","Small",2020,2022,-2,FALSE,150343,228455,0.658085837473463
"95738551437","Elizabeth Morgan House Aboriginal Women's Services Inc","Large",2020,2020,0,FALSE,70228,3314002,0.0211912968067008
"95751520504","NICHOLSON STREET PUBLIC SCHOOL PARENTS AND CITIZENS ASSOCIATION","Small",2020,2021,-1,FALSE,0,96857,0
"95946679015","Adelaide Holocaust Museum and Steiner Education Centre Incorporated","Medium",2020,2021,-1,FALSE,405000,450520,0.89896120039066
"96000538803","Australian Railway Historical Society New South Wales Division","Medium",2020,2020,0,FALSE,20379,1114062,0.0182925187287602
"96147368664","Lower Lachlan Community Services Inc","Small",2020,2020,0,FALSE,237500,555512,0.42753351862786
"96161067492","Pollinate Group Ltd","Medium",2020,2020,0,FALSE,822348,1829986,0.44937392963662
"96261040501","Wollongong Meals On Wheels Assn Inc","Medium",2020,2022,-2,FALSE,1000,532776,0.0018769614246888
"96313965015","Australian Sikh Support Inc","Small",2020,2020,0,FALSE,89122,89122,1
"96362741881","Bloss - Riverina Pregnancy & Baby Loss Support Inc","Small",2020,2021,-1,TRUE,3000,38545,0.0778311064988974
"96435996391","Waverley Community Men's Shed Inc","Small",2020,2021,-1,FALSE,0,26826,0
"96621534683","Armadillo&Co Foundation Limited","Small",2020,2023,-3,FALSE,59085,59147,0.998951764248398
"96624570510","YOUNG LEADERS OF TASMANIA LTD.","Medium",2020,2022,-2,FALSE,2350,123094,0.019091101109721
"96655027320","Alpine Valleys Community Leadership Fund Ltd.","Medium",2020,2022,-2,FALSE,0,398920,0
"96956782786","The Mustard Seed Family Project Incorporated","Small",2020,2023,-3,FALSE,31294,31294,1
"97478220756","Tullawon Health Service Incorporated","Large",2020,2023,-3,FALSE,0,6553529,0
"97518065568","The Judith Neilson Institute for Journalism and Ideas","Medium",2020,2021,-1,FALSE,15655500,15951405,0.981449596446206
"97558392056","Latin Stories Australia Inc","Small",2020,2021,-1,FALSE,2092,82093,0.0254832933380434
"98004700560","Computerbank Victoria Inc","Small",2020,2022,-2,FALSE,90,183129,0.000491456841898334
"98634977549","Westside Housing Company Limited","Large",2020,2020,0,FALSE,0,9316802,0
"98635385714","A Liquid Future Ltd","Small",2020,2023,-3,FALSE,59091,59091,1
"98647010375","Psychedelic Research In Science & Medicine Ltd","Small",2020,2021,-1,FALSE,80743,80833,0.998886593346777
"98965716598","Invisible Illnesses Inc","Small",2020,2021,-1,FALSE,0,11308,0
"99000020762","Meriden School","Large",2020,2021,-1,FALSE,0,44204214,0
"99052134639","Restoration Enterprises Limited","Small",2020,2020,0,FALSE,0,177666,0
"99609928234","Ark Rising Ltd","Small",2020,2021,-1,FALSE,2119,2126,0.996707431796802
"99618617093","Sudd Foundation Ltd","Small",2020,2022,-2,FALSE,28605,237673,0.120354436557792
"99625904663","Capital Region Heritage Rail Limited","Small",2020,2020,0,FALSE,189024,315765,0.598622393235476
"99629608868","Rufus S.A. Limited","Small",2020,2020,0,FALSE,20885,23085,0.904700021659086
"99659766292","One Dollar Project Inc","Small",2020,2023,-3,FALSE,54601,54601,1
"99722497212","Fingal Valley Neighbourhood House","Medium",2020,2023,-3,FALSE,2957,436020,0.00678179900004587
"99821785872","Amani Orphans and Widows Welfare Service Inc.","Small",2020,2020,0,FALSE,5990,5990,1
"11260987026","HIGHFIELDS PIONEER VILLAGE MUSEUM AND PARK INC","Small",2021,2020,1,TRUE,41189,159799,0.257755054787577
"11363125088","EDUCATION WITHOUT BORDERS (AUSTRALIA) INCORPORATED","Small",2021,2021,0,FALSE,112694,175364,0.642629045870304
"11636474363","BEYOND THE BADGE LIMITED","Small",2021,2023,-2,FALSE,99500,137822,0.721945698074328
"12155976319","ACF - Australian Care Foundation Limited","Small",2021,2022,-1,FALSE,0,167200,0
"12451824370","Chairo Parent Governed Christian Education Limited","Large",2021,2021,0,FALSE,8048,33472808,0.000240433966579679
"12454623050","Sydney Eye Hospital Foundation Trust","Medium",2021,2023,-2,FALSE,895271,1378985,0.649224610855085
"12608879741","A Chance For Change Ltd","Small",2021,2020,1,FALSE,17888,21188,0.844251463092316
"12738414077","Bauple Community Shed Inc.","Small",2021,2021,0,TRUE,1590,6943,0.229007633587786
"12807568469","The Humble Mission of Melbourne Incorporated","Small",2021,2022,-1,FALSE,2150,2150,1
"13127908187","Australian Indigenous Education Foundation","Large",2021,2020,1,FALSE,6159869,31806386,0.19366768044631
"13198748098","Northern Beaches Secondary College Balgowlah Boys Campus Parents & Citizens' Association","Medium",2021,2020,1,FALSE,51433,168533,0.305180587778061
"13382113021","Peel Volunteer Resource Center Inc","Small",2021,2022,-1,FALSE,0,251923,0
"13607436671","AUSTRALIAN CARDIOVASCULAR ALLIANCE LTD","Medium",2021,2022,-1,FALSE,0,426707,0
"13643209063","HIGHWAY FOUNDATION LIMITED","Small",2021,2023,-2,FALSE,401000,430639,0.93117437110898
"13746772326","Whyalla Men's Shed Inc.","Small",2021,2022,-1,FALSE,1296,41786,0.0310151725458287
"13750980152","Tailem Bend Community Centre Inc","Medium",2021,2023,-2,FALSE,2480,857768,0.00289122466680967
"13805775145","Vincent Community Shed Inc","Small",2021,2021,0,FALSE,5463,34206,0.159708823013506
"13986701465","Worn Gundidj Aboriginal Co-Op Ltd","Medium",2021,2021,0,FALSE,0,3209269,0
"14136043783","Fremantle Men's Community Shed Inc","Small",2021,2021,0,FALSE,3473,142207,0.0244221451827266
"14518578865","Hunter Bible Church Association Inc","Large",2021,2022,-1,FALSE,3125336,3559651,0.877989443347115
"14637350953","Community Compassion Ministries","Small",2021,2023,-2,FALSE,1783,420427,0.00424092648664334
"14692922067","Brunswick Junction Community Men's Shed Incorporated","Small",2021,2021,0,FALSE,6976,19609,0.355755010454383
"14886457301","Irish Support Victoria Inc","Small",2021,2023,-2,FALSE,37135,315181,0.117821188459964
"14959633656","Maitland Cancer Appeal Committee Inc","Small",2021,2022,-1,FALSE,1115,193637,0.00575819703878907
"15096096154","Children of Cambodia Foundation Inc","Small",2021,2020,1,FALSE,18931,18937,0.999683159951418
"15490012190","Mornington Mens Shed Incorporated","Small",2021,2021,0,FALSE,655,94939,0.00689916683344042
"15600973210","New Era Disability Services Incorporated","Large",2021,2021,0,FALSE,0,1832299,0
"15606937763","BK 2 Basics Melbourne Incorporated","Small",2021,2020,1,FALSE,227958,227990,0.999859642966797
"15641516172","Bunbury Geographe Motor Museum Ltd","Small",2021,2022,-1,FALSE,8725,181747,0.0480062944642828
"15894216603","Helena River Steiner School Community Association Inc","Medium",2021,2020,1,FALSE,1311,1834044,0.000714813821260559
"15921239978","InLife Turning Point Foundation","Small",2021,2020,1,FALSE,39384,39547,0.995878321996612
"16068548631","Wesnet (Women's Services Network) Incorporated","Large",2021,2020,1,FALSE,67536,1617242,0.041759983972714
"16095377370","Australian Society Of Anaesthetists Limited","Large",2021,2020,1,FALSE,0,6917679,0
"16145204039","Doctors' Health Sa Limited","Medium",2021,2022,-1,FALSE,0,615040,0
"16164251972","Gloucester Men's Shed Incorporated","Small",2021,2021,0,FALSE,2536,41241,0.0614922043597391
"16210202386","Lachy's Reach Incorporated","Small",2021,2022,-1,TRUE,5766,9147,0.630370613315841
"16308384841","DHUBU-GU LOCAL ABORIGINAL LAND COUNCIL","Medium",2021,2021,0,FALSE,0,1267075,0
"16337158552","Waikerie Lutheran Primary School Incorporated","Medium",2021,2020,1,FALSE,4196,1977312,0.00212207279377256
"16530482569","Kyogle Together Incorporated","Medium",2021,2022,-1,FALSE,377,551127,0.000684052858959913
"16624152638","Mission2Myanmar","Small",2021,2020,1,FALSE,109253,111393,0.980788738969235
"16635283680","SUPPORTED AFFORDABLE ACCOMMODATION TAS LIMITED","Small",2021,2023,-2,FALSE,0,1723935,0
"16674035894","Retirement Village Residents Association (Inc)","Small",2021,2020,1,FALSE,7677,119896,0.0640304930940148
"17002512370","The Hills Grammar School","Large",2021,2020,1,FALSE,122175,31963127,0.00382237319896767
"17224504183","Northshore Men’s Shed Inc","Small",2021,2023,-2,FALSE,0,13843,0
"17285520047","Port Kembla & District Meals On Wheels Inc","Small",2021,2020,1,FALSE,0,277873,0
"17323323729","Milton Ulladulla Men's Shed Incorporated","Small",2021,2021,0,FALSE,0,15635,0
"17422428487","Daylesford Community Op Shop Inc.","Small",2021,2023,-2,FALSE,0,73807,0
"17607007303","14 Stars Children Foundation Pty Ltd","Small",2021,2021,0,FALSE,106843,106846,0.999971922205792
"17642475296","AFRICAN FAMILY SERVICES LIMITED","Small",2021,2023,-2,FALSE,0,409532,0
"17643980287","CLEARVIEW CHRISTIAN COLLEGE LTD","Medium",2021,2022,-1,FALSE,10000,10000,1
"17992708637","Herd Together Inc","Small",2021,2022,-1,TRUE,0,3533,0
"18171935959","Australian Information Security Association (AISA) Limited","Large",2021,2023,-2,FALSE,0,2482726,0
"18630990996","The Mission To Seafarers Victoria Inc","Medium",2021,2023,-2,FALSE,472478,1505343,0.31386733787582
"18743735011","Eacham Community Help Organization Inc","Medium",2021,2021,0,FALSE,1079,1535434,0.00070273290808983
"18938419763","SUBIACO JUSTICE CENTRE INC.","Small",2021,2020,1,FALSE,26005,64594,0.402591571972629
"19005958216","Emmaus Christian Community Limited","Small",2021,2021,0,FALSE,2900,8330,0.348139255702281
"19127640466","Australian Academy of Law","Small",2021,2020,1,TRUE,10400,84581,0.122959056998617
"19147249394","Fremantle Foundation Limited","Small",2021,2020,1,FALSE,302186,614838,0.49148881493987
"19197993800","Chinese Theological College Australia Inc","Large",2021,2023,-2,FALSE,1009198,1713520,0.588961902983333
"19353529259","Derek's Place Incorporated","Small",2021,2022,-1,FALSE,28568,28570,0.999929996499825
"19373588300","Torquay Community Men's Shed Inc","Small",2021,2021,0,FALSE,1835,15729,0.116663487825037
"19607164090","Aboriginal and Torres Strait Islander Mathematics Alliance Limited","Medium",2021,2020,1,FALSE,106943,230664,0.463631082440259
"19634798520","KLUTHUTHU CHRISTIAN COLLEGE LTD","Medium",2021,2021,0,FALSE,0,2731,0
"19722502215","Melbourne Men's Group Incorporated","Small",2021,2023,-2,FALSE,1970,26497,0.0743480394006869
"20026465034","Ngaruwanajirri Inc","Small",2021,2021,0,FALSE,69000,345263,0.199847652369353
"20072693700","Padua College Limited","Large",2021,2023,-2,FALSE,27533,30896156,0.000891146458478524
"20269837369","Parramatta District Men's Shed Inc","Small",2021,2021,0,FALSE,55,26548,0.00207171915021847
"20438800399","Western Australian Institute For Educational Research Inc","Small",2021,2020,1,FALSE,6000,10753,0.557983818469264
"20504408045","Jordan River Service Inc.","Medium",2021,2020,1,FALSE,1974,1224043,0.00161268844313476
"20621626202","The James & Jutta Lauf Foundation Limited","Small",2021,2020,1,FALSE,0,803004,0
"20639931052","ADELAIDE CITY CARE INCORPORATED","Small",2021,2021,0,TRUE,54459,54459,1
"20671392558","Opening The Doors Foundation","Medium",2021,2020,1,FALSE,507426,668956,0.758534193579249
"20737850413","West Moonah Community Action Group Inc","Small",2021,2020,1,FALSE,10884,732135,0.0148661107582618
"20739138976","Nations Church Inc","Large",2021,2020,1,FALSE,6125445,7058492,0.867812133243191
"20760201925","Kidzflip Incorporated","Small",2021,2020,1,FALSE,8959,13965,0.641532402434658
"21150644108","Pottsville and District Mens Shed Inc.","Small",2021,2021,0,FALSE,861,34084,0.0252611195869029
"21164108975","Kilmore District Mens Shed Inc.","Small",2021,2021,0,FALSE,3280,58103,0.0564514741063284
"21290070553","Warrina Innisfail","Large",2021,2021,0,FALSE,21847,15512101,0.00140838433169047
"21369165660","Alithia Incorporated","Small",2021,2020,1,FALSE,0,119492,0
"21458832336","Kingaroy Men's Shed inc","Small",2021,2022,-1,TRUE,7337,36723,0.19979304523051
"21472309062","Boys From The Bush Projects Inc","Small",2021,2020,1,FALSE,0,83162,0
"21612777474","Kids in Philanthropy Limited","Small",2021,2021,0,FALSE,51398,59398,0.865315330482508
"21768379010","A Little Sparkle- Bringing girls on the spectrum together","Small",2021,2020,1,FALSE,20000,25000,0.8
"22086764230","Alpha Australia National Office","Large",2021,2021,0,FALSE,3354433,3776981,0.88812546316754
"22161120118","BBI The Australian Institute of Theological Education","Medium",2021,2022,-1,FALSE,150500,2712542,0.0554830118759451
"22617686905","The Ramsay Centre for Western Civilisation","Large",2021,2021,0,FALSE,17283151,17313602,0.998241209425976
"22628738545","FNQ AVIATION MUSEUM LTD","Small",2021,2020,1,TRUE,2828,184229,0.0153504605680973
"22742211672","Lake Monger Community Shed Inc.","Small",2021,2021,0,FALSE,31908,48858,0.653076261819968
"23098188689","Graduate Women - NSW Inc","Small",2021,2020,1,FALSE,13985,89387,0.156454517994787
"23115566624","McGrath Foundation Ltd","Large",2021,2020,1,FALSE,6605547,28227394,0.234011931813472
"23127486514","Romeo's Rabbit Rescue Incorporated","Small",2021,2021,0,TRUE,100346,101558,0.988065932767483
"23307801543","Lighthouse Christian College Cranbourne Inc","Large",2021,2020,1,FALSE,9873,16321312,0.000604914604904312
"23341979287","Clarence Valley Anglican School","Large",2021,2020,1,FALSE,552613,12326174,0.0448324841106413
"23416548217","Melbourne Tautoko Whanau Inc.","Small",2021,2023,-2,FALSE,17139,17139,1
"23483497039","Parkerville Community Care Inc","Small",2021,2021,0,FALSE,42835,62320,0.687339537869063
"23539290973","Prince Alfred College","Large",2021,2020,1,FALSE,2925922,50286118,0.0581854817267859
"23587341162","GLBTI Rights in Ageing Incorporated","Small",2021,2022,-1,FALSE,739,216749,0.00340947363078953
"23709702230","Our Community Place Inc","Small",2021,2023,-2,FALSE,2301,187549,0.012268793755232
"23832388550","Institution of Surveyors Australia (Queensland Division) Bicentennial Education Foundation","Small",2021,2021,0,FALSE,0,34582,0
"23921356946","Wise Life Services Inc","Large",2021,2023,-2,FALSE,9,10389,0.000866300895177592
"24462209649","Footscray Historical Society Inc","Small",2021,2022,-1,FALSE,4181,35355,0.118257672182152
"24565844501","Redland Bay Men's Shed Inc","Small",2021,2020,1,FALSE,15044,68504,0.219607614153918
"24619718059","Inner Melbourne African  Australian Partnership (Imaap)","Small",2021,2022,-1,FALSE,0,163075,0
"24633662085","LACHLAN HUGHES FOUNDATION","Small",2021,2021,0,FALSE,89906,89921,0.999833186908509
"24637544426","The Busy School Ltd","Large",2021,2021,0,FALSE,0,5398004,0
"24643555873","STYLING STATION AUSTRALIA LTD","Small",2021,2023,-2,FALSE,17552,112734,0.155693934394238
"24644146757","John Mc Foundation Inc","Small",2021,2021,0,FALSE,28860,29150,0.990051457975986
"24693089021","Tintern Grammar","Large",2021,2020,1,FALSE,6960,29084059,0.000239306349914914
"24707214286","Inner Eastern Local Learning Employment Network Inc","Medium",2021,2022,-1,FALSE,0,1119953,0
"24738660512","Oxenford Men's Shed Inc.","Small",2021,2021,0,FALSE,2642,57069,0.0462948360756277
"24954265291","International Youth Fellowship Incorporated","Small",2021,2022,-1,FALSE,854,8772,0.0973552211582307
"25138676829","Ruok? Limited","Large",2021,2023,-2,FALSE,1742055,6422585,0.271238917040413
"25227042629","Revival Church Australia Limited","Medium",2021,2020,1,FALSE,371952,697184,0.53350621930509
"25342039058","ACT Pet Crisis Support Inc","Small",2021,2021,0,FALSE,58478,58478,1
"25342966460","Love For Australia Incorporated","Small",2021,2022,-1,FALSE,85233,85233,1
"25537381300","Alley Katz Australia Org.","Small",2021,2021,0,TRUE,20577,20577,1
"25690631145","Offspring Incorporated","Small",2021,2023,-2,FALSE,131890,207530,0.63552257504939
"25717084481","Carlton Neighbourhood Learning Centre Inc.","Medium",2021,2023,-2,FALSE,134370,1192470,0.112682080052328
"25886286256","CAIRNS MEN'S SHED INC","Small",2021,2021,0,FALSE,19057,113714,0.167587104490212
"26002929204","Women Illawarra Incorporated","Large",2021,2022,-1,FALSE,1550,2153851,0.000719641237950072
"26005864282","NORMAN BEISCHER MEDICAL RESEARCH FOUNDATION","Large",2021,2020,1,FALSE,3050,5458830,0.000558727785990771
"26224735996","Mundaring Community Men's Shed (Inc)","Small",2021,2022,-1,FALSE,4270,338757,0.0126049055812869
"26237128770","Living & Learning Inc","Medium",2021,2021,0,FALSE,1500,905538,0.00165647383102642
"26429861213","Australian Melanoma Research Foundation Ltd","Small",2021,2020,1,FALSE,45701,195411,0.233871174089483
"26483932179","Emmaus Christian School Canberra Limited","Large",2021,2020,1,FALSE,2000,9934431,0.000201320035339719
"26615709254","Australian Motor Heritage Foundation Limited","Small",2021,2023,-2,FALSE,23746,23746,1
"26694116261","Peninsula Evangelical Church Incorporated","Medium",2021,2021,0,FALSE,253137,465584,0.543697807484793
"27138862831","Shedding Community Workshop Inc","Small",2021,2023,-2,FALSE,9418,64524,0.145961192734486
"27633337283","RAINSHINE FOUNDATION AUSTRALIA LTD","Small",2021,2021,0,FALSE,18672,26037,0.717133310289204
"27633825724","The Pencil Tree Inc","Small",2021,2021,0,FALSE,61743,62162,0.993259547633602
"28153110055","Edmund Rice Foundation (Australia)","Large",2021,2021,0,FALSE,1159878,1636657,0.708687281452375
"28171439723","The Headstone Project (Tas) Inc.","Small",2021,2020,1,FALSE,4033,18946,0.212868151588726
"28182771909","The University Of The Third Age Redlands District Inc","Small",2021,2023,-2,FALSE,0,106162,0
"28627003039","Willmore Kindergarten & Pre-School Inc","Medium",2021,2023,-2,FALSE,2160,367699,0.00587437006899665
"28629387382","FOSTERING HOPE COMMUNITY LTD","Small",2021,2022,-1,FALSE,28273,50934,0.555090901951545
"28639382782","HOPE FOR JUSTICE (AUSTRALIA) LIMITED","Small",2021,2022,-1,FALSE,10666,100666,0.105954344068504
"28929959207","The Cove Men's Shed Inc","Small",2021,2021,0,FALSE,3523,11674,0.301781737193764
"29008155780","Australian Cranio-Maxillo Facial Foundation","Medium",2021,2023,-2,FALSE,416460,765026,0.544373655274461
"29016580266","Gold Coast Guinea Pig Rescue Inc","Small",2021,2021,0,FALSE,12972,79465,0.163241678726483
"29233499503","Point Nepean Men's Shed Association Incorporated","Small",2021,2022,-1,TRUE,981,21808,0.044983492296405
"29626220184","Trek Learning Centre Limited","Small",2021,2021,0,FALSE,20500,144617,0.141753735729548
"29654568288","Students for Sensible Drug Policy Australia Ltd","Small",2021,2022,-1,FALSE,50000,80207,0.623386986173277
"29726939936","Condell Park Christian School Ltd.","Medium",2021,2023,-2,FALSE,27026,1784438,0.0151453847093595
"29835302417","Vision International College Inc","Small",2021,2023,-2,FALSE,2202,131497,0.016745629177852
"29844307522","Sydney Next Church Incorporated","Medium",2021,2021,0,FALSE,604093,619467,0.975181890237898
"29949742420","Community Resource Network (CRN) Inc.","Small",2021,2020,1,FALSE,0,603308,0
"30251705569","AL-ANON FAMILY GROUPS WESTERN NSW AREA INC","Small",2021,2022,-1,FALSE,11351,11351,1
"30390041210","Australian Primary Health Care Nurses Association Limited","Large",2021,2023,-2,FALSE,0,5512677,0
"30539535489","Hampton Community Kindergarten","Medium",2021,2023,-2,FALSE,0,340765,0
"30607659567","Reach for Nepal Foundation Ltd","Small",2021,2022,-1,FALSE,48423,48423,1
"30658029240","The Rainforest School","Medium",2021,2022,-1,FALSE,3466,564520,0.00613972932757033
"30761157197","Hopefield Services Incorporated","Medium",2021,2021,0,FALSE,435606,1003206,0.434213910203886
"30937756314","Injilinji Community Preschool and Kindergarten Association Inc","Medium",2021,2022,-1,FALSE,21098,283584,0.0743977093206951
"31019036762","Finley High School P&C Association","Small",2021,2023,-2,FALSE,4837,238928,0.0202445925132257
"31111343287","Surf Aid International Australia Limited","Medium",2021,2022,-1,FALSE,1733796,2589116,0.669647864367607
"31156195461","IGWR In Giving We Receive Inc","Small",2021,2022,-1,FALSE,116176,130411,0.890845097422763
"31168484225","Dusty Paws Dog Rescue","Small",2021,2022,-1,TRUE,7517,48583,0.154724903772925
"31368310372","Hedland Well Women's Centre Inc","Medium",2021,2020,1,FALSE,73450,1487462,0.0493794127177703
"31473215772","Fitness For Purpose Incorporated","Small",2021,2023,-2,FALSE,6200,150084,0.0413101996215453
"31556191422","WADJAK Northside Aboriginal Community Group","Small",2021,2020,1,FALSE,750,292258,0.00256622573205866
"31605454671","FULCRUM AID LTD","Small",2021,2020,1,FALSE,16610,25008,0.664187460012796
"32039179166","Batchelor Institute Of Indigenous Tertiary Education","Large",2021,2020,1,FALSE,120000,34036000,0.00352567869314843
"32101614760","Centrefarm Aboriginal Horticulture Limited","Medium",2021,2021,0,FALSE,0,1307634,0
"32169043130","Rescues4Pets Inc","Small",2021,2022,-1,FALSE,18291,98499,0.185697316724028
"32176699686","The Nature School Incorporated","Large",2021,2022,-1,FALSE,10487,1890984,0.00554578991678407
"32332652248","Emu Park & District Men's Activity Shed Inc","Small",2021,2023,-2,FALSE,798,89513,0.00891490621473976
"32556659638","DHAMMAKAYA SOCIETY OF QUEENSLAND INC","Small",2021,2020,1,TRUE,113026,113026,1
"32592059803","Toast for Kids Charity Incorporated","Small",2021,2021,0,FALSE,14,12993,0.00107750327099207
"32623427323","HAPPI COMMUNITY LIMITED","Small",2021,2020,1,FALSE,7500,21476,0.349227044142298
"32636512948","ZEN TEA LOUNGE FOUNDATION LTD","Small",2021,2021,0,TRUE,25180,79059,0.318496312880254
"32868998986","Diamond Creek Mens Shed Inc","Small",2021,2023,-2,FALSE,322,23795,0.013532254675352
"33260335253","The Trustee for Niulife Foundation","Small",2021,2020,1,FALSE,1000,28609,0.0349540354433919
"34163636566","Superannuation Consumers' Centre Ltd","Medium",2021,2020,1,FALSE,0,278945,0
"34167153522","Mwembe Foundation Australia Ltd","Small",2021,2023,-2,FALSE,1480,1856,0.797413793103448
"34173022468","Canberra Monaro N Scale Group Inc","Small",2021,2022,-1,TRUE,0,3953,0
"34627816808","Anika Legal Ltd","Medium",2021,2020,1,FALSE,104225,234419,0.444609865241299
"34718530172","Law Enforcement Torch Run - Western Australia (LETR WA) Incorporated","Small",2021,2021,0,FALSE,4880,12314,0.396296897839857
"34789627512","DASTAN","Small",2021,2022,-1,FALSE,1489,1489,1
"35002648606","Taree & District Pre-School Ltd","Medium",2021,2021,0,FALSE,0,679084,0
"35037156011","Gracemere Mens Shed Inc.","Small",2021,2021,0,FALSE,8373,30742,0.272363541734435
"35052312865","Blayney Shire Community Mens Shed Incorporated","Small",2021,2021,0,FALSE,1700,77831,0.0218421965540723
"35060581437","Australian Committee For UNICEF Limited","Large",2021,2020,1,FALSE,44379373,54147695,0.819598562782774
"35115082212","Australian Camps Association","Medium",2021,2021,0,FALSE,0,1591839,0
"35149437276","Southern Cross Grammar","Large",2021,2021,0,FALSE,0,16325364,0
"35164318440","Annandale North Public School P&C Association","Small",2021,2020,1,FALSE,3433,43780,0.0784148012791229
"35335529899","Our Rainbow House Inc","Small",2021,2020,1,FALSE,138516,211292,0.655566703897923
"35592321123","Kurrajong North Public School Parents And Citizens Association","Small",2021,2022,-1,FALSE,6554,12136,0.54004614370468
"35628712667","THE RICHARD GILL NATIONAL MUSIC ACADEMY LIMITED","Medium",2021,2021,0,FALSE,0,644789,0
"35689710404","Camperdown Quarters Limited","Medium",2021,2023,-2,FALSE,426132,426132,1
"35752992852","Mildura Christian College Inc","Medium",2021,2020,1,FALSE,31913,2143602,0.0148875584180272
"35859201921","Sutherland Shire Refugee Connection","Small",2021,2021,0,FALSE,1573,1603,0.981285090455396
"36160974235","The Australasian Mastocytosis Society","Small",2021,2020,1,FALSE,6683,9162,0.729425889543768
"36169895041","Little Blue Dinosaur Foundation Limited","Small",2021,2022,-1,FALSE,0,186808,0
"36295742511","Men's Information and Support Association Inc.","Medium",2021,2020,1,FALSE,3960,448765,0.0088242175749
"36301233932","Kincumber Men's Shed Inc","Small",2021,2021,0,FALSE,285,20672,0.0137867647058824
"36651805702","Australian Peacekeeper and Peacemaker Veterans' Association Ltd","Small",2021,2022,-1,FALSE,8710,17270,0.504342790966995
"36720260805","Bethel Mar Thoma Church Sydney","Medium",2021,2022,-1,FALSE,657534,682208,0.963832145034945
"36735208761","Warrnambool Student Wellbeing Association Inc","Small",2021,2021,0,FALSE,230805,230805,1
"36809112033","Foundation Learning Centre Inc","Large",2021,2021,0,FALSE,10346,2885167,0.00358592760834988
"36820537098","Matercare Australia Incorporated","Small",2021,2022,-1,FALSE,1405,1460,0.962328767123288
"36872112968","Atherton Men's Shed Inc","Small",2021,2021,0,FALSE,20335,45946,0.442584773429678
"37130949834","Ovarian Cancer Research Foundation Limited","Large",2021,2023,-2,FALSE,2828484,3068336,0.921829943004938
"37207698349","Health Communication Resources Inc","Small",2021,2020,1,FALSE,51575,125771,0.410070684020959
"37469007007","Deafblind Association (NSW)","Small",2021,2020,1,FALSE,296,32115,0.00921687684882454
"37605893356","St Rob Limited","Medium",2021,2022,-1,FALSE,1500,315452,0.00475508159720021
"37620862955","Shrimad Rajchandra Mission Dharampur (Australia) Limited","Medium",2021,2022,-1,FALSE,299798,494040,0.606829406525787
"37805464931","Rebus Theatre Incorporated","Medium",2021,2020,1,FALSE,17871,377031,0.047399285469895
"37982149059","Homelessness Queensland Inc","Small",2021,2021,0,FALSE,0,127984,0
"38000827798","Mission Without Borders (Australia) Limited","Medium",2021,2023,-2,FALSE,1495328,1518589,0.98468249144436
"38139126378","Baxter & Grimshaw Foundation Inc.","Small",2021,2021,0,TRUE,1050,6932,0.151471436814772
"38276418759","Walford Foundation Incorporated","Small",2021,2021,0,FALSE,2217988,2408307,0.920973945597467
"38514938536","Woodford and Region Men's Shed Inc.","Small",2021,2022,-1,FALSE,3704,33961,0.109066281911604
"38546603898","Foster Families South West Inc","Small",2021,2021,0,FALSE,60561,71980,0.841358710752987
"38598711205","Hunter Youth Mentor Collaborative","Small",2021,2021,0,FALSE,71136,79608,0.893578534820621
"38645106627","FLEXIBLE OPTIONS LIMITED","Large",2021,2023,-2,FALSE,450,1562751,0.000287953743110707
"38647816920","FITZROY COMMUNITY HOSPICE LTD","Large",2021,2022,-1,TRUE,17650,17975,0.98191933240612
"39002510465","Hunter Christian School Limited","Large",2021,2020,1,FALSE,0,6762035,0
"39099443619","M A Centre (Aust) Foundation","Small",2021,2022,-1,FALSE,19374,197990,0.0978534269407546
"39109129679","Architects Without Frontiers","Small",2021,2021,0,FALSE,45674,154584,0.295463954872432
"39126270641","Yarrawonga Neighbourhood House Incorporated","Medium",2021,2023,-2,FALSE,1065,944946,0.00112704852975726
"39205898376","Chung Wah Autumn Centre Inc","Small",2021,2022,-1,FALSE,15500,15550,0.996784565916399
"39589812425","Frankston/Mornington Peninsula Local Learning & Employment Network Inc","Large",2021,2020,1,FALSE,0,732982,0
"39604404051","Seed Initiatives Limited","Small",2021,2021,0,FALSE,102040,452560,0.225472865476401
"39630371948","PMI Victorian History Library Inc.","Small",2021,2022,-1,FALSE,4260,265496,0.0160454394793142
"39634926131","Connect You Too Ltd","Medium",2021,2020,1,FALSE,13344,2371008,0.0056279860717467
"39828126747","Youth Enterprises Australia Limited","Small",2021,2022,-1,FALSE,0,6123942,0
"39893211010","Savem Incorporated","Small",2021,2020,1,FALSE,201469,209584,0.961280441255058
"40170766569","The Common People Ltd","Small",2021,2020,1,FALSE,22723,27100,0.838487084870849
"40557982129","Toy Libraries Australia Inc.","Medium",2021,2020,1,FALSE,62,272371,0.000227630694897768
"40697500790","Foster Care Association Of Western Australia (Inc.)","Medium",2021,2021,0,FALSE,0,798322,0
"40781429172","Horizons - Local and Beyond","Small",2021,2021,0,FALSE,3556,62326,0.0570548406764432
"40792001012","Central East Accommodation and Care Alliance Inc.","Medium",2021,2021,0,TRUE,0,755511,0
"40920336423","East Fremantle Child Development Centre Inc","Medium",2021,2020,1,FALSE,0,762463,0
"41840821357","The Entrance Public School P&C Assoc","Small",2021,2020,1,FALSE,0,93654,0
"42037851864","North East Local Learning And Employment Network","Medium",2021,2022,-1,FALSE,0,915363,0
"42247216279","Whitlam Institute Within  Western Sydney University Trust","Small",2021,2023,-2,FALSE,454000,494000,0.919028340080972
"42498340094","The Roman Catholic Trust Corporation For The Diocese Of Cairns","Large",2021,2021,0,FALSE,0,193284767,0
"42506412570","Geelong Foodshare Incorporated","Medium",2021,2020,1,FALSE,459810,2512053,0.183041520222702
"42624069389","Generation Australia Ltd","Large",2021,2020,1,FALSE,2292387,4456462,0.514396173466755
"42823248967","AFGHAN WOMEN ON THE MOVE INCORPORATED","Small",2021,2023,-2,FALSE,9367,19367,0.483657768368875
"42958367110","HealthServe Australia Limited","Small",2021,2022,-1,FALSE,191262,229709,0.83262736766953
"43010555478","Cairns Christian College Limited","Large",2021,2021,0,FALSE,1000,12722408,7.8601472299898e-05
"43200124919","Parkinsons DMF Inc","Small",2021,2021,0,FALSE,11493,11582,0.992315662234502
"43317153298","CONCORD HIGH SCHOOL P&C ASSOCIATION","Small",2021,2020,1,FALSE,0,4509,0
"43391511051","Tin Can Bay Community and Men's Shed Incorporated","Small",2021,2021,0,FALSE,8301,56588,0.146691878136707
"43529339392","AID FOUNDATION OF AUSTRALIA INCORPORATED","Small",2021,2020,1,FALSE,6060,32066,0.1889852179879
"43628604973","MENTORING MEN LTD.","Medium",2021,2020,1,TRUE,463602,621602,0.745818063648444
"43743957408","Diabetes Research Foundation Of Wa Inc","Small",2021,2022,-1,FALSE,47752,342353,0.139481762975642
"43753446272","Proston Men's Shed Inc","Small",2021,2021,0,FALSE,11971,103463,0.115703198244783
"44085875823","Worldview Centre For Intercultural Studies","Small",2021,2021,0,FALSE,6425,431071,0.0149047372706584
"44161310130","Glow Church","Large",2021,2022,-1,FALSE,4883880,5724373,0.853172915182152
"44189041144","PREGNANT ALTERNATIVES INCORPORATED","Small",2021,2023,-2,FALSE,39753,41040,0.968640350877193
"44362890385","Global Gardens of Peace Incorporated","Small",2021,2022,-1,FALSE,2068,7018,0.294670846394984
"44568476377","Atisha Centre Inc","Small",2021,2023,-2,FALSE,111649,394973,0.28267501829239
"44633434716","Freddy Bear Foundation","Small",2021,2023,-2,FALSE,8075,11499,0.702234976954518
"44695079183","Sewa International Australia Inc","Small",2021,2021,0,FALSE,1096480,2046480,0.535788280364333
"44759796180","Centenary Suburbs Men's Shed Inc","Small",2021,2021,0,FALSE,4550,79093,0.0575272147977697
"44812153429","NSW Farmers Natural Disaster Relief Fund Inc","Small",2021,2020,1,FALSE,23961,23961,1
"45339846991","Monaro Family Support Service Incorporated","Medium",2021,2023,-2,FALSE,30000,1122890,0.0267167754633134
"45495343458","Islamic Dawah Centre of Australia Inc","Small",2021,2022,-1,FALSE,64923,102073,0.636044791472769
"45517351234","Karana Downs and Surrounds Community Garden Hub Inc","Small",2021,2022,-1,TRUE,0,14118,0
"45608731120","The Inspired Crusaders Ltd","Small",2021,2023,-2,FALSE,10000,14760,0.677506775067751
"46006178641","Cvgt Australia Limited","Large",2021,2021,0,FALSE,0,55491130,0
"46101213478","Council Of Presidents Of Medical Colleges Ltd","Medium",2021,2023,-2,FALSE,0,738107,0
"46133445404","Earth Garden Foundation Australia Ltd","Small",2021,2021,0,FALSE,66685,67003,0.99525394385326
"46486944346","Overflowing Church Incorporated","Small",2021,2020,1,FALSE,0,388907,0
"47065314758","City West Housing Pty Limited","Large",2021,2020,1,FALSE,0,36457906,0
"47162770729","Muslim Global Aid Limited","Small",2021,2022,-1,FALSE,217828,217828,1
"47237572750","Royal Australian Artillery Association (Northern Territory) Incorporated","Medium",2021,2020,1,FALSE,700,764662,0.000915437147393227
"47456729309","VICTOR HARBOR LUTHERAN HOMES INC","Medium",2021,2021,0,TRUE,1010,928632,0.00108762136131428
"47512918032","Explore Youth and Family Therapy Inc.","Small",2021,2020,1,FALSE,53390,115689,0.461495907130324
"47634504135","CATHOLIC EDUCATION WESTERN AUSTRALIA LIMITED","Large",2021,2023,-2,FALSE,5842109,1238816544,0.00471587906078206
"47639146736","STRONG ANGELS INC.","Small",2021,2021,0,FALSE,87112,160119,0.544045366258845
"47656182430","Charters Towers Women of The Outback Shed Inc","Small",2021,2021,0,FALSE,37921,43865,0.864493331813519
"47703627137","Worimi Aboriginal Community Co-Operative Ltd","Small",2021,2021,0,FALSE,0,154867,0
"47909376387","Eden Community Access Centre Inc","Small",2021,2023,-2,FALSE,10991,391267,0.0280907922211687
"48102463744","Vets for Compassion Incorporated","Medium",2021,2022,-1,FALSE,173266,238326,0.727012579408038
"48466077275","Coffs Harbour Community Men's Shed Incorporated","Small",2021,2021,0,FALSE,2500,56910,0.0439290107186786
"48548850263","Warrnambool Men's Shed Incorporated","Small",2021,2021,0,FALSE,20530,35434,0.579387029406784
"48606733359","Edusupport Ltd","Small",2021,2022,-1,FALSE,6500,1680,1
"48639951492","LYREBIRD COLLEGE LIMITED","Medium",2021,2021,0,FALSE,328437,960931,0.341790409509111
"48773551391","Gymea Bay Public School P&C Assoc","Small",2021,2023,-2,FALSE,0,127157,0
"48860387699","Bond Street Kindergarten Chilwell Inc","Medium",2021,2020,1,FALSE,1439,801851,0.00179459774945719
"48947927354","Hale School Foundation Inc","Medium",2021,2020,1,FALSE,211770,5531952,0.0382812432211993
"49635940797","SONS OF GOD MINISTRIES LTD.","Small",2021,2021,0,TRUE,20085,56049,0.358347160520259
"50149270900","Magic Coat Foundation","Medium",2021,2022,-1,FALSE,117761,320203,0.367769821019791
"50297510663","Lien Tri Buddhist Benevolent Association, Lien Tri Temple Inc.","Small",2021,2022,-1,FALSE,83000,96000,0.864583333333333
"50354979153","LifeNets Australia Incorporated","Small",2021,2020,1,FALSE,45593,48158,0.946737821338095
"50384961465","F.E.T.C.H. Assistance Dogs Inc.","Small",2021,2022,-1,FALSE,2615,13980,0.187052932761087
"50454424905","South Sudan Child First Education (SSCFE) Incorporated","Small",2021,2020,1,FALSE,12000,12000,1
"50489948017","MUSEUM OF CHINESE IN AUSTRALIA LIMITED","Small",2021,2022,-1,FALSE,347130,543062,0.639208782790915
"50756635036","WIZO VICTORA INC.","Medium",2021,2023,-2,FALSE,120909,414939,0.291389818744442
"50857103537","Belle Vie Animal Rescue","Small",2021,2020,1,FALSE,30256,139231,0.217307927113933
"51008515508","Multiple Sclerosis Australia","Large",2021,2021,0,FALSE,7625343,12834036,0.594150039784835
"51145751837","Community Learning Ltd","Large",2021,2023,-2,FALSE,0,2677897,0
"51152864609","Charity Drive Days Inc","Medium",2021,2023,-2,FALSE,498613,498643,0.999939836716849
"51216948823","Pioneer Valley Men's Shed Inc","Small",2021,2022,-1,FALSE,865,2308,0.374783362218371
"51445386189","Sylvan Glades Inc","Medium",2021,2021,0,FALSE,0,307341,0
"51455679821","Business & Rural Solutions Limited","Large",2021,2022,-1,FALSE,0,5630873,0
"51607702338","Blake Street Hebrew Congregation Inc","Medium",2021,2020,1,FALSE,88879,545361,0.162972783165646
"51636189412","First Peoples' Assembly Of Victoria Ltd","Large",2021,2021,0,FALSE,0,8102545,0
"51645280468","HOPE AND WISH FOUNDATION PTY LTD","Small",2021,2022,-1,FALSE,6577,38742,0.169764080326261
"51646764847","St John's Lutheran School Jindera Ltd","Large",2021,2021,0,FALSE,1054,3244445,0.000324862958071411
"51699707733","AUSTRALASIAN VIROLOGY SOCIETY INC","Small",2021,2022,-1,FALSE,0,25363,0
"51934682604","Pymble Turramurra Pre-School Inc","Medium",2021,2021,0,FALSE,19535,1103686,0.017699780553527
"52060813541","World Youth International (Aust) Ltd","Medium",2021,2022,-1,FALSE,174801,546245,0.320004759768968
"52121486849","Flinders Christian Community College Limited","Large",2021,2022,-1,FALSE,22750,33089833,0.000687522357698209
"52146609961","Warwick Men's Shed Inc.","Small",2021,2022,-1,FALSE,1797,27594,0.0651228527940857
"52163151808","AUSTRALIAN ALLIANCE TO END HOMELESSNESS LIMITED","Large",2021,2023,-2,FALSE,5000,276235,0.0181005303455391
"52365630090","Helping Hands Animal Rescue Incorporated","Small",2021,2022,-1,FALSE,726,8927,0.0813263134311639
"52368663383","Nunyara Aboriginal Health Service. Inc","Large",2021,2023,-2,FALSE,0,3658133,0
"52634235680","Murray Haven Homes Ltd","Large",2021,2022,-1,FALSE,17972,4646357,0.00386797656744843
"52672801654","Global Ripple Incorporated","Medium",2021,2023,-2,FALSE,500,234040,0.00213638694240301
"52948317781","KHALSA ASSIST","Small",2021,2021,0,FALSE,1930,1930,1
"53009481485","Christian Schools Tasmania","Large",2021,2021,0,FALSE,104713,20304478,0.00515713824310086
"53101360336","MAIDE Inc.","Small",2021,2020,1,FALSE,2520,2520,1
"53297468669","Christian Religious Instruction Alliance in Queensland","Small",2021,2022,-1,FALSE,0,186336,0
"53487883254","In the Paws of Angels Inc","Small",2021,2023,-2,FALSE,5932,27059,0.219224657230496
"53620147775","The School of St  Jude Limited","Large",2021,2021,0,FALSE,9557751,13288079,0.719272590116299
"53623275196","Hunter Anzac Memorial Limited","Medium",2021,2021,0,FALSE,11865,106634,0.111268450963107
"53944553985","MOREE AND DISTRICT HISTORICAL SOCIETY","Small",2021,2022,-1,TRUE,2872,52004,0.0552265210368433
"54164074661","Branxton Greta Men's Shed Incorporated","Small",2021,2021,0,FALSE,21091,21091,1
"54253257443","Working Womens Centre Inc","Large",2021,2020,1,FALSE,43299,1042127,0.0415486788078612
"54263014967","Bayside Glen Eira Kingston Llen Inc","Medium",2021,2022,-1,FALSE,0,545152,0
"54280302765","Umina Beach Mens Shed Incorporated","Small",2021,2021,0,FALSE,83792,106567,0.786284684752315
"54338990856","Inner Northern Local Learning And Employment Network Incoporated","Medium",2021,2020,1,FALSE,20000,903575,0.0221342998644274
"54584217520","Miya Kaadadjiny (Learning Sanctuary) Community Centre Inc","Small",2021,2022,-1,FALSE,603,199352,0.00302480035314419
"54623926009","Global Sustainable Development Vision Innovative Association Ltd","Small",2021,2022,-1,FALSE,56204,56204,1
"54637263917","Christian College Geelong","Large",2021,2023,-2,FALSE,188850,51580276,0.00366128323935296
"54776873363","Tingalpa & District Kindergarten Association Inc","Medium",2021,2021,0,FALSE,2835,338649,0.00837149969437382
"55000364474","The National Council Of Jewish Women Of Australia New South Wales Division","Small",2021,2023,-2,FALSE,30,355759,8.43267492881417e-05
"55169624154","Ballarat East Neighbourhood House Inc.","Small",2021,2022,-1,FALSE,0,153225,0
"55415242975","Buderim Men's Shed Inc","Small",2021,2020,1,FALSE,4626,179316,0.0257980325235896
"55495687613","RiverTracks Incorporated","Small",2021,2023,-2,FALSE,1702,3752,0.45362473347548
"55612449604","Islamic Council Of New South Wales Inc","Medium",2021,2020,1,FALSE,85691,806493,0.10625138717881
"55859040211","Golden Paradise Beach Men's Shed Inc.","Small",2021,2022,-1,FALSE,3414,24662,0.138431595166653
"56254262824","Esperance Crisis Accomodation Service Inc","Medium",2021,2020,1,FALSE,16140,733060,0.0220172973562873
"56405057386","Australian Water Safety On the Mekong (AWSOM) Project Inc","Small",2021,2022,-1,FALSE,7702,7703,0.999870180449176
"56840304628","Carlingford Public School P&C Association","Small",2021,2021,0,FALSE,37076,298233,0.124318905017218
"57098352150","Community Business Bureau Inc","Large",2021,2022,-1,FALSE,0,6735664,0
"57382768399","Caringbah North Public School P And C Association","Small",2021,2020,1,FALSE,1000,56954,0.0175580292867928
"57624185217","Offshore and Specialist Ships Australia Ltd","Small",2021,2020,1,FALSE,15466,33320,0.464165666266507
"57649413936","Rural Financial Counselling Service, NSW - Southern Region Limited","Large",2021,2022,-1,FALSE,5000,4449964,0.00112360459545291
"57657202934","Albany Surf Life Saving Club","Medium",2021,2021,0,FALSE,6669,198678,0.0335668770573491
"57794560132","Wattle Group Inc","Small",2021,2021,0,FALSE,556,13392,0.0415173237753883
"57910165955","Claws n Paws Rescue Group Inc","Small",2021,2020,1,TRUE,3645,413047,0.00882466160025372
"58154234383","Sherwood Ridge Public School Parents and Citizens Association","Small",2021,2022,-1,FALSE,16000,50544,0.316555872111428
"58160920528","Ferncourt Public School P&C Association","Small",2021,2020,1,FALSE,7780,133493,0.0582802094491846
"58608203592","Lower North Shore Community Transport Inc","Medium",2021,2020,1,FALSE,321,2161256,0.000148524746721351
"58636664983","Ruah Legal Services Limited","Large",2021,2020,1,FALSE,8033,1653169,0.00485915233106839
"59284895650","Anam Cara House Colac Inc","Medium",2021,2020,1,FALSE,561261,1215294,0.461831458066937
"59475464712","Dangrove Trust","Large",2021,2020,1,FALSE,91345540,134912049,0.677074736297275
"59622234799","Alliance for Journalists' Freedom Ltd","Small",2021,2021,0,FALSE,72200,85100,0.848413631022327
"59793851790","Skillz4me Ltd.","Medium",2021,2021,0,FALSE,74120,186358,0.397729102050891
"59802036898","THE WYNNUM-MANLY AND DISTRICTS MEN'S SHED INC.","Small",2021,2021,0,FALSE,25503,147371,0.173053043000319
"59940749205","ProjectKindness Inc","Small",2021,2022,-1,FALSE,3374,9120,0.369956140350877
"60088024355","Coast Christian School","Large",2021,2022,-1,FALSE,7908,2060861,0.00383723113785937
"60131554106","Catalpa International Ltd","Large",2021,2022,-1,FALSE,0,5969397,0
"60382871618","The Naracoorte District Mens Shed Incorporated","Small",2021,2021,0,FALSE,3295,58209,0.0566063667130512
"60623295483","A B Paterson College Foundation Ltd","Small",2021,2020,1,FALSE,254090,304500,0.834449917898194
"60630551889","REDFERN YOUTH CONNECT (AUSTRALIA) LIMITED","Medium",2021,2020,1,TRUE,21157,312493,0.0677039165677311
"60647173484","GEOGRAPHE MARINE RESEARCH LTD","Small",2021,2023,-2,FALSE,1610,3692,0.436078006500542
"60751862177","Samford Area Men's Shed","Small",2021,2021,0,FALSE,6169,53441,0.115435714152056
"61005641225","The School Of Total Education","Medium",2021,2022,-1,FALSE,0,2680519,0
"61147546405","Jabree Ltd","Small",2021,2021,0,FALSE,0,1082171,0
"61268362646","Returned and Services League of Australia A.C.T. Branch Incorporated","Small",2021,2020,1,FALSE,20531,161811,0.126882597598433
"61330557713","Strength Potential Incorporated","Medium",2021,2022,-1,FALSE,1296,376291,0.00344414296382321
"61639182844","NGUTU COLLEGE LTD","Large",2021,2021,0,FALSE,376781,3172925,0.118748788578362
"61831960079","Auscharity Inc.","Small",2021,2020,1,FALSE,2500,2500,1
"62005274742","Sail & Adventure Limited","Small",2021,2020,1,FALSE,851234,857401,0.992807332858254
"62130436752","Yatra Foundation Australia","Small",2021,2022,-1,FALSE,53258,55016,0.968045659444525
"62137118647","Rockhampton Men's Shed Inc","Small",2021,2021,0,FALSE,7198,135710,0.0530395696706212
"62198192130","Kuranda Information And Support Centre Association Inc","Small",2021,2021,0,FALSE,1879,433273,0.00433675765625829
"62238200670","Future Connect Incorporated","Medium",2021,2022,-1,FALSE,0,582788,0
"62404700128","Newcastle Mens Shed","Small",2021,2021,0,FALSE,5830,29521,0.197486535008977
"62626387273","'TIL THE COWS COME HOME LTD","Medium",2021,2023,-2,FALSE,1064243,1097743,0.96948283887941
"62801175580","Coolum Men's Shed Inc","Small",2021,2021,0,FALSE,17421,108127,0.161116094962405
"63105164152","Cessnock Family Support Service Inc","Small",2021,2021,0,FALSE,7545,452725,0.0166657463139875
"63167495105","LIGHT HOUSE YOUTH PROJECTS INCORPORATED","Medium",2021,2020,1,FALSE,33820,637221,0.0530742081632589
"63175468453","Rural Australians for Refugees  (Bendigo) Inc","Small",2021,2023,-2,FALSE,22142,22862,0.96850669232788
"63294273664","Hope4Paws Animal Rescue Incorporated","Small",2021,2022,-1,FALSE,1634,2236,0.730769230769231
"63370996583","Safe Birthing Worldwide","Small",2021,2023,-2,FALSE,12510,12510,1
"63638021939","The Uniform Project - Turkana Inc","Small",2021,2020,1,FALSE,7921,10408,0.761049192928516
"63744700911","Alpha-1 Association Of Australia","Small",2021,2021,0,FALSE,590,12796,0.0461081587996249
"63773789161","West cumberland mens shed incorporated","Small",2021,2021,0,FALSE,2487,37090,0.0670531140469129
"64008498637","United World Colleges (Australia) Trust Limited","Small",2021,2021,0,FALSE,26925,26958,0.998775873581126
"64214940427","Brain Injury Matters Incorporated","Small",2021,2020,1,FALSE,0,325344,0
"64282712328","Kempsey Neighbourhood Centre Inc","Medium",2021,2023,-2,FALSE,0,2103502,0
"64612999229","Proud 2 Play inc.","Small",2021,2022,-1,FALSE,30950,399476,0.0774764942074117
"64618388159","AbilityLiving-MyWay","Medium",2021,2020,1,FALSE,1013,4468567,0.000226694598066897
"64704364097","Turbans 4 Australia Inc","Medium",2021,2023,-2,FALSE,96077,230533,0.416760290283821
"64924935699","Mittagong Pre School Kindergarten Inc","Medium",2021,2020,1,FALSE,3052,906984,0.00336499872103587
"65064790343","St. John's Greek Orthodox College","Large",2021,2022,-1,FALSE,101042,5262022,0.0192021242024454
"65129595651","Construction Charitable Works Limited","Medium",2021,2021,0,FALSE,441831,621243,0.711204794259251
"65473474266","KIWI'S NEW LIFE BIRD RESCUE INCORPORATED","Small",2021,2023,-2,FALSE,21226,21226,1
"65601662382","Hejaz Foundation Limited","Small",2021,2023,-2,FALSE,5000,5000,1
"65619212663","Dr Steve Burroughs Foundation Limited","Small",2021,2022,-1,FALSE,50325,68533,0.734317773919134
"65625405923","Better Renting Limited","Small",2021,2022,-1,FALSE,226178,227895,0.992465828561399
"65628376652","ANUBIS RETIREMENT LIMITED","Small",2021,2022,-1,FALSE,18819,18819,1
"65663312659","South East Local Learning And Employment Network Inc","Large",2021,2020,1,FALSE,0,2324247,0
"65945589522","All Souls And St Gabriels Foundation Incorporated","Small",2021,2023,-2,FALSE,0,528066,0
"66127417263","Normanville Surf Life Saving Club Inc","Small",2021,2021,0,FALSE,26003,155893,0.166800305337635
"66165269670","Amitofo Care Centre Australia","Small",2021,2020,1,FALSE,245113,245149,0.999853150532941
"66622976818","AIR FORCE ASSOCIATION LTD.","Small",2021,2023,-2,FALSE,0,123512,0
"66626788252","Neighbourhood Watch Australasia Limited","Small",2021,2020,1,FALSE,345,902300,0.000382356200820126
"66631479377","ALTIOREM LTD","Small",2021,2020,1,FALSE,122100,156057,0.782406428420385
"66639017173","The Chatty Cafe Scheme Australia Ltd.","Small",2021,2023,-2,FALSE,4424,21215,0.208531699269385
"66816964232","Blind Bats Inc.","Small",2021,2022,-1,FALSE,2064,203934,0.0101209214745947
"67113817637","Bupa Foundation (Australia) Limited","Large",2021,2022,-1,FALSE,2050000,2053863,0.998119154003943
"67193150361","Work 4 Skills WA Incorporated","Small",2021,2023,-2,FALSE,0,170532,0
"67230048463","RIVER ANGELS INC","Small",2021,2022,-1,FALSE,45477,45477,1
"67614173278","Biocurate Pty Ltd","Large",2021,2022,-1,FALSE,0,11450467,0
"67616832967","Fitra Community School","Medium",2021,2020,1,FALSE,2909,680476,0.00427494871237193
"67628158323","Wilkins Family Foundation Ltd","Small",2021,2021,0,FALSE,6549,6697,0.977900552486188
"67638503918","Statewide Wildlife Rescue Emergency Service Incorporated","Small",2021,2021,0,FALSE,496878,496878,1
"67786892560","Carey Baptist College Ltd","Large",2021,2020,1,FALSE,0,36194678,0
"67845485864","Central Grampians Local Learning And Employment Network Incorporated","Medium",2021,2023,-2,FALSE,0,685199,0
"68320267277","Project Didi Australia","Small",2021,2023,-2,FALSE,1811,7071,0.25611653231509
"68406449242","Ebenezer Mission Limited","Medium",2021,2020,1,FALSE,169783,2141872,0.0792685090425572
"68581296689","Royal Humane Society Of New South Wales","Small",2021,2021,0,FALSE,0,8400,0
"68629894686","DIOCESE OF BALLARAT CATHOLIC EDUCATION LIMITED","Large",2021,2023,-2,FALSE,0,19805482,0
"68779819072","Ulladulla Men's Shed Incorporated","Small",2021,2023,-2,FALSE,2219,17799,0.124669925276701
"69154531870","Mercy Education Limited","Large",2021,2023,-2,FALSE,2482000,300592000,0.00825703944216746
"69164832813","BOONAH ACTIVITY SHED INC","Small",2021,2022,-1,TRUE,9552,51017,0.187231707078033
"69322510070","Falls Creek Historical Society Inc","Small",2021,2020,1,FALSE,552,2069,0.266795553407443
"69355650377","Maitland Family Support  Inc","Small",2021,2020,1,FALSE,2500,409215,0.00610925796952702
"69425120800","Blue Tree Project Inc","Medium",2021,2022,-1,FALSE,81310,258277,0.314817037521731
"69623040557","MILANG AND DISTRICT COMMUNITY ASSOCIATION INCORPORATED","Medium",2021,2022,-1,FALSE,0,1711566,0
"69859050512","Fraser Coast Hospice Association Incorporated","Medium",2021,2021,0,TRUE,1838,2489340,0.000738348317224646
"69985287203","Youth With A Mission Toowoomba Inc.","Medium",2021,2020,1,FALSE,59680,327094,0.182455196365571
"70141687774","RURAL HEALTH MANAGEMENT SERVICES PTY LTD","Large",2021,2021,0,FALSE,615,2626159,0.000234182317216894
"70206791848","One In Five Association Inc.","Small",2021,2020,1,FALSE,116600,132769,0.878217053679699
"70246229631","Tullamarine Community House and Men's Shed Incorporated","Small",2021,2021,0,FALSE,800,257888,0.00310212185134632
"70517042298","Mphatso Children's Foundation Incorporated","Small",2021,2023,-2,FALSE,86964,93372,0.931371289037399
"70828113699","Emergency & Long Term Accommodation Moranbah Inc","Medium",2021,2020,1,FALSE,25142,577771,0.0435155104704113
"70957910935","Merewether Surf Lifesaving Club Inc","Small",2021,2021,0,FALSE,17878,163674,0.109229321700453
"71005239510","Diabetes Victoria","Large",2021,2022,-1,FALSE,10136467,33620568,0.301496006849141
"71127608677","4EK Incorporated","Small",2021,2020,1,TRUE,6012,16069,0.374136536187691
"71160962096","Overseas Services to Survivors of Torture and Trauma (OSSTT) Ltd","Small",2021,2023,-2,FALSE,0,1645668,0
"71166864151","IndianCare Incorporated","Small",2021,2022,-1,FALSE,550,766966,0.000717111319145829
"71219354299","Sudanese-Australian Lost Boys and Girls of South Sudan (SALBAGOSS) Inc","Small",2021,2021,0,FALSE,12255,35031,0.349833005052668
"71301043868","Joseph's Corner","Small",2021,2021,0,FALSE,87373,166538,0.524643024414848
"71553906532","Cardiff District Men's Shed Inc","Small",2021,2021,0,FALSE,667,43653,0.015279591322475
"71596707634","Copacabana Community Men's Shed Incorporated","Small",2021,2021,0,FALSE,69412,74952,0.926086028391504
"71609848479","Derby Home And Community Care Inc","Medium",2021,2021,0,FALSE,0,688542,0
"71613288350","Ready 2 Change Ltd","Small",2021,2022,-1,FALSE,32334,176967,0.182712031056638
"71613909247","Innovation Youth Centre","Small",2021,2020,1,FALSE,2000,368964,0.00542058303791156
"71624984836","The Man Cave Global Ltd","Large",2021,2021,0,FALSE,653200,1384362,0.471841902623736
"71644940277","Kura Yerlo Council Inc","Large",2021,2023,-2,FALSE,0,2965306,0
"71766845056","Walara Incorporated","Large",2021,2022,-1,FALSE,7105,4448022,0.00159733922179342
"72030561388","The Mudgeeraba Foundation","Small",2021,2023,-2,FALSE,0,23309,0
"72110488554","Australian International Academy of Education Limited","Large",2021,2020,1,FALSE,0,19190470,0
"72163263467","Allcare Community Support Incorporated","Large",2021,2023,-2,FALSE,0,5053423,0
"72410266331","CONDOBOLIN LOCAL ABORIGINAL LAND COUNCIL","Medium",2021,2020,1,FALSE,0,811359,0
"72695915472","Yarraman & District Men's Shed Inc.","Small",2021,2021,0,FALSE,4249,20397,0.208314948276707
"72751215829","Lucas Heights Community School P&C","Small",2021,2020,1,FALSE,25066,30835,0.812907410410248
"72839635089","Balaklava Museum Incorporated","Small",2021,2020,1,FALSE,7143,17394,0.410658847878579
"72927261737","Regained Incorporated","Small",2021,2020,1,FALSE,10639,14868,0.715563626580576
"72966316271","Indian Support Center Incorporated","Small",2021,2022,-1,FALSE,16260,46102,0.352696195392825
"73094529156","Victorian Doctors' Health Program Limited","Medium",2021,2022,-1,FALSE,0,1328502,0
"73195185842","Nungera Co-Operative Society Ltd","Medium",2021,2020,1,FALSE,24127,714878,0.0337498146536892
"73294378005","The Glorious Gospel Church","Medium",2021,2020,1,FALSE,1664926,1767959,0.941722064821639
"73412202025","Fresh Start Missions Incorporated","Small",2021,2022,-1,FALSE,22665,22665,1
"73629038884","ST PHILIP'S COLLEGE ALICE SPRINGS","Large",2021,2023,-2,FALSE,0,17630299,0
"73633510808","INCLUSION ACCESS LTD","Small",2021,2022,-1,FALSE,0,1700,0
"73978612885","Jindera Pioneer Museum & Historical Society Inc","Small",2021,2020,1,FALSE,44047,118100,0.372963590177815
"74068758654","Medecins Sans Frontieres Australia Limited","Large",2021,2020,1,FALSE,105534255,112871699,0.934993057914367
"74442021693","Men And Women Of Destiny Ministries Inc","Small",2021,2022,-1,FALSE,15722,15726,0.999745644156175
"74621137797","Mount Beauty And District Men's Shed Incorporated","Small",2021,2021,0,FALSE,11880,19020,0.624605678233438
"74642498600","Benefolk Foundation Ltd","Medium",2021,2022,-1,FALSE,60000,115000,0.521739130434783
"74645109208","SALESIAN COLLEGE CHADSTONE","Large",2021,2023,-2,FALSE,0,70544911,0
"74780103484","THURGOONA MENS SHED Inc","Small",2021,2021,0,FALSE,7778,121924,0.0637938387848168
"75090720086","Universal Education And Training Ltd","Medium",2021,2020,1,FALSE,26131,595116,0.0439090866318499
"75092415800","Foundation Broken Hill Limited","Small",2021,2020,1,FALSE,162050,333507,0.485896847742326
"75119689865","Caboolture Community Care Inc","Medium",2021,2022,-1,FALSE,1180,480503,0.00245575990160311
"75124120431","Wesley College","Large",2021,2022,-1,FALSE,2103019,44055501,0.047735673236357
"75216602591","CULTURAL DIVERSITY NETWORK INCORPORATED","Small",2021,2022,-1,FALSE,170,74177,0.00229181552233172
"75260386455","Climate And Health Alliance Incorporated","Medium",2021,2023,-2,FALSE,36444,521303,0.06990943846477
"75310837311","Our Town Association Inc.","Small",2021,2020,1,FALSE,1122,4765,0.235466946484785
"75582747598","Regency Community Men's Shed","Small",2021,2021,0,FALSE,4559,24751,0.184194577996849
"75629555684","PATHLY INCORPORATED","Small",2021,2021,0,FALSE,1334,43839,0.0304295262209448
"75812792400","Cornerstone Contact Centre Inc","Small",2021,2021,0,FALSE,56668,199169,0.284522189698196
"75915252237","Beacon of Hope Community Education Support Fund","Small",2021,2023,-2,FALSE,18595,18595,1
"75944270255","Central Community Centre Inc.","Medium",2021,2022,-1,FALSE,25142,559546,0.0449328562799126
"75967571784","Epilepsy Foundation","Large",2021,2022,-1,FALSE,2284652,8717273,0.262083337300553
"76116997392","The Well Being Initiative","Medium",2021,2020,1,FALSE,552180,873520,0.632132063375767
"76245905172","Eltham Men's Shed Incorporated","Small",2021,2021,0,FALSE,15150,77575,0.195294875926523
"76513607164","CAIRNS CHILDREN'S MUSEUM INC","Small",2021,2021,0,TRUE,298,49462,0.00602482714002669
"76579045428","Pimpama Mens Shed Inc.","Small",2021,2021,0,FALSE,11900,64700,0.183925811437403
"77231050273","Giac Hoang Pagoda Inc","Small",2021,2022,-1,FALSE,37300,83200,0.448317307692308
"77597187569","Digital Literacy Foundation","Medium",2021,2020,1,FALSE,265,866465,0.000305840397477105
"77608175090","Indooroopilly Men's Shed Inc","Small",2021,2023,-2,FALSE,16,44011,0.000363545477267047
"77630675464","ETZ CHAIM LTD","Medium",2021,2021,0,FALSE,0,1533294,0
"77638165432","Bowen Residents Action Group Inc","Small",2021,2023,-2,FALSE,17500,58552,0.298879628364531
"78124451540","Meaningful Ageing Australia Ltd","Medium",2021,2021,0,FALSE,55,602483,9.12888828398478e-05
"78197934972","Ohr Yisrael Incorporated","Medium",2021,2021,0,FALSE,130742,217280,0.601721281296024
"78608509824","10x10 Philanthropy Limited","Medium",2021,2022,-1,FALSE,101022,584538,0.172823665869456
"78613686534","Mind With Heart Australia Limited","Small",2021,2020,1,FALSE,30000,33004,0.908980729608532
"78903242780","Victorian Lions Foundation Inc","Small",2021,2021,0,FALSE,54175,711249,0.0761688241389443
"79001477970","Ascham Foundation Ltd","Large",2021,2022,-1,FALSE,1336005,2656461,0.502926638109876
"79036396525","The Islamic Society Of Victoria Incorporated","Large",2021,2023,-2,FALSE,2319240,4779787,0.485218274370804
"79117529932","Kilvington Grammar School Ltd","Large",2021,2023,-2,FALSE,87437,24894958,0.00351223729720693
"79130823193","Indochina Starfish Foundation (Australia) Ltd","Small",2021,2020,1,FALSE,179058,179058,1
"79160595251","The Cancer Foundation Inc.","Small",2021,2021,0,FALSE,76528,422817,0.180995560727218
"79420690128","Lutheran Church Queensland Australian Disaster Relief Fund","Small",2021,2022,-1,FALSE,30320,30382,0.997959318017247
"79598692618","Sailability Victoria Inc","Small",2021,2022,-1,FALSE,29716,29918,0.993248211778862
"79677574489","Tea Lake and the Rare Disease Association Inc","Small",2021,2020,1,FALSE,636,1037,0.613307618129219
"79902601713","Returned & Services League Of Australia (Queensland Branch)","Large",2021,2023,-2,FALSE,899870,216200253,0.00416220604515204
"80163795597","SAVE OUR STREETS LIMITED","Small",2021,2023,-2,FALSE,6100,15550,0.392282958199357
"80172769393","Looma Community Inc","Large",2021,2022,-1,FALSE,0,2573406,0
"80312028341","DENMARK MEN'S SHED INC.","Small",2021,2021,0,FALSE,26992,327600,0.0823931623931624
"80615770786","Havenport MSL Inc.","Medium",2021,2021,0,FALSE,3192,1506424,0.00211892534903852
"80794580107","K9 Refuge Association Inc","Small",2021,2021,0,FALSE,11119,47876,0.232245801654274
"81224066028","Shekinah House Inc","Small",2021,2020,1,FALSE,23070,113851,0.202633266286638
"81617686781","Herd of Hope Limited","Small",2021,2021,0,FALSE,38797,59516,0.651875126016533
"81998188477","Yaadein Vision Australia Inc","Small",2021,2021,0,FALSE,25920,25920,1
"82153254056","Thirroul Surf Life Saving Club Inc","Small",2021,2021,0,FALSE,16216,473224,0.034267070140145
"82186380740","Under the Southern Cross Outreach Ministries Incorporated","Small",2021,2020,1,FALSE,23183,57139,0.405729886767357
"82259471365","Goulburn Murray Local Learning and Employment Network Inc.","Medium",2021,2022,-1,FALSE,0,613717,0
"82305662371","Clergy Retirement Foundation of the Roman Catholic Archdiocese of Canberra & Goulburn","Medium",2021,2022,-1,FALSE,265833,323033,0.822928307634205
"82411998933","No Meat May Incorporated","Small",2021,2022,-1,FALSE,5200,132312,0.0393010460124554
"82424729061","Bodhgaya Development Association Inc.","Small",2021,2021,0,FALSE,18291,27962,0.654137758386382
"82549537349","BEING - Mental Health Consumers Limited","Medium",2021,2022,-1,FALSE,0,1831306,0
"82618896558","Destiny Family & Community Services Ltd","Small",2021,2022,-1,FALSE,52409,97568,0.537153574942604
"82691324728","Maternity Choices Australia Ltd","Small",2021,2023,-2,FALSE,130,1625,0.08
"83000250304","Wenona School Ltd","Large",2021,2020,1,FALSE,745368,47799740,0.0155935576218615
"83160564429","Save Our Supplies Ltd","Medium",2021,2021,0,FALSE,1289867,1289867,1
"83476538863","Samunnat Incorporated","Small",2021,2022,-1,FALSE,2290,20969,0.109208832085459
"83628057134","HAPPINESS CO FOUNDATION LTD","Medium",2021,2023,-2,FALSE,0,39095,0
"83964176052","Healthy Cities Illawarra Incorporated","Medium",2021,2021,0,FALSE,127772,1172526,0.108971570779667
"84003061078","Yaraandoo Life Centre","Small",2021,2021,0,FALSE,0,1270,0
"84107210015","KYEEMA Foundation Ltd","Medium",2021,2022,-1,FALSE,112321,966634,0.116198064624253
"84182930575","MY REDEEMER LIVES INC","Small",2021,2022,-1,FALSE,12595,13720,0.918002915451895
"84405168482","Bayt Zakat Charity Inc","Medium",2021,2023,-2,FALSE,1679200,1679200,1
"84581402947","Alcohol and Other Drug Consumer & Community Coalition (AODCCC) Incorporated","Small",2021,2022,-1,FALSE,0,159377,0
"84604376491","Wangi Mens Shed Incorporated","Small",2021,2021,0,FALSE,3600,52319,0.0688086545996674
"84623588389","Gippsland East Local Learning & Employment Network","Medium",2021,2022,-1,FALSE,0,960740,0
"84807299090","Australian Association for Adolescent Health Limited","Small",2021,2021,0,FALSE,0,12604,0
"84814621404","Every Mum Incorporated","Small",2021,2020,1,FALSE,124300,170050,0.730961481917083
"84993931261","Sunshine Valley Mens Shed","Small",2021,2020,1,FALSE,1720,24404,0.0704802491394853
"85001797137","Council Of Social Service Of New South Wales","Large",2021,2021,0,FALSE,57749,2950251,0.0195742667318815
"85168357033","Yarra Foundation for Disadvantaged Children Inc","Small",2021,2023,-2,FALSE,62069,268469,0.231196153000905
"85262446848","Teens Take Control Inc.","Small",2021,2022,-1,FALSE,30300,149286,0.202966118725132
"85593254500","Team Tye Foundation","Small",2021,2022,-1,FALSE,414511,414859,0.999161160779928
"86000153560","Katoomba Christian Convention Ltd","Large",2021,2021,0,FALSE,605037,4100424,0.147554740680476
"86366363924","Gladstone Men's Shed Association Inc","Small",2021,2021,0,FALSE,23419,76415,0.30647124255709
"86512795097","Hearts4Heros Incorporated","Small",2021,2021,0,FALSE,331,1022868,0.000323599917095852
"86568917131","Charlies Gift Fund Incorporated","Small",2021,2022,-1,FALSE,3186,3186,1
"86632754780","LOAVES AND FISHES CARE SERVICE TOOWOOMBA LIMITED","Medium",2021,2020,1,FALSE,500,704773,0.000709448290442454
"86633799124","Ohana Education Ltd","Large",2021,2023,-2,FALSE,7000,8803927,0.000795099732199052
"87040729116","Friends of Myall Creek Memorial Inc","Small",2021,2020,1,FALSE,44496,152373,0.292020239806265
"87126525380","Australian Books For Children Of Africa Ltd","Small",2021,2022,-1,FALSE,8000,8000,1
"87168259096","Positive Education Schools Association Limited","Small",2021,2022,-1,FALSE,14859,177399,0.0837603368677388
"87267901425","Australian Centre for Heart Health","Small",2021,2022,-1,FALSE,1835232,2521015,0.727973455136126
"87607507004","Ability Beyond Boundaries Limited","Small",2021,2023,-2,FALSE,0,19500,0
"88004261527","Mentone Girls Grammar School","Large",2021,2021,0,FALSE,155724,22744916,0.00684654100283334
"88030734363","Tikkun Olam Gift Fund","Small",2021,2021,0,FALSE,72817,72821,0.999945070790019
"88567811835","Youth and Families Association of Pine Rivers Inc","Small",2021,2022,-1,FALSE,5775,119454,0.0483449696117334
"88608849658","Oak Flats Public School P&C Inc","Small",2021,2022,-1,FALSE,0,122635,0
"88618869855","Christmas Presents for Kids in Care Ltd","Small",2021,2020,1,FALSE,34200,56113,0.609484433197298
"88635516068","Collective Hope Community Services Ltd","Large",2021,2020,1,TRUE,5830,2515870,0.00231728984406984
"88965371802","Irwin Districts Historical Society Incorporated","Small",2021,2022,-1,FALSE,10187,37525,0.27147235176549
"88971771757","Willow Tree Sanctuary","Small",2021,2022,-1,TRUE,2265,9500,0.238421052631579
"89002643594","Carinya Christian Education Ltd","Large",2021,2022,-1,FALSE,350,20069326,1.7439549290295e-05
"89123037070","Access Community Housing Company Ltd","Large",2021,2023,-2,FALSE,0,8335960,0
"89286191509","WILLOUGHBY COMMUNITY MEN'S SHED INC","Small",2021,2021,0,FALSE,15274,50253,0.303942053210754
"89613555347","Virtual War Memorial Limited","Small",2021,2022,-1,FALSE,131244,322295,0.407216990645216
"89633129807","HUMANITAS HIGH SCHOOL LTD","Medium",2021,2021,0,FALSE,6882,211909,0.0324762044084961
"89640723557","CLOTHING THE GAP FOUNDATION LTD","Small",2021,2022,-1,FALSE,108487,240487,0.451113781618133
"89818726922","North Balwyn Community Men's Shed Incorporated","Small",2021,2021,0,FALSE,550,10900,0.0504587155963303
"89866800390","Australian War Widows W.A. Inc.","Small",2021,2021,0,FALSE,3830,269186,0.0142280802121953
"89880631615","Human and Hope Association Incorporated","Small",2021,2020,1,FALSE,74593,183945,0.405517953736171
"90136588234","Returned & Services League Of Australia (Queensland Branch) Yeronga Dutton Park Sub-Branch Inc","Small",2021,2022,-1,FALSE,15,125531,0.000119492396300515
"90263052314","Social Help Endeavour For Bangladesh Inc","Small",2021,2021,0,FALSE,16840,31914,0.527668108040358
"90412765337","Springfield Camira Men's Shed Inc","Small",2021,2021,0,FALSE,1366,24756,0.0551785425755372
"90528422430","The Australian Centre For Social Innovation Inc","Large",2021,2021,0,FALSE,0,6915952,0
"90546015020","The Corporation of the Synod of the Diocese of Brisbane Trading as St Paul's School Bald Hills","Large",2021,2022,-1,FALSE,396815,31836719,0.0124640670415818
"90608024391","PERTH KOREAN WAR MEMORIAL COMMITTEE INCORPORATED","Small",2021,2022,-1,TRUE,42000,42000,1
"90625624357","Slav Fest Association Inc","Small",2021,2020,1,FALSE,0,10224,0
"90657853804","Eastern Goldfields Historical Society (Inc.)","Small",2021,2020,1,FALSE,3059,141796,0.0215732460718215
"90977312863","Cool Country Men's Shed Incorporated","Small",2021,2022,-1,FALSE,1325,18874,0.0702023948288651
"91058556764","Central Queensland Christian College Limited","Large",2021,2020,1,FALSE,18444,4196228,0.00439537603771768
"91068371022","Youthsafe","Small",2021,2021,0,FALSE,0,522966,0
"91153969337","Heatherdale Preschool Inc","Small",2021,2020,1,FALSE,0,348456,0
"91320077835","FNQ Foster Farms.Inc","Small",2021,2020,1,FALSE,18934,23931,0.791191341774268
"91416186495","Tweed Heads Community Men's Shed Inc","Small",2021,2021,0,FALSE,3442,54068,0.0636605755715026
"91647344965","VETERANS GRAPPLING FOUNDATION LIMITED","Small",2021,2022,-1,TRUE,5929,11947,0.496275215535281
"91868380784","Dig In: Inc","Small",2021,2021,0,FALSE,46577,46577,1
"91899241298","K9 SAR Inc.","Small",2021,2021,0,FALSE,22400,26455,0.846720846720847
"92115819913","Ardross Primary School P&C Assn","Small",2021,2023,-2,FALSE,50958,80738,0.631152617107186
"92149068642","RUTHERGLEN HISTORICAL SOCIETY INC","Small",2021,2021,0,FALSE,217,2907,0.0746474028207774
"92210921699","Simple Steps Solutions Incorporated","Small",2021,2023,-2,FALSE,5124,19627,0.26106893564987
"92606609616","Ohana College Ltd","Large",2021,2023,-2,FALSE,0,3228139,0
"92631417475","INDUS HEALTH AUSTRALIA LIMITED","Medium",2021,2023,-2,FALSE,97771,97824,0.99945821066405
"92660893570","Priests Welfare Foundation Of The Diocese Of Sale","Small",2021,2023,-2,FALSE,19459,281564,0.0691103976360614
"93000946289","LORIEN-NOVALIS SCHOOL FOR RUDOLF STEINER EDUCATION LTD","Large",2021,2023,-2,FALSE,9250,5459897,0.00169417115377818
"93061557364","Csv Limited","Large",2021,2020,1,FALSE,9702,42108728,0.000230403540092686
"93093281641","Leaders Institute Of South Australia Inc","Medium",2021,2022,-1,FALSE,0,1077774,0
"93202389056","Seymour College Inc","Large",2021,2020,1,FALSE,613563,28635171,0.0214269019032574
"93249530317","OM Therapy","Small",2021,2021,0,FALSE,10450,28301,0.369244903006961
"93799121312","Bridge Builders Incorporated","Small",2021,2020,1,FALSE,55603,60192,0.923760632642212
"93970982732","Woodcroft College Inc","Large",2021,2023,-2,FALSE,6122,30478499,0.00020086290994842
"94050110346","Neuroscience Research Australia","Large",2021,2023,-2,FALSE,10731785,40493308,0.265026137158268
"94609182072","The Archbishop Of Sydneys Overseas Ministry Fund","Large",2021,2021,0,FALSE,752067,752192,0.99983381902493
"94641582121","AUSTRALIAN ASSOCIATED PRESS LTD","Large",2021,2022,-1,TRUE,2284458,17251062,0.132424195101728
"94743010990","YOWIE BAY P&C ASSOCIATION","Small",2021,2023,-2,FALSE,100,50222,0.00199115925291705
"94828298590","Kilkivan Veteran's and Community ""Men's Shed"" Association Inc.","Small",2021,2021,0,FALSE,15045,105243,0.142954875858727
"94880354126","EV Church Limited","Large",2021,2020,1,FALSE,4001236,4807313,0.832322754936073
"95017450530","Northern Suburbs Community Centre Inc","Medium",2021,2022,-1,FALSE,29940,1218256,0.0245761153649151
"95166529782","Yarranlea Limited","Medium",2021,2022,-1,FALSE,7347,1020941,0.00719630223489898
"95229959403","Granville Mens Shed Inc.","Small",2021,2021,0,FALSE,462,17168,0.026910531220876
"95609027410","Vocational Bible College Limited","Small",2021,2022,-1,FALSE,134952,183435,0.73569384250552
"95641764445","HEAVENLY HOMES INTERNATIONAL LTD","Small",2021,2022,-1,FALSE,1089,9093,0.119762454635434
"95738551437","Elizabeth Morgan House Aboriginal Women's Services Inc","Large",2021,2020,1,FALSE,34994,3564638,0.00981698562378564
"95751520504","NICHOLSON STREET PUBLIC SCHOOL PARENTS AND CITIZENS ASSOCIATION","Small",2021,2021,0,FALSE,54837,64065,0.855958791852025
"95946679015","Adelaide Holocaust Museum and Steiner Education Centre Incorporated","Medium",2021,2021,0,FALSE,200771,341482,0.587940213539806
"96000538803","Australian Railway Historical Society New South Wales Division","Medium",2021,2020,1,FALSE,20522,1154063,0.0177823914292374
"96147368664","Lower Lachlan Community Services Inc","Small",2021,2020,1,FALSE,39026,822479,0.0474492357859593
"96161067492","Pollinate Group Ltd","Medium",2021,2020,1,FALSE,391538,895403,0.437275729476001
"96261040501","Wollongong Meals On Wheels Assn Inc","Medium",2021,2022,-1,FALSE,11000,599695,0.0183426575175714
"96313965015","Australian Sikh Support Inc","Small",2021,2020,1,FALSE,63805,103805,0.614662106834931
"96362741881","Bloss - Riverina Pregnancy & Baby Loss Support Inc","Small",2021,2021,0,TRUE,1266,28414,0.0445555008094601
"96435996391","Waverley Community Men's Shed Inc","Small",2021,2021,0,FALSE,450,9967,0.0451489916725193
"96621534683","Armadillo&Co Foundation Limited","Small",2021,2023,-2,FALSE,509235,509284,0.999903786492409
"96624570510","YOUNG LEADERS OF TASMANIA LTD.","Medium",2021,2022,-1,FALSE,19981,141486,0.141222453104901
"96655027320","Alpine Valleys Community Leadership Fund Ltd.","Medium",2021,2022,-1,FALSE,90789,408649,0.222168658188323
"96788532201","Albany MenShed Inc","Small",2021,2022,-1,FALSE,10923,133407,0.0818772628122962
"96956782786","The Mustard Seed Family Project Incorporated","Small",2021,2023,-2,FALSE,78801,99577,0.791357441979574
"97478220756","Tullawon Health Service Incorporated","Large",2021,2023,-2,FALSE,0,8771545,0
"97518065568","The Judith Neilson Institute for Journalism and Ideas","Medium",2021,2021,0,FALSE,5e+06,5092929,0.981753328978276
"97558392056","Latin Stories Australia Inc","Small",2021,2021,0,FALSE,0,72949,0
"98004700560","Computerbank Victoria Inc","Small",2021,2022,-1,FALSE,93,157220,0.000591527795445872
"98634977549","Westside Housing Company Limited","Large",2021,2020,1,FALSE,0,10479710,0
"98635385714","A Liquid Future Ltd","Small",2021,2023,-2,FALSE,309,86613,0.00356759377922483
"98647010375","Psychedelic Research In Science & Medicine Ltd","Small",2021,2021,0,FALSE,210943,214753,0.982258687887946
"98795843750","CARE AND SERVE INCORPORATED","Small",2021,2022,-1,FALSE,3510,3510,1
"98965716598","Invisible Illnesses Inc","Small",2021,2021,0,FALSE,1000,26268,0.0380691335465205
"99000020762","Meriden School","Large",2021,2021,0,FALSE,0,48442927,0
"99052134639","Restoration Enterprises Limited","Small",2021,2020,1,FALSE,5870,178262,0.032929059474257
"99609928234","Ark Rising Ltd","Small",2021,2021,0,FALSE,18545,18548,0.999838257494069
"99618617093","Sudd Foundation Ltd","Small",2021,2022,-1,FALSE,293,319871,0.000915994260186138
"99625904663","Capital Region Heritage Rail Limited","Small",2021,2020,1,FALSE,24975,157589,0.158481873734842
"99629608868","Rufus S.A. Limited","Small",2021,2020,1,FALSE,20718,36490,0.567771992326665
"99659766292","One Dollar Project Inc","Small",2021,2023,-2,FALSE,56905,56905,1
"99722497212","Fingal Valley Neighbourhood House","Medium",2021,2023,-2,FALSE,424,825861,0.00051340358728648
"99821785872","Amani Orphans and Widows Welfare Service Inc.","Small",2021,2020,1,FALSE,13913,13913,1
"11260987026","HIGHFIELDS PIONEER VILLAGE MUSEUM AND PARK INC","Small",2022,2020,2,TRUE,11238,267357,0.0420336852971869
"11363125088","EDUCATION WITHOUT BORDERS (AUSTRALIA) INCORPORATED","Small",2022,2021,1,FALSE,145384,215466,0.67474218670231
"11403984944","VOF Charity Incorporated","Small",2022,2023,-1,FALSE,9012,22450,0.401425389755011
"11636474363","BEYOND THE BADGE LIMITED","Small",2022,2023,-1,FALSE,15000,15000,1
"12155976319","ACF - Australian Care Foundation Limited","Small",2022,2022,0,FALSE,1024,39328,0.0260374288039056
"12451824370","Chairo Parent Governed Christian Education Limited","Large",2022,2021,1,FALSE,2910,35852112,8.11667664097446e-05
"12454623050","Sydney Eye Hospital Foundation Trust","Medium",2022,2023,-1,FALSE,1180928,1802819,0.655045237486403
"12608879741","A Chance For Change Ltd","Small",2022,2020,2,FALSE,25954,25954,1
"12633397172","THE PLACE OF KEEPING LTD","Medium",2022,2023,-1,FALSE,0,534719,0
"12738414077","Bauple Community Shed Inc.","Small",2022,2021,1,TRUE,3011,6943,0.433674204234481
"12807568469","The Humble Mission of Melbourne Incorporated","Small",2022,2022,0,FALSE,65016,140016,0.464346931779225
"13127908187","Australian Indigenous Education Foundation","Large",2022,2020,2,FALSE,7663063,38276257,0.200204084741097
"13198748098","Northern Beaches Secondary College Balgowlah Boys Campus Parents & Citizens' Association","Medium",2022,2020,2,FALSE,5130,539367,0.00951114918042817
"13382113021","Peel Volunteer Resource Center Inc","Small",2022,2022,0,FALSE,0,283804,0
"13607436671","AUSTRALIAN CARDIOVASCULAR ALLIANCE LTD","Medium",2022,2022,0,FALSE,0,646538,0
"13643209063","HIGHWAY FOUNDATION LIMITED","Small",2022,2023,-1,FALSE,213000,285861,0.745117382224228
"13746772326","Whyalla Men's Shed Inc.","Small",2022,2022,0,FALSE,2855,42409,0.0673206159070009
"13750980152","Tailem Bend Community Centre Inc","Medium",2022,2023,-1,FALSE,841,875313,0.000960799165555636
"13805775145","Vincent Community Shed Inc","Small",2022,2021,1,FALSE,220,29313,0.0075052024698939
"13986701465","Worn Gundidj Aboriginal Co-Op Ltd","Medium",2022,2021,1,FALSE,0,3566485,0
"14136043783","Fremantle Men's Community Shed Inc","Small",2022,2021,1,FALSE,3533,132706,0.0266227600862056
"14518578865","Hunter Bible Church Association Inc","Large",2022,2022,0,FALSE,2750160,3456058,0.795750534279228
"14637350953","Community Compassion Ministries","Small",2022,2023,-1,FALSE,6675,394356,0.0169263305236893
"14692922067","Brunswick Junction Community Men's Shed Incorporated","Small",2022,2021,1,FALSE,1310,49198,0.0266270986625473
"14886457301","Irish Support Victoria Inc","Small",2022,2023,-1,FALSE,11165,102794,0.108615288830087
"14959633656","Maitland Cancer Appeal Committee Inc","Small",2022,2022,0,FALSE,215583,338002,0.637815752569511
"15096096154","Children of Cambodia Foundation Inc","Small",2022,2020,2,FALSE,13095,20450,0.640342298288509
"15490012190","Mornington Mens Shed Incorporated","Small",2022,2021,1,FALSE,6652,107016,0.0621589295058683
"15600973210","New Era Disability Services Incorporated","Large",2022,2021,1,FALSE,0,1558452,0
"15606937763","BK 2 Basics Melbourne Incorporated","Small",2022,2020,2,FALSE,257082,272082,0.94486956138223
"15641516172","Bunbury Geographe Motor Museum Ltd","Small",2022,2022,0,FALSE,13202,86892,0.151935736316347
"15894216603","Helena River Steiner School Community Association Inc","Medium",2022,2020,2,FALSE,5194,2149384,0.00241650631064528
"15921239978","InLife Turning Point Foundation","Small",2022,2020,2,FALSE,47930,47932,0.999958274221814
"16068548631","Wesnet (Women's Services Network) Incorporated","Large",2022,2020,2,FALSE,6043,1193356,0.0050638702952011
"16095377370","Australian Society Of Anaesthetists Limited","Large",2022,2020,2,FALSE,0,5601085,0
"16145204039","Doctors' Health Sa Limited","Medium",2022,2022,0,FALSE,8010,476680,0.0168037257699085
"16164251972","Gloucester Men's Shed Incorporated","Small",2022,2021,1,FALSE,364,30980,0.0117495158166559
"16210202386","Lachy's Reach Incorporated","Small",2022,2022,0,TRUE,9040,9220,0.980477223427332
"16308384841","DHUBU-GU LOCAL ABORIGINAL LAND COUNCIL","Medium",2022,2021,1,FALSE,0,918328,0
"16337158552","Waikerie Lutheran Primary School Incorporated","Medium",2022,2020,2,FALSE,938,2300887,0.000407668868571121
"16530482569","Kyogle Together Incorporated","Medium",2022,2022,0,FALSE,10763,589073,0.0182710801547516
"16600672812","Mt Baw Baw Volunteer Ski Patrol Inc.","Small",2022,2022,0,FALSE,0,6000,0
"16624152638","Mission2Myanmar","Small",2022,2020,2,FALSE,179959,184723,0.974210033401363
"16635283680","SUPPORTED AFFORDABLE ACCOMMODATION TAS LIMITED","Small",2022,2023,-1,FALSE,0,2036310,0
"16674035894","Retirement Village Residents Association (Inc)","Small",2022,2020,2,FALSE,9177,133488,0.0687477526069759
"17002512370","The Hills Grammar School","Large",2022,2020,2,FALSE,592784,36127226,0.0164082346095435
"17224504183","Northshore Men’s Shed Inc","Small",2022,2023,-1,FALSE,6564,14482,0.453252313216407
"17285520047","Port Kembla & District Meals On Wheels Inc","Small",2022,2020,2,FALSE,100,284388,0.000351632277029973
"17323323729","Milton Ulladulla Men's Shed Incorporated","Small",2022,2021,1,FALSE,1517,34195,0.0443632109957596
"17422428487","Daylesford Community Op Shop Inc.","Small",2022,2023,-1,FALSE,1290,70147,0.0183899525282621
"17607007303","14 Stars Children Foundation Pty Ltd","Small",2022,2021,1,FALSE,260299,260299,1
"17642475296","AFRICAN FAMILY SERVICES LIMITED","Small",2022,2023,-1,FALSE,0,231987,0
"17643980287","CLEARVIEW CHRISTIAN COLLEGE LTD","Medium",2022,2022,0,FALSE,56554,60854,0.929339073848884
"17992708637","Herd Together Inc","Small",2022,2022,0,TRUE,2640,5471,0.482544324620727
"18171935959","Australian Information Security Association (AISA) Limited","Large",2022,2023,-1,FALSE,0,3533862,0
"18630990996","The Mission To Seafarers Victoria Inc","Medium",2022,2023,-1,FALSE,94671,830663,0.113970406771458
"18743735011","Eacham Community Help Organization Inc","Medium",2022,2021,1,FALSE,8929,1093293,0.00816706957787162
"18938419763","SUBIACO JUSTICE CENTRE INC.","Small",2022,2020,2,FALSE,30494,30494,1
"19005958216","Emmaus Christian Community Limited","Small",2022,2021,1,FALSE,7480,2396,1
"19127640466","Australian Academy of Law","Small",2022,2020,2,TRUE,10200,151655,0.0672579209389733
"19147249394","Fremantle Foundation Limited","Small",2022,2020,2,FALSE,47689,200732,0.237575473766016
"19197993800","Chinese Theological College Australia Inc","Large",2022,2023,-1,FALSE,1066100,1710669,0.623206476530527
"19353529259","Derek's Place Incorporated","Small",2022,2022,0,FALSE,26211,26226,0.999428048501487
"19373588300","Torquay Community Men's Shed Inc","Small",2022,2021,1,FALSE,865,21307,0.0405969869057117
"19607164090","Aboriginal and Torres Strait Islander Mathematics Alliance Limited","Medium",2022,2020,2,FALSE,45018,394770,0.114036020974238
"19634798520","KLUTHUTHU CHRISTIAN COLLEGE LTD","Medium",2022,2021,1,FALSE,74420,75377,0.987303819467477
"19722502215","Melbourne Men's Group Incorporated","Small",2022,2023,-1,FALSE,141,17028,0.00828047921071177
"20026465034","Ngaruwanajirri Inc","Small",2022,2021,1,FALSE,129831,589700,0.220164490418857
"20072693700","Padua College Limited","Large",2022,2023,-1,FALSE,170205,32730871,0.00520013659275978
"20269837369","Parramatta District Men's Shed Inc","Small",2022,2021,1,FALSE,2550,13363,0.190825413455062
"20438800399","Western Australian Institute For Educational Research Inc","Small",2022,2020,2,FALSE,6000,20351,0.294825807085647
"20504408045","Jordan River Service Inc.","Medium",2022,2020,2,FALSE,1223,1461834,0.00083662030025297
"20621626202","The James & Jutta Lauf Foundation Limited","Small",2022,2020,2,FALSE,0,118356,0
"20639931052","ADELAIDE CITY CARE INCORPORATED","Small",2022,2021,1,TRUE,34842,34842,1
"20671392558","Opening The Doors Foundation","Medium",2022,2020,2,FALSE,639340,577876,1
"20737850413","West Moonah Community Action Group Inc","Small",2022,2020,2,FALSE,17508,482314,0.0363000037320086
"20739138976","Nations Church Inc","Large",2022,2020,2,FALSE,8297204,8781124,0.944890881850661
"20760201925","Kidzflip Incorporated","Small",2022,2020,2,FALSE,1474,1474,1
"21150644108","Pottsville and District Mens Shed Inc.","Small",2022,2021,1,FALSE,5059,43970,0.115055719808961
"21164108975","Kilmore District Mens Shed Inc.","Small",2022,2021,1,FALSE,3626,71338,0.0508284504752026
"21290070553","Warrina Innisfail","Large",2022,2021,1,FALSE,2645,17019084,0.000155413769624734
"21369165660","Alithia Incorporated","Small",2022,2020,2,FALSE,0,30000,0
"21458832336","Kingaroy Men's Shed inc","Small",2022,2022,0,TRUE,8833,48163,0.183398044141769
"21472309062","Boys From The Bush Projects Inc","Small",2022,2020,2,FALSE,0,102373,0
"21612777474","Kids in Philanthropy Limited","Small",2022,2021,1,FALSE,98415,125262,0.7856732289122
"21768379010","A Little Sparkle- Bringing girls on the spectrum together","Small",2022,2020,2,FALSE,5000,43000,0.116279069767442
"22086764230","Alpha Australia National Office","Large",2022,2021,1,FALSE,4356942,4411102,0.987721888997353
"22161120118","BBI The Australian Institute of Theological Education","Medium",2022,2022,0,FALSE,161200,2745176,0.0587211894610764
"22617686905","The Ramsay Centre for Western Civilisation","Large",2022,2021,1,FALSE,23941401,24289187,0.985681447468785
"22628738545","FNQ AVIATION MUSEUM LTD","Small",2022,2020,2,TRUE,7748,26039,0.297553669495756
"22742211672","Lake Monger Community Shed Inc.","Small",2022,2021,1,FALSE,26525,158100,0.167773561037318
"23000543788","THE AUSTRALIAN PSYCHOLOGICAL SOCIETY LIMITED","Large",2022,2023,-1,TRUE,0,17347170,0
"23098188689","Graduate Women - NSW Inc","Small",2022,2020,2,FALSE,9158,100388,0.091226042953341
"23115566624","McGrath Foundation Ltd","Large",2022,2020,2,FALSE,13761213,40741803,0.337766421382971
"23127486514","Romeo's Rabbit Rescue Incorporated","Small",2022,2021,1,TRUE,14918,30415,0.490481670228506
"23307801543","Lighthouse Christian College Cranbourne Inc","Large",2022,2020,2,FALSE,9198,16853874,0.000545749897026642
"23341979287","Clarence Valley Anglican School","Large",2022,2020,2,FALSE,73399,7944696,0.00923874242639366
"23416548217","Melbourne Tautoko Whanau Inc.","Small",2022,2023,-1,FALSE,23797,23797,1
"23483497039","Parkerville Community Care Inc","Small",2022,2021,1,FALSE,12811,116537,0.109930751606786
"23539290973","Prince Alfred College","Large",2022,2020,2,FALSE,9086003,55410809,0.163975281429297
"23587341162","GLBTI Rights in Ageing Incorporated","Small",2022,2022,0,FALSE,0,272408,0
"23709702230","Our Community Place Inc","Small",2022,2023,-1,FALSE,10470,202973,0.0515832155015692
"23832388550","Institution of Surveyors Australia (Queensland Division) Bicentennial Education Foundation","Small",2022,2021,1,FALSE,196798,233872,0.841477389341178
"23921356946","Wise Life Services Inc","Large",2022,2023,-1,FALSE,0,723974,0
"24462209649","Footscray Historical Society Inc","Small",2022,2022,0,FALSE,2221,54532,0.0407283796669845
"24565844501","Redland Bay Men's Shed Inc","Small",2022,2020,2,FALSE,10974,46726,0.234858537002953
"24619718059","Inner Melbourne African  Australian Partnership (Imaap)","Small",2022,2022,0,FALSE,0,90000,0
"24633662085","LACHLAN HUGHES FOUNDATION","Small",2022,2021,1,FALSE,101588,106059,0.957844218783884
"24637544426","The Busy School Ltd","Large",2022,2021,1,FALSE,0,13254209,0
"24643555873","STYLING STATION AUSTRALIA LTD","Small",2022,2023,-1,FALSE,1265,251284,0.00503414463316407
"24644146757","John Mc Foundation Inc","Small",2022,2021,1,FALSE,1545,14125,0.109380530973451
"24693089021","Tintern Grammar","Large",2022,2020,2,FALSE,2330,31166941,7.47587002522962e-05
"24707214286","Inner Eastern Local Learning Employment Network Inc","Medium",2022,2022,0,FALSE,0,1290362,0
"24738660512","Oxenford Men's Shed Inc.","Small",2022,2021,1,FALSE,1340,66571,0.0201288849499031
"24954265291","International Youth Fellowship Incorporated","Small",2022,2022,0,FALSE,13799,13799,1
"25138676829","Ruok? Limited","Large",2022,2023,-1,FALSE,2052873,7028748,0.292068089508971
"25227042629","Revival Church Australia Limited","Medium",2022,2020,2,FALSE,311119,475034,0.654940488470299
"25342039058","ACT Pet Crisis Support Inc","Small",2022,2021,1,FALSE,136637,136637,1
"25342966460","Love For Australia Incorporated","Small",2022,2022,0,FALSE,39163,47570,0.823270969098171
"25537381300","Alley Katz Australia Org.","Small",2022,2021,1,TRUE,16658,16658,1
"25651555805","10 CENT TOM LIMITED","Small",2022,2023,-1,FALSE,25865,118125,0.218962962962963
"25690631145","Offspring Incorporated","Small",2022,2023,-1,FALSE,154506,194049,0.79622157290169
"25717084481","Carlton Neighbourhood Learning Centre Inc.","Medium",2022,2023,-1,FALSE,161071,1135341,0.141870151786996
"25886286256","CAIRNS MEN'S SHED INC","Small",2022,2021,1,FALSE,27557,104173,0.264531116508116
"26002929204","Women Illawarra Incorporated","Large",2022,2022,0,FALSE,11799,2510735,0.00469942068756758
"26005864282","NORMAN BEISCHER MEDICAL RESEARCH FOUNDATION","Large",2022,2020,2,FALSE,32809,1703477,0.0192600193604023
"26224735996","Mundaring Community Men's Shed (Inc)","Small",2022,2022,0,FALSE,365,238462,0.00153064219875703
"26237128770","Living & Learning Inc","Medium",2022,2021,1,FALSE,2228,965232,0.00230825335256187
"26429861213","Australian Melanoma Research Foundation Ltd","Small",2022,2020,2,FALSE,195175,384969,0.50698887442885
"26483932179","Emmaus Christian School Canberra Limited","Large",2022,2020,2,FALSE,7300,10099195,0.000722829888916889
"26615709254","Australian Motor Heritage Foundation Limited","Small",2022,2023,-1,FALSE,56372,57085,0.987509853726898
"26694116261","Peninsula Evangelical Church Incorporated","Medium",2022,2021,1,FALSE,303296,470982,0.643965162150571
"27138862831","Shedding Community Workshop Inc","Small",2022,2023,-1,FALSE,52088,59943,0.868958844235357
"27633337283","RAINSHINE FOUNDATION AUSTRALIA LTD","Small",2022,2021,1,FALSE,21156,22248,0.95091693635383
"27633825724","The Pencil Tree Inc","Small",2022,2021,1,FALSE,70767,70767,1
"28153110055","Edmund Rice Foundation (Australia)","Large",2022,2021,1,FALSE,2452681,2873521,0.853545528290902
"28171439723","The Headstone Project (Tas) Inc.","Small",2022,2020,2,FALSE,16969,55118,0.30786675859066
"28182771909","The University Of The Third Age Redlands District Inc","Small",2022,2023,-1,FALSE,0,103718,0
"28604684515","Global Village Project Incorporated","Small",2022,2022,0,FALSE,9833,9833,1
"28627003039","Willmore Kindergarten & Pre-School Inc","Medium",2022,2023,-1,FALSE,0,391728,0
"28629387382","FOSTERING HOPE COMMUNITY LTD","Small",2022,2022,0,FALSE,31820,101935,0.312159709618875
"28639382782","HOPE FOR JUSTICE (AUSTRALIA) LIMITED","Small",2022,2022,0,FALSE,77104,77104,1
"28929959207","The Cove Men's Shed Inc","Small",2022,2021,1,FALSE,2841,4855,0.585169927909372
"29008155780","Australian Cranio-Maxillo Facial Foundation","Medium",2022,2023,-1,FALSE,690621,1205850,0.57272546336609
"29016580266","Gold Coast Guinea Pig Rescue Inc","Small",2022,2021,1,FALSE,23638,76740,0.308027104508731
"29233499503","Point Nepean Men's Shed Association Incorporated","Small",2022,2022,0,TRUE,1695,29977,0.0565433499015912
"29626220184","Trek Learning Centre Limited","Small",2022,2021,1,FALSE,1386,136264,0.0101714319262608
"29726939936","Condell Park Christian School Ltd.","Medium",2022,2023,-1,FALSE,10430,1244055,0.00838387370333305
"29835302417","Vision International College Inc","Small",2022,2023,-1,FALSE,7452,96204,0.0774603966571037
"29844307522","Sydney Next Church Incorporated","Medium",2022,2021,1,FALSE,652231,695231,0.938150053723151
"29949742420","Community Resource Network (CRN) Inc.","Small",2022,2020,2,FALSE,500,160733,0.00311074888168578
"30251705569","AL-ANON FAMILY GROUPS WESTERN NSW AREA INC","Small",2022,2022,0,FALSE,11599,30934,0.374959591388117
"30390041210","Australian Primary Health Care Nurses Association Limited","Large",2022,2023,-1,FALSE,0,7237370,0
"30539535489","Hampton Community Kindergarten","Medium",2022,2023,-1,FALSE,0,355390,0
"30607659567","Reach for Nepal Foundation Ltd","Small",2022,2022,0,FALSE,80481,103855,0.77493620913774
"30658029240","The Rainforest School","Medium",2022,2022,0,FALSE,16444,679314,0.0242067733036563
"30761157197","Hopefield Services Incorporated","Medium",2022,2021,1,FALSE,265416,850714,0.311992044329822
"30820083795","FRIENDS OF BUSH PUPS INC","Small",2022,2023,-1,FALSE,63724,64400,0.989503105590062
"30937756314","Injilinji Community Preschool and Kindergarten Association Inc","Medium",2022,2022,0,FALSE,12655,391324,0.0323389314225552
"31019036762","Finley High School P&C Association","Small",2022,2023,-1,FALSE,7432,220361,0.0337264761005804
"31111343287","Surf Aid International Australia Limited","Medium",2022,2022,0,FALSE,1197483,2064399,0.580063737678617
"31156195461","IGWR In Giving We Receive Inc","Small",2022,2022,0,FALSE,114745,118504,0.968279551745089
"31168484225","Dusty Paws Dog Rescue","Small",2022,2022,0,TRUE,31055,128461,0.241746522290812
"31368310372","Hedland Well Women's Centre Inc","Medium",2022,2020,2,FALSE,300,1371907,0.000218673714763464
"31473215772","Fitness For Purpose Incorporated","Small",2022,2023,-1,FALSE,10000,105000,0.0952380952380952
"31556191422","WADJAK Northside Aboriginal Community Group","Small",2022,2020,2,FALSE,8850,446171,0.019835444257919
"31605454671","FULCRUM AID LTD","Small",2022,2020,2,FALSE,55818,55820,0.999964170548191
"32039179166","Batchelor Institute Of Indigenous Tertiary Education","Large",2022,2020,2,FALSE,435000,34367000,0.0126574911979515
"32101614760","Centrefarm Aboriginal Horticulture Limited","Medium",2022,2021,1,FALSE,0,1091273,0
"32169043130","Rescues4Pets Inc","Small",2022,2022,0,FALSE,38636,204173,0.189231680976427
"32176699686","The Nature School Incorporated","Large",2022,2022,0,FALSE,353,3123116,0.000113028142406494
"32332652248","Emu Park & District Men's Activity Shed Inc","Small",2022,2023,-1,FALSE,6787,49782,0.136334418062754
"32556659638","DHAMMAKAYA SOCIETY OF QUEENSLAND INC","Small",2022,2020,2,TRUE,95177,95177,1
"32592059803","Toast for Kids Charity Incorporated","Small",2022,2021,1,FALSE,9000,64204,0.140178182044732
"32636512948","ZEN TEA LOUNGE FOUNDATION LTD","Small",2022,2021,1,TRUE,24151,246868,0.0978296093458852
"32868998986","Diamond Creek Mens Shed Inc","Small",2022,2023,-1,FALSE,687,22962,0.0299189966030834
"33260335253","The Trustee for Niulife Foundation","Small",2022,2020,2,FALSE,21072,30464,0.691701680672269
"33477653258","COOK4CALD INC.","Small",2022,2023,-1,TRUE,17749,31675,0.56034727703236
"33824106971","Gnarly Neighbours","Medium",2022,2023,-1,FALSE,41940,64816,0.647062453715132
"34163636566","Superannuation Consumers' Centre Ltd","Medium",2022,2020,2,FALSE,83333,886915,0.0939582710857298
"34167153522","Mwembe Foundation Australia Ltd","Small",2022,2023,-1,FALSE,9678,9678,1
"34173022468","Canberra Monaro N Scale Group Inc","Small",2022,2022,0,TRUE,1650,8535,0.193321616871705
"34254826976","South Australian Rainbow Advocacy Alliance Inc.","Small",2022,2023,-1,FALSE,11045,116050,0.0951744937526928
"34627816808","Anika Legal Ltd","Medium",2022,2020,2,FALSE,287861,369458,0.779144043436602
"34718530172","Law Enforcement Torch Run - Western Australia (LETR WA) Incorporated","Small",2022,2021,1,FALSE,45490,51936,0.875885705483672
"34789627512","DASTAN","Small",2022,2022,0,FALSE,5991,5991,1
"35002648606","Taree & District Pre-School Ltd","Medium",2022,2021,1,FALSE,0,1305059,0
"35037156011","Gracemere Mens Shed Inc.","Small",2022,2021,1,FALSE,3890,25969,0.149793985136124
"35052312865","Blayney Shire Community Mens Shed Incorporated","Small",2022,2021,1,FALSE,1500,12042,0.124564025909317
"35060581437","Australian Committee For UNICEF Limited","Large",2022,2020,2,FALSE,48611657,62021588,0.783786074616471
"35115082212","Australian Camps Association","Medium",2022,2021,1,FALSE,0,3393843,0
"35149437276","Southern Cross Grammar","Large",2022,2021,1,FALSE,0,18478001,0
"35164318440","Annandale North Public School P&C Association","Small",2022,2020,2,FALSE,1000,142354,0.00702474113828905
"35335529899","Our Rainbow House Inc","Small",2022,2020,2,FALSE,212442,238852,0.889429437475927
"35592321123","Kurrajong North Public School Parents And Citizens Association","Small",2022,2022,0,FALSE,8248,13432,0.614055985705777
"35628712667","THE RICHARD GILL NATIONAL MUSIC ACADEMY LIMITED","Medium",2022,2021,1,FALSE,0,1027672,0
"35689710404","Camperdown Quarters Limited","Medium",2022,2023,-1,FALSE,200862,308866,0.650320851113428
"35752992852","Mildura Christian College Inc","Medium",2022,2020,2,FALSE,33817,2683066,0.0126038643849984
"35859201921","Sutherland Shire Refugee Connection","Small",2022,2021,1,FALSE,17364,20303,0.855243067526966
"36160974235","The Australasian Mastocytosis Society","Small",2022,2020,2,FALSE,6132,10286,0.596150106941474
"36169895041","Little Blue Dinosaur Foundation Limited","Small",2022,2022,0,FALSE,848,134782,0.00629164131708982
"36295742511","Men's Information and Support Association Inc.","Medium",2022,2020,2,FALSE,7343,372288,0.0197239771359807
"36301233932","Kincumber Men's Shed Inc","Small",2022,2021,1,FALSE,3438,25051,0.13724003033811
"36651805702","Australian Peacekeeper and Peacemaker Veterans' Association Ltd","Small",2022,2022,0,FALSE,832,41164,0.0202118355844913
"36720260805","Bethel Mar Thoma Church Sydney","Medium",2022,2022,0,FALSE,827457,830086,0.996832858282154
"36735208761","Warrnambool Student Wellbeing Association Inc","Small",2022,2021,1,FALSE,286000,286878,0.996939465556787
"36809112033","Foundation Learning Centre Inc","Large",2022,2021,1,FALSE,4176,3473850,0.00120212444406062
"36820537098","Matercare Australia Incorporated","Small",2022,2022,0,FALSE,8291,8315,0.997113650030066
"36872112968","Atherton Men's Shed Inc","Small",2022,2021,1,FALSE,16319,17503,0.932354453522253
"37130949834","Ovarian Cancer Research Foundation Limited","Large",2022,2023,-1,FALSE,4233217,4261205,0.993431904825044
"37207698349","Health Communication Resources Inc","Small",2022,2020,2,FALSE,39104,117073,0.334013820436821
"37469007007","Deafblind Association (NSW)","Small",2022,2020,2,FALSE,625,14733,0.0424217742482862
"37605893356","St Rob Limited","Medium",2022,2022,0,FALSE,0,666741,0
"37620862955","Shrimad Rajchandra Mission Dharampur (Australia) Limited","Medium",2022,2022,0,FALSE,775721,879377,0.882125641221001
"37805464931","Rebus Theatre Incorporated","Medium",2022,2020,2,FALSE,35054,274965,0.127485316312985
"37982149059","Homelessness Queensland Inc","Small",2022,2021,1,FALSE,0,121040,0
"38000827798","Mission Without Borders (Australia) Limited","Medium",2022,2023,-1,FALSE,1818081,1820481,0.998681667097871
"38276418759","Walford Foundation Incorporated","Small",2022,2021,1,FALSE,17825,192396,0.0926474562880725
"38514938536","Woodford and Region Men's Shed Inc.","Small",2022,2022,0,FALSE,1362,19447,0.0700365094873245
"38546603898","Foster Families South West Inc","Small",2022,2021,1,FALSE,8244,55570,0.148353428108692
"38598711205","Hunter Youth Mentor Collaborative","Small",2022,2021,1,FALSE,49556,56866,0.871452185840397
"38645106627","FLEXIBLE OPTIONS LIMITED","Large",2022,2023,-1,FALSE,1800,3074271,0.000585504661105023
"38647816920","FITZROY COMMUNITY HOSPICE LTD","Large",2022,2022,0,TRUE,196306,400857,0.489715783932924
"38650171930","ABORIGINAL AND TORRES STRAIT ISLANDER HOUSING QUEENSLAND LIMITED","Medium",2022,2023,-1,FALSE,0,276018,0
"38965604576","NAIRM MARR DJAMBANA","Medium",2022,2023,-1,FALSE,342,596665,0.000573185958619996
"39099443619","M A Centre (Aust) Foundation","Small",2022,2022,0,FALSE,145246,204652,0.709721869319626
"39109129679","Architects Without Frontiers","Small",2022,2021,1,FALSE,36219,120918,0.299533568203245
"39126270641","Yarrawonga Neighbourhood House Incorporated","Medium",2022,2023,-1,FALSE,8998,716459,0.0125589880230411
"39205898376","Chung Wah Autumn Centre Inc","Small",2022,2022,0,FALSE,3750,4191,0.894774516821761
"39589812425","Frankston/Mornington Peninsula Local Learning & Employment Network Inc","Large",2022,2020,2,FALSE,0,1802359,0
"39604404051","Seed Initiatives Limited","Small",2022,2021,1,FALSE,240132,541170,0.443727479350297
"39630371948","PMI Victorian History Library Inc.","Small",2022,2022,0,FALSE,5537,261905,0.0211412535079514
"39634926131","Connect You Too Ltd","Medium",2022,2020,2,FALSE,30749,2252295,0.0136522968794052
"39828126747","Youth Enterprises Australia Limited","Small",2022,2022,0,FALSE,0,4009798,0
"39893211010","Savem Incorporated","Small",2022,2020,2,FALSE,32050,37950,0.844532279314888
"40170766569","The Common People Ltd","Small",2022,2020,2,FALSE,29873,31829,0.938546608438845
"40557982129","Toy Libraries Australia Inc.","Medium",2022,2020,2,FALSE,141478,286905,0.493117931022464
"40697500790","Foster Care Association Of Western Australia (Inc.)","Medium",2022,2021,1,FALSE,0,864385,0
"40781429172","Horizons - Local and Beyond","Small",2022,2021,1,FALSE,21486,70986,0.302679401572141
"40792001012","Central East Accommodation and Care Alliance Inc.","Medium",2022,2021,1,TRUE,0,800459,0
"40920336423","East Fremantle Child Development Centre Inc","Medium",2022,2020,2,FALSE,0,690889,0
"41840821357","The Entrance Public School P&C Assoc","Small",2022,2020,2,FALSE,0,114592,0
"42037851864","North East Local Learning And Employment Network","Medium",2022,2022,0,FALSE,0,732660,0
"42247216279","Whitlam Institute Within  Western Sydney University Trust","Small",2022,2023,-1,FALSE,574092,542400,1
"42498340094","The Roman Catholic Trust Corporation For The Diocese Of Cairns","Large",2022,2021,1,FALSE,0,204818283,0
"42506412570","Geelong Foodshare Incorporated","Medium",2022,2020,2,FALSE,475873,1718220,0.276956967093853
"42624069389","Generation Australia Ltd","Large",2022,2020,2,FALSE,3176950,5299054,0.599531539025645
"42823248967","AFGHAN WOMEN ON THE MOVE INCORPORATED","Small",2022,2023,-1,FALSE,29112,136215,0.213720955841868
"42958367110","HealthServe Australia Limited","Small",2022,2022,0,FALSE,287762,302441,0.951464913817902
"43010555478","Cairns Christian College Limited","Large",2022,2021,1,FALSE,0,11782334,0
"43200124919","Parkinsons DMF Inc","Small",2022,2021,1,FALSE,10600,10967,0.966535971551017
"43317153298","CONCORD HIGH SCHOOL P&C ASSOCIATION","Small",2022,2020,2,FALSE,88085,130083,0.677144592298763
"43391511051","Tin Can Bay Community and Men's Shed Incorporated","Small",2022,2021,1,FALSE,3930,59432,0.0661259927311886
"43529339392","AID FOUNDATION OF AUSTRALIA INCORPORATED","Small",2022,2020,2,FALSE,18856,50783,0.371305358092275
"43628604973","MENTORING MEN LTD.","Medium",2022,2020,2,TRUE,1084399,2063007,0.525640000252059
"43743957408","Diabetes Research Foundation Of Wa Inc","Small",2022,2022,0,FALSE,58965,74368,0.792881346815835
"43753446272","Proston Men's Shed Inc","Small",2022,2021,1,FALSE,2654,4472,0.593470483005367
"44085875823","Worldview Centre For Intercultural Studies","Small",2022,2021,1,FALSE,213033,658573,0.32347666849385
"44161310130","Glow Church","Large",2022,2022,0,FALSE,5756073,7537153,0.7636932672058
"44189041144","PREGNANT ALTERNATIVES INCORPORATED","Small",2022,2023,-1,FALSE,8855,8868,0.998534055029319
"44362890385","Global Gardens of Peace Incorporated","Small",2022,2022,0,FALSE,44419,47586,0.933446812087589
"44568476377","Atisha Centre Inc","Small",2022,2023,-1,FALSE,447674,692566,0.64639904355686
"44633434716","Freddy Bear Foundation","Small",2022,2023,-1,FALSE,7000,37380,0.187265917602996
"44695079183","Sewa International Australia Inc","Small",2022,2021,1,FALSE,55947,58747,0.952337991727237
"44759796180","Centenary Suburbs Men's Shed Inc","Small",2022,2021,1,FALSE,36885,67448,0.546865733602182
"44812153429","NSW Farmers Natural Disaster Relief Fund Inc","Small",2022,2020,2,FALSE,59809,61232,0.976760517376535
"45339846991","Monaro Family Support Service Incorporated","Medium",2022,2023,-1,FALSE,16800,1140567,0.0147295161090931
"45495343458","Islamic Dawah Centre of Australia Inc","Small",2022,2022,0,FALSE,298082,336385,0.886133448280988
"45517351234","Karana Downs and Surrounds Community Garden Hub Inc","Small",2022,2022,0,TRUE,0,6072,0
"45608731120","The Inspired Crusaders Ltd","Small",2022,2023,-1,FALSE,0,7598,0
"46006178641","Cvgt Australia Limited","Large",2022,2021,1,FALSE,0,53845019,0
"46101213478","Council Of Presidents Of Medical Colleges Ltd","Medium",2022,2023,-1,FALSE,0,897759,0
"46133445404","Earth Garden Foundation Australia Ltd","Small",2022,2021,1,FALSE,147386,173254,0.850693201888557
"46486944346","Overflowing Church Incorporated","Small",2022,2020,2,FALSE,0,347664,0
"47065314758","City West Housing Pty Limited","Large",2022,2020,2,FALSE,0,41859501,0
"47162770729","Muslim Global Aid Limited","Small",2022,2022,0,FALSE,193407,193407,1
"47237572750","Royal Australian Artillery Association (Northern Territory) Incorporated","Medium",2022,2020,2,FALSE,477,1032387,0.000462036038811027
"47456729309","VICTOR HARBOR LUTHERAN HOMES INC","Medium",2022,2021,1,TRUE,0,821062,0
"47512918032","Explore Youth and Family Therapy Inc.","Small",2022,2020,2,FALSE,78693,102614,0.766883661098875
"47634504135","CATHOLIC EDUCATION WESTERN AUSTRALIA LIMITED","Large",2022,2023,-1,FALSE,5442481,1265445939,0.00430084038540662
"47639146736","STRONG ANGELS INC.","Small",2022,2021,1,FALSE,87561,149414,0.586029421607078
"47656182430","Charters Towers Women of The Outback Shed Inc","Small",2022,2021,1,FALSE,713,9284,0.0767987936234382
"47703627137","Worimi Aboriginal Community Co-Operative Ltd","Small",2022,2021,1,FALSE,0,151197,0
"47909376387","Eden Community Access Centre Inc","Small",2022,2023,-1,FALSE,81125,1735797,0.0467364559334991
"48102463744","Vets for Compassion Incorporated","Medium",2022,2022,0,FALSE,187407,289155,0.648119520672304
"48466077275","Coffs Harbour Community Men's Shed Incorporated","Small",2022,2021,1,FALSE,2800,31630,0.0885235535883655
"48548850263","Warrnambool Men's Shed Incorporated","Small",2022,2021,1,FALSE,26536,57725,0.459696838458207
"48606733359","Edusupport Ltd","Small",2022,2022,0,FALSE,31201,33746,0.924583654359035
"48639951492","LYREBIRD COLLEGE LIMITED","Medium",2022,2021,1,FALSE,433225,2044129,0.211936232987253
"48773551391","Gymea Bay Public School P&C Assoc","Small",2022,2023,-1,FALSE,0,38842,0
"48860387699","Bond Street Kindergarten Chilwell Inc","Medium",2022,2020,2,FALSE,0,908422,0
"48947927354","Hale School Foundation Inc","Medium",2022,2020,2,FALSE,1789579,537991,1
"49635940797","SONS OF GOD MINISTRIES LTD.","Small",2022,2021,1,TRUE,23163,187701,0.12340371122157
"50149270900","Magic Coat Foundation","Medium",2022,2022,0,FALSE,243871,765032,0.318772286649447
"50297510663","Lien Tri Buddhist Benevolent Association, Lien Tri Temple Inc.","Small",2022,2022,0,FALSE,4e+05,4e+05,1
"50354979153","LifeNets Australia Incorporated","Small",2022,2020,2,FALSE,105565,105909,0.996751928542428
"50384961465","F.E.T.C.H. Assistance Dogs Inc.","Small",2022,2022,0,FALSE,7600,23824,0.31900604432505
"50454424905","South Sudan Child First Education (SSCFE) Incorporated","Small",2022,2020,2,FALSE,9000,16500,0.545454545454545
"50489948017","MUSEUM OF CHINESE IN AUSTRALIA LIMITED","Small",2022,2022,0,FALSE,196706,586084,0.335627657468895
"50756635036","WIZO VICTORA INC.","Medium",2022,2023,-1,FALSE,140687,413555,0.340189333945908
"50857103537","Belle Vie Animal Rescue","Small",2022,2020,2,FALSE,46938,131246,0.35763375645734
"51008515508","Multiple Sclerosis Australia","Large",2022,2021,1,FALSE,4423868,15779626,0.280353159194014
"51145751837","Community Learning Ltd","Large",2022,2023,-1,FALSE,0,4643834,0
"51152864609","Charity Drive Days Inc","Medium",2022,2023,-1,FALSE,733819,733834,0.999979559409894
"51216948823","Pioneer Valley Men's Shed Inc","Small",2022,2022,0,FALSE,4250,7511,0.565836772733324
"51445386189","Sylvan Glades Inc","Medium",2022,2021,1,FALSE,0,561137,0
"51455679821","Business & Rural Solutions Limited","Large",2022,2022,0,FALSE,0,6244911,0
"51607702338","Blake Street Hebrew Congregation Inc","Medium",2022,2020,2,FALSE,107633,570213,0.188759288195815
"51636189412","First Peoples' Assembly Of Victoria Ltd","Large",2022,2021,1,FALSE,0,12485857,0
"51645280468","HOPE AND WISH FOUNDATION PTY LTD","Small",2022,2022,0,FALSE,25810,221102,0.116733453338278
"51646764847","St John's Lutheran School Jindera Ltd","Large",2022,2021,1,FALSE,789,3509389,0.000224825461070289
"51699707733","AUSTRALASIAN VIROLOGY SOCIETY INC","Small",2022,2022,0,FALSE,0,12372,0
"51934682604","Pymble Turramurra Pre-School Inc","Medium",2022,2021,1,FALSE,0,1076246,0
"52060813541","World Youth International (Aust) Ltd","Medium",2022,2022,0,FALSE,247772,612676,0.404409508451449
"52121486849","Flinders Christian Community College Limited","Large",2022,2022,0,FALSE,24500,36466933,0.000671841528323756
"52146609961","Warwick Men's Shed Inc.","Small",2022,2022,0,FALSE,12204,39446,0.30938498200071
"52159380065","Buddha Dharma Education Association Inc","Small",2022,2023,-1,FALSE,287773,287773,1
"52163151808","AUSTRALIAN ALLIANCE TO END HOMELESSNESS LIMITED","Large",2022,2023,-1,FALSE,5000,551038,0.00907378438510593
"52365630090","Helping Hands Animal Rescue Incorporated","Small",2022,2022,0,FALSE,3920,27047,0.144932894590897
"52368663383","Nunyara Aboriginal Health Service. Inc","Large",2022,2023,-1,FALSE,0,4320778,0
"52601102970","AUSTRALASIAN BEGG SOCIETY OF ORTHODONTISTS LIMITED","Small",2022,2023,-1,FALSE,7559,23403,0.322992778703585
"52634235680","Murray Haven Homes Ltd","Large",2022,2022,0,FALSE,11083,4646357,0.00238530960922719
"52672801654","Global Ripple Incorporated","Medium",2022,2023,-1,FALSE,7922,718666,0.0110232013202239
"52948317781","KHALSA ASSIST","Small",2022,2021,1,FALSE,948,7948,0.119275289380976
"53009481485","Christian Schools Tasmania","Large",2022,2021,1,FALSE,383853,22783536,0.0168478237969734
"53101360336","MAIDE Inc.","Small",2022,2020,2,FALSE,1080,1080,1
"53297468669","Christian Religious Instruction Alliance in Queensland","Small",2022,2022,0,FALSE,196376,255449,0.768748360729539
"53487883254","In the Paws of Angels Inc","Small",2022,2023,-1,FALSE,1555,44215,0.0351690602736628
"53620147775","The School of St  Jude Limited","Large",2022,2021,1,FALSE,8026300,9284776,0.864458119398896
"53623275196","Hunter Anzac Memorial Limited","Medium",2022,2021,1,FALSE,16500,41496,0.397628687102371
"53659146068","KM CARES LTD","Small",2022,2023,-1,TRUE,18939,19197,0.98656040006251
"53944553985","MOREE AND DISTRICT HISTORICAL SOCIETY","Small",2022,2022,0,TRUE,4063,135161,0.0300604464305532
"54164074661","Branxton Greta Men's Shed Incorporated","Small",2022,2021,1,FALSE,29813,31413,0.949065673447299
"54253257443","Working Womens Centre Inc","Large",2022,2020,2,FALSE,16791,1005630,0.0166969959130098
"54263014967","Bayside Glen Eira Kingston Llen Inc","Medium",2022,2022,0,FALSE,0,572279,0
"54280302765","Umina Beach Mens Shed Incorporated","Small",2022,2021,1,FALSE,16996,157339,0.108021533122748
"54338990856","Inner Northern Local Learning And Employment Network Incoporated","Medium",2022,2020,2,FALSE,0,789349,0
"54584217520","Miya Kaadadjiny (Learning Sanctuary) Community Centre Inc","Small",2022,2022,0,FALSE,13847,86692,0.159726387671296
"54623926009","Global Sustainable Development Vision Innovative Association Ltd","Small",2022,2022,0,FALSE,14098,14098,1
"54637263917","Christian College Geelong","Large",2022,2023,-1,FALSE,816934,53077376,0.0153913788051617
"54776873363","Tingalpa & District Kindergarten Association Inc","Medium",2022,2021,1,FALSE,9254,305294,0.0303117650527033
"55000364474","The National Council Of Jewish Women Of Australia New South Wales Division","Small",2022,2023,-1,FALSE,408,378564,0.0010777569974958
"55169624154","Ballarat East Neighbourhood House Inc.","Small",2022,2022,0,FALSE,275,237100,0.00115984816533108
"55415242975","Buderim Men's Shed Inc","Small",2022,2020,2,FALSE,6154,160848,0.0382597234656321
"55495687613","RiverTracks Incorporated","Small",2022,2023,-1,FALSE,70455,147042,0.479148814624393
"55612449604","Islamic Council Of New South Wales Inc","Medium",2022,2020,2,FALSE,187415,1205689,0.155442240909555
"55859040211","Golden Paradise Beach Men's Shed Inc.","Small",2022,2022,0,FALSE,200,32818,0.00609421658845755
"56254262824","Esperance Crisis Accomodation Service Inc","Medium",2022,2020,2,FALSE,10913,792209,0.0137754052276609
"56405057386","Australian Water Safety On the Mekong (AWSOM) Project Inc","Small",2022,2022,0,FALSE,13240,13240,1
"56840304628","Carlingford Public School P&C Association","Small",2022,2021,1,FALSE,38070,388062,0.0981028804675542
"57098352150","Community Business Bureau Inc","Large",2022,2022,0,FALSE,0,6691418,0
"57382768399","Caringbah North Public School P And C Association","Small",2022,2020,2,FALSE,0,135310,0
"57624185217","Offshore and Specialist Ships Australia Ltd","Small",2022,2020,2,FALSE,10683,50005,0.213638636136386
"57649413936","Rural Financial Counselling Service, NSW - Southern Region Limited","Large",2022,2022,0,FALSE,461955,7103296,0.065033894124643
"57657202934","Albany Surf Life Saving Club","Medium",2022,2021,1,FALSE,6712,213772,0.031397937990008
"57794560132","Wattle Group Inc","Small",2022,2021,1,FALSE,4714,5218,0.90341126868532
"57910165955","Claws n Paws Rescue Group Inc","Small",2022,2020,2,TRUE,8715,470008,0.0185422375789348
"58154234383","Sherwood Ridge Public School Parents and Citizens Association","Small",2022,2022,0,FALSE,2045,50401,0.0405745917739727
"58160920528","Ferncourt Public School P&C Association","Small",2022,2020,2,FALSE,7150,188904,0.0378499131834159
"58608203592","Lower North Shore Community Transport Inc","Medium",2022,2020,2,FALSE,2125,1793489,0.00118484139016186
"58636664983","Ruah Legal Services Limited","Large",2022,2020,2,FALSE,2103,1900769,0.00110639430672533
"58935121466","Friends of TCI Australia Incorporated","Small",2022,2023,-1,FALSE,13951,13951,1
"59284895650","Anam Cara House Colac Inc","Medium",2022,2020,2,FALSE,459762,747362,0.615179792389766
"59475464712","Dangrove Trust","Large",2022,2020,2,FALSE,38175667,38728111,0.985735322851146
"59622234799","Alliance for Journalists' Freedom Ltd","Small",2022,2021,1,FALSE,143674,143674,1
"59646048320","YADAH SUS FOUNDATION LIMITED","Small",2022,2023,-1,FALSE,10293,10293,1
"59787033011","Cairns Animal Rescue Inc","Small",2022,2023,-1,FALSE,29814,215516,0.138337756825479
"59793851790","Skillz4me Ltd.","Medium",2022,2021,1,FALSE,84704,208973,0.405334660458528
"59802036898","THE WYNNUM-MANLY AND DISTRICTS MEN'S SHED INC.","Small",2022,2021,1,FALSE,26096,93899,0.277915632754342
"59940749205","ProjectKindness Inc","Small",2022,2022,0,FALSE,34821,34821,1
"60088024355","Coast Christian School","Large",2022,2022,0,FALSE,11525,2919458,0.00394765055705545
"60131554106","Catalpa International Ltd","Large",2022,2022,0,FALSE,0,7035943,0
"60382871618","The Naracoorte District Mens Shed Incorporated","Small",2022,2021,1,FALSE,2523,33812,0.0746184786466343
"60623295483","A B Paterson College Foundation Ltd","Small",2022,2020,2,FALSE,262166,317563,0.82555587395257
"60630551889","REDFERN YOUTH CONNECT (AUSTRALIA) LIMITED","Medium",2022,2020,2,TRUE,62469,379076,0.164792811995484
"60751862177","Samford Area Men's Shed","Small",2022,2021,1,FALSE,1411,42345,0.033321525563821
"61005641225","The School Of Total Education","Medium",2022,2022,0,FALSE,0,2363552,0
"61147546405","Jabree Ltd","Small",2022,2021,1,FALSE,0,886818,0
"61268362646","Returned and Services League of Australia A.C.T. Branch Incorporated","Small",2022,2020,2,FALSE,16431,128200,0.128166926677067
"61330557713","Strength Potential Incorporated","Medium",2022,2022,0,FALSE,2000,666670,0.002999985000075
"61639182844","NGUTU COLLEGE LTD","Large",2022,2021,1,FALSE,88135,5084602,0.0173337067483355
"61831960079","Auscharity Inc.","Small",2022,2020,2,FALSE,800,3000,0.266666666666667
"62005274742","Sail & Adventure Limited","Small",2022,2020,2,FALSE,448610,701693,0.63932517496968
"62130436752","Yatra Foundation Australia","Small",2022,2022,0,FALSE,172472,178331,0.967145364518788
"62137118647","Rockhampton Men's Shed Inc","Small",2022,2021,1,FALSE,4595,119082,0.0385868561159537
"62198192130","Kuranda Information And Support Centre Association Inc","Small",2022,2021,1,FALSE,8063,384223,0.0209852091103344
"62238200670","Future Connect Incorporated","Medium",2022,2022,0,FALSE,0,601110,0
"62404700128","Newcastle Mens Shed","Small",2022,2021,1,FALSE,18627,84163,0.221320532775685
"62616284505","Gamal Ministries Ltd","Small",2022,2022,0,FALSE,15662,15662,1
"62626387273","'TIL THE COWS COME HOME LTD","Medium",2022,2023,-1,FALSE,1083119,1083119,1
"62801175580","Coolum Men's Shed Inc","Small",2022,2021,1,FALSE,7893,43089,0.183179001601337
"63105164152","Cessnock Family Support Service Inc","Small",2022,2021,1,FALSE,16365,525335,0.0311515509151303
"63167495105","LIGHT HOUSE YOUTH PROJECTS INCORPORATED","Medium",2022,2020,2,FALSE,38588,439037,0.0878923644248662
"63175468453","Rural Australians for Refugees  (Bendigo) Inc","Small",2022,2023,-1,FALSE,24195,25080,0.964712918660287
"63294273664","Hope4Paws Animal Rescue Incorporated","Small",2022,2022,0,FALSE,5287,8533,0.619594515410758
"63638021939","The Uniform Project - Turkana Inc","Small",2022,2020,2,FALSE,6050,6050,1
"63744700911","Alpha-1 Association Of Australia","Small",2022,2021,1,FALSE,1335,1403,0.951532430506058
"63773789161","West cumberland mens shed incorporated","Small",2022,2021,1,FALSE,6495,39694,0.163626744596161
"64008498637","United World Colleges (Australia) Trust Limited","Small",2022,2021,1,FALSE,73618,73622,0.999945668414333
"64214940427","Brain Injury Matters Incorporated","Small",2022,2020,2,FALSE,490,405756,0.00120762231488875
"64282712328","Kempsey Neighbourhood Centre Inc","Medium",2022,2023,-1,FALSE,0,1816814,0
"64612999229","Proud 2 Play inc.","Small",2022,2022,0,FALSE,2877,259109,0.0111034352338205
"64618388159","AbilityLiving-MyWay","Medium",2022,2020,2,FALSE,0,2663598,0
"64704364097","Turbans 4 Australia Inc","Medium",2022,2023,-1,FALSE,423286,752103,0.562803233067811
"64924935699","Mittagong Pre School Kindergarten Inc","Medium",2022,2020,2,FALSE,4297,1047767,0.00410110263064212
"64955915635","Rita K Franke Foundation","Small",2022,2021,1,FALSE,1244,1244,1
"65064790343","St. John's Greek Orthodox College","Large",2022,2022,0,FALSE,48415,6287686,0.00769997102272601
"65129595651","Construction Charitable Works Limited","Medium",2022,2021,1,FALSE,256637,454284,0.564926345634009
"65473474266","KIWI'S NEW LIFE BIRD RESCUE INCORPORATED","Small",2022,2023,-1,FALSE,28875,32281,0.894489018307983
"65619212663","Dr Steve Burroughs Foundation Limited","Small",2022,2022,0,FALSE,4132,4132,1
"65625405923","Better Renting Limited","Small",2022,2022,0,FALSE,241241,247587,0.974368605783018
"65628376652","ANUBIS RETIREMENT LIMITED","Small",2022,2022,0,FALSE,22002,22002,1
"65663312659","South East Local Learning And Employment Network Inc","Large",2022,2020,2,FALSE,5000,2144802,0.0023312175203119
"65945589522","All Souls And St Gabriels Foundation Incorporated","Small",2022,2023,-1,FALSE,483081,682809,0.707490674551741
"66127417263","Normanville Surf Life Saving Club Inc","Small",2022,2021,1,FALSE,7149,114684,0.0623365072721565
"66165269670","Amitofo Care Centre Australia","Small",2022,2020,2,FALSE,273384,273409,0.999908561898109
"66622976818","AIR FORCE ASSOCIATION LTD.","Small",2022,2023,-1,FALSE,2012,73690,0.0273035690052924
"66626788252","Neighbourhood Watch Australasia Limited","Small",2022,2020,2,FALSE,0,715955,0
"66631479377","ALTIOREM LTD","Small",2022,2020,2,FALSE,634977,635345,0.999420787131401
"66639017173","The Chatty Cafe Scheme Australia Ltd.","Small",2022,2023,-1,FALSE,0,71201,0
"66816964232","Blind Bats Inc.","Small",2022,2022,0,FALSE,42800,234423,0.182575941780457
"67113817637","Bupa Foundation (Australia) Limited","Large",2022,2022,0,FALSE,1650000,1678831,0.982826740749962
"67193150361","Work 4 Skills WA Incorporated","Small",2022,2023,-1,FALSE,0,78686,0
"67230048463","RIVER ANGELS INC","Small",2022,2022,0,FALSE,50187,98180,0.511173355062131
"67614173278","Biocurate Pty Ltd","Large",2022,2022,0,FALSE,0,7845803,0
"67616832967","Fitra Community School","Medium",2022,2020,2,FALSE,3342,824476,0.00405348366720196
"67628158323","Wilkins Family Foundation Ltd","Small",2022,2021,1,FALSE,12017,13865,0.866714749368915
"67638503918","Statewide Wildlife Rescue Emergency Service Incorporated","Small",2022,2021,1,FALSE,257311,257311,1
"67652384677","THE CRAFTERS HEART LTD","Small",2022,2023,-1,FALSE,0,271475,0
"67786892560","Carey Baptist College Ltd","Large",2022,2020,2,FALSE,0,40195576,0
"67833661349","The Trustee for Beacon of Hope Building Fund","Small",2022,2023,-1,FALSE,69084,95531,0.723157927793072
"67845485864","Central Grampians Local Learning And Employment Network Incorporated","Medium",2022,2023,-1,FALSE,0,704230,0
"68320267277","Project Didi Australia","Small",2022,2023,-1,FALSE,9350,12092,0.77323850479656
"68406449242","Ebenezer Mission Limited","Medium",2022,2020,2,FALSE,115029,2459710,0.0467652690764358
"68581296689","Royal Humane Society Of New South Wales","Small",2022,2021,1,FALSE,0,12110,0
"68629894686","DIOCESE OF BALLARAT CATHOLIC EDUCATION LIMITED","Large",2022,2023,-1,FALSE,0,272180000,0
"68779819072","Ulladulla Men's Shed Incorporated","Small",2022,2023,-1,FALSE,4181,24456,0.170960091593065
"69154531870","Mercy Education Limited","Large",2022,2023,-1,FALSE,1370000,305704000,0.00448145918928113
"69164832813","BOONAH ACTIVITY SHED INC","Small",2022,2022,0,TRUE,35840,97578,0.367295906864252
"69322510070","Falls Creek Historical Society Inc","Small",2022,2020,2,FALSE,510,2670,0.191011235955056
"69355650377","Maitland Family Support  Inc","Small",2022,2020,2,FALSE,2000,456725,0.00437900268213914
"69425120800","Blue Tree Project Inc","Medium",2022,2022,0,FALSE,301831,484798,0.622591264815449
"69609700414","Titus Foundation Limited","Small",2022,2021,1,FALSE,312015,312015,1
"69623040557","MILANG AND DISTRICT COMMUNITY ASSOCIATION INCORPORATED","Medium",2022,2022,0,FALSE,19747,1712043,0.0115341729150494
"69859050512","Fraser Coast Hospice Association Incorporated","Medium",2022,2021,1,TRUE,82719,2406428,0.034374184475912
"69985287203","Youth With A Mission Toowoomba Inc.","Medium",2022,2020,2,FALSE,90553,399504,0.226663562817894
"70141687774","RURAL HEALTH MANAGEMENT SERVICES PTY LTD","Large",2022,2021,1,FALSE,0,2664651,0
"70206791848","One In Five Association Inc.","Small",2022,2020,2,FALSE,214419,342529,0.625987872559696
"70246229631","Tullamarine Community House and Men's Shed Incorporated","Small",2022,2021,1,FALSE,1098,236346,0.00464573125840928
"70517042298","Mphatso Children's Foundation Incorporated","Small",2022,2023,-1,FALSE,95075,105368,0.902313795459722
"70828113699","Emergency & Long Term Accommodation Moranbah Inc","Medium",2022,2020,2,FALSE,36714,584007,0.0628656848291202
"70957910935","Merewether Surf Lifesaving Club Inc","Small",2022,2021,1,FALSE,41580,113543,0.366204873924416
"71005239510","Diabetes Victoria","Large",2022,2022,0,FALSE,1955007,20194451,0.0968091185048804
"71127608677","4EK Incorporated","Small",2022,2020,2,TRUE,11340,21304,0.532294404806609
"71160962096","Overseas Services to Survivors of Torture and Trauma (OSSTT) Ltd","Small",2022,2023,-1,FALSE,0,1205281,0
"71166864151","IndianCare Incorporated","Small",2022,2022,0,FALSE,1670,492240,0.00339265398992361
"71219354299","Sudanese-Australian Lost Boys and Girls of South Sudan (SALBAGOSS) Inc","Small",2022,2021,1,FALSE,79756,93658,0.851566337098806
"71301043868","Joseph's Corner","Small",2022,2021,1,FALSE,60786,71130,0.854576128215943
"71553906532","Cardiff District Men's Shed Inc","Small",2022,2021,1,FALSE,670,66220,0.0101177891875566
"71596707634","Copacabana Community Men's Shed Incorporated","Small",2022,2021,1,FALSE,1160,267995,0.0043284389634135
"71609848479","Derby Home And Community Care Inc","Medium",2022,2021,1,FALSE,0,584435,0
"71613288350","Ready 2 Change Ltd","Small",2022,2022,0,FALSE,19523,80110,0.243702409187367
"71613909247","Innovation Youth Centre","Small",2022,2020,2,FALSE,2000,822792,0.00243074798977141
"71624984836","The Man Cave Global Ltd","Large",2022,2021,1,FALSE,1520013,2779368,0.546891595499408
"71644940277","Kura Yerlo Council Inc","Large",2022,2023,-1,FALSE,13300,2901898,0.00458320726641667
"71649656637","THE NEPHROTIC SYNDROME FOUNDATION OF AUSTRALIA LTD.","Small",2022,2023,-1,FALSE,2640,4770,0.553459119496855
"71766845056","Walara Incorporated","Large",2022,2022,0,FALSE,15419,5059690,0.00304741990121924
"72030561388","The Mudgeeraba Foundation","Small",2022,2023,-1,FALSE,0,17588,0
"72110488554","Australian International Academy of Education Limited","Large",2022,2020,2,FALSE,0,18963823,0
"72163263467","Allcare Community Support Incorporated","Large",2022,2023,-1,FALSE,0,5446243,0
"72410266331","CONDOBOLIN LOCAL ABORIGINAL LAND COUNCIL","Medium",2022,2020,2,FALSE,0,752857,0
"72695915472","Yarraman & District Men's Shed Inc.","Small",2022,2021,1,FALSE,1235,18945,0.0651887041435735
"72751215829","Lucas Heights Community School P&C","Small",2022,2020,2,FALSE,417,9556,0.0436375052323148
"72778890457","Silent hands support incorporated","Small",2022,2023,-1,TRUE,398378,398378,1
"72839635089","Balaklava Museum Incorporated","Small",2022,2020,2,FALSE,4921,23586,0.208640719070635
"72927261737","Regained Incorporated","Small",2022,2020,2,FALSE,10332,14671,0.704246472633086
"72966316271","Indian Support Center Incorporated","Small",2022,2022,0,FALSE,4612,206644,0.0223185768761735
"73094529156","Victorian Doctors' Health Program Limited","Medium",2022,2022,0,FALSE,0,870642,0
"73195185842","Nungera Co-Operative Society Ltd","Medium",2022,2020,2,FALSE,0,596973,0
"73294378005","The Glorious Gospel Church","Medium",2022,2020,2,FALSE,1457708,1701376,0.85678180484502
"73412202025","Fresh Start Missions Incorporated","Small",2022,2022,0,FALSE,22665,22665,1
"73629038884","ST PHILIP'S COLLEGE ALICE SPRINGS","Large",2022,2023,-1,FALSE,518704,18085238,0.028681071269286
"73633510808","INCLUSION ACCESS LTD","Small",2022,2022,0,FALSE,12435,12525,0.992814371257485
"73657822181","FIERCE FEMALES LTD","Small",2022,2023,-1,TRUE,3633,11952,0.303965863453815
"73906670127","Padbury Community Garden Inc.","Small",2022,2023,-1,TRUE,89,1465,0.0607508532423208
"73978612885","Jindera Pioneer Museum & Historical Society Inc","Small",2022,2020,2,FALSE,29125,206187,0.141255268275885
"74068758654","Medecins Sans Frontieres Australia Limited","Large",2022,2020,2,FALSE,100685698,108297600,0.929713105368909
"74442021693","Men And Women Of Destiny Ministries Inc","Small",2022,2022,0,FALSE,15111,15111,1
"74621137797","Mount Beauty And District Men's Shed Incorporated","Small",2022,2021,1,FALSE,11304,28455,0.397258829731154
"74642498600","Benefolk Foundation Ltd","Medium",2022,2022,0,FALSE,164000,290985,0.563602934859185
"74645109208","SALESIAN COLLEGE CHADSTONE","Large",2022,2023,-1,FALSE,0,23936157,0
"74780103484","THURGOONA MENS SHED Inc","Small",2022,2021,1,FALSE,56908,137798,0.412981320483606
"75090720086","Universal Education And Training Ltd","Medium",2022,2020,2,FALSE,14851,380741,0.039005518186904
"75092415800","Foundation Broken Hill Limited","Small",2022,2020,2,FALSE,263592,413908,0.636837171545368
"75119689865","Caboolture Community Care Inc","Medium",2022,2022,0,FALSE,6900,480855,0.0143494400598933
"75124120431","Wesley College","Large",2022,2022,0,FALSE,1354118,44079139,0.0307201554004945
"75216602591","CULTURAL DIVERSITY NETWORK INCORPORATED","Small",2022,2022,0,FALSE,444,117551,0.00377708398907708
"75260386455","Climate And Health Alliance Incorporated","Medium",2022,2023,-1,FALSE,33199,789606,0.0420450199213279
"75310837311","Our Town Association Inc.","Small",2022,2020,2,FALSE,5335,12546,0.425235134704288
"75582747598","Regency Community Men's Shed","Small",2022,2021,1,FALSE,50,27587,0.0018124478921231
"75629555684","PATHLY INCORPORATED","Small",2022,2021,1,FALSE,740,5290,0.139886578449905
"75812792400","Cornerstone Contact Centre Inc","Small",2022,2021,1,FALSE,95461,228751,0.417314022670939
"75915252237","Beacon of Hope Community Education Support Fund","Small",2022,2023,-1,FALSE,69084,95531,0.723157927793072
"75944270255","Central Community Centre Inc.","Medium",2022,2022,0,FALSE,24854,641915,0.0387185219226845
"75967571784","Epilepsy Foundation","Large",2022,2022,0,FALSE,1679032,9922186,0.169219968261026
"76116997392","The Well Being Initiative","Medium",2022,2020,2,FALSE,1448280,1812889,0.798879578396692
"76245905172","Eltham Men's Shed Incorporated","Small",2022,2021,1,FALSE,2703,71414,0.037849721343154
"76436126079","LALOR AND DISTRICT MEN'S SHED INC","Small",2022,2023,-1,FALSE,2820,47656,0.0591740809132114
"76513607164","CAIRNS CHILDREN'S MUSEUM INC","Small",2022,2021,1,TRUE,300,88783,0.00337902526384556
"76579045428","Pimpama Mens Shed Inc.","Small",2022,2021,1,FALSE,2800,35740,0.0783435926133184
"76647420595","LITTLE COLOSSUS LTD","Medium",2022,2023,-1,FALSE,0,179614,0
"77231050273","Giac Hoang Pagoda Inc","Small",2022,2022,0,FALSE,47130,67130,0.702070609265604
"77597187569","Digital Literacy Foundation","Medium",2022,2020,2,FALSE,365,863653,0.000422623437885354
"77608175090","Indooroopilly Men's Shed Inc","Small",2022,2023,-1,FALSE,0,45445,0
"77630675464","ETZ CHAIM LTD","Medium",2022,2021,1,FALSE,1000,1678588,0.00059573879951483
"77638165432","Bowen Residents Action Group Inc","Small",2022,2023,-1,FALSE,20037,24678,0.811937758327255
"78124451540","Meaningful Ageing Australia Ltd","Medium",2022,2021,1,FALSE,0,560412,0
"78197934972","Ohr Yisrael Incorporated","Medium",2022,2021,1,FALSE,91365,184876,0.494196109824964
"78608509824","10x10 Philanthropy Limited","Medium",2022,2022,0,FALSE,1056709,1189428,0.888417794099349
"78903242780","Victorian Lions Foundation Inc","Small",2022,2021,1,FALSE,79245,243076,0.326009149401833
"79036396525","The Islamic Society Of Victoria Incorporated","Large",2022,2023,-1,FALSE,2291512,4737734,0.483672574272849
"79117529932","Kilvington Grammar School Ltd","Large",2022,2023,-1,FALSE,115719,26863926,0.00430759822670744
"79130823193","Indochina Starfish Foundation (Australia) Ltd","Small",2022,2020,2,FALSE,179559,179559,1
"79420690128","Lutheran Church Queensland Australian Disaster Relief Fund","Small",2022,2022,0,FALSE,100374,101313,0.990731692872583
"79660248460","GRIFFITH CANCER THERAPY ACCOMMODATION COMMITTEE INCORPORATED","Small",2022,2023,-1,TRUE,5000,5000,1
"79677574489","Tea Lake and the Rare Disease Association Inc","Small",2022,2020,2,FALSE,560,3477,0.161058383664078
"79902601713","Returned & Services League Of Australia (Queensland Branch)","Large",2022,2023,-1,FALSE,455950,233080636,0.00195618995994159
"80163795597","SAVE OUR STREETS LIMITED","Small",2022,2023,-1,FALSE,0,30600,0
"80172769393","Looma Community Inc","Large",2022,2022,0,FALSE,0,2431127,0
"80312028341","DENMARK MEN'S SHED INC.","Small",2022,2021,1,FALSE,7551,40001,0.188770280742981
"80615770786","Havenport MSL Inc.","Medium",2022,2021,1,FALSE,14223,1639101,0.0086773176271627
"80794580107","K9 Refuge Association Inc","Small",2022,2021,1,FALSE,3888,14540,0.267400275103164
"81224066028","Shekinah House Inc","Small",2022,2020,2,FALSE,36781,113896,0.322934958207488
"81617686781","Herd of Hope Limited","Small",2022,2021,1,FALSE,26780,90580,0.295650253919187
"81998188477","Yaadein Vision Australia Inc","Small",2022,2021,1,FALSE,9789,9789,1
"82153254056","Thirroul Surf Life Saving Club Inc","Small",2022,2021,1,FALSE,16010,166301,0.0962712190546058
"82186380740","Under the Southern Cross Outreach Ministries Incorporated","Small",2022,2020,2,FALSE,22863,22863,1
"82259471365","Goulburn Murray Local Learning and Employment Network Inc.","Medium",2022,2022,0,FALSE,0,923397,0
"82305662371","Clergy Retirement Foundation of the Roman Catholic Archdiocese of Canberra & Goulburn","Medium",2022,2022,0,FALSE,251261,607533,0.413575888058756
"82411998933","No Meat May Incorporated","Small",2022,2022,0,FALSE,14443,213287,0.0677162696273097
"82424729061","Bodhgaya Development Association Inc.","Small",2022,2021,1,FALSE,26020,38435,0.676987121113568
"82549537349","BEING - Mental Health Consumers Limited","Medium",2022,2022,0,FALSE,0,1697958,0
"82618896558","Destiny Family & Community Services Ltd","Small",2022,2022,0,FALSE,0,13628,0
"82657867969","Drop A Dollar","Small",2022,2020,2,FALSE,2756,2755,1
"82691324728","Maternity Choices Australia Ltd","Small",2022,2023,-1,FALSE,300,2210,0.135746606334842
"83000250304","Wenona School Ltd","Large",2022,2020,2,FALSE,661656,52448027,0.0126154602536336
"83160564429","Save Our Supplies Ltd","Medium",2022,2021,1,FALSE,154614,154614,1
"83476538863","Samunnat Incorporated","Small",2022,2022,0,FALSE,5540,44375,0.124845070422535
"83628057134","HAPPINESS CO FOUNDATION LTD","Medium",2022,2023,-1,FALSE,21648,415771,0.0520671234886512
"83964176052","Healthy Cities Illawarra Incorporated","Medium",2022,2021,1,FALSE,16389,1428582,0.0114722151056082
"84003061078","Yaraandoo Life Centre","Small",2022,2021,1,FALSE,0,5731,0
"84107210015","KYEEMA Foundation Ltd","Medium",2022,2022,0,FALSE,462015,1190845,0.387972406148575
"84182930575","MY REDEEMER LIVES INC","Small",2022,2022,0,FALSE,4518,4618,0.978345604157644
"84405168482","Bayt Zakat Charity Inc","Medium",2022,2023,-1,FALSE,1505352,1505352,1
"84581402947","Alcohol and Other Drug Consumer & Community Coalition (AODCCC) Incorporated","Small",2022,2022,0,FALSE,0,200681,0
"84604376491","Wangi Mens Shed Incorporated","Small",2022,2021,1,FALSE,0,62985,0
"84623588389","Gippsland East Local Learning & Employment Network","Medium",2022,2022,0,FALSE,0,1273188,0
"84644396912","SOCIETY FOR IMMORTALITY RESEARCH LTD","Small",2022,2023,-1,FALSE,7509,7509,1
"84654507758","MIGRANT JUSTICE INSTITUTE LIMITED","Small",2022,2023,-1,FALSE,60356,180810,0.333808970742769
"84807299090","Australian Association for Adolescent Health Limited","Small",2022,2021,1,FALSE,0,9121,0
"84814621404","Every Mum Incorporated","Small",2022,2020,2,FALSE,158431,160583,0.986598830511324
"84993931261","Sunshine Valley Mens Shed","Small",2022,2020,2,FALSE,2110,59967,0.0351860189771041
"85001797137","Council Of Social Service Of New South Wales","Large",2022,2021,1,FALSE,0,2881784,0
"85168357033","Yarra Foundation for Disadvantaged Children Inc","Small",2022,2023,-1,FALSE,53218,258861,0.205585236864572
"85262446848","Teens Take Control Inc.","Small",2022,2022,0,FALSE,87196,876509,0.0994810093222089
"85593254500","Team Tye Foundation","Small",2022,2022,0,FALSE,9100,9430,0.965005302226935
"85755877265","Port Macquarie Surfing History Museum Inc","Small",2022,2023,-1,FALSE,1950,18288,0.106627296587927
"86000153560","Katoomba Christian Convention Ltd","Large",2022,2021,1,FALSE,555159,5458415,0.101706997360956
"86366363924","Gladstone Men's Shed Association Inc","Small",2022,2021,1,FALSE,25769,82805,0.311201014431496
"86512795097","Hearts4Heros Incorporated","Small",2022,2021,1,FALSE,17753,301696,0.0588440019092066
"86632754780","LOAVES AND FISHES CARE SERVICE TOOWOOMBA LIMITED","Medium",2022,2020,2,FALSE,6140,755801,0.00812383153766666
"86633799124","Ohana Education Ltd","Large",2022,2023,-1,FALSE,156813,9884264,0.0158649141706454
"87040729116","Friends of Myall Creek Memorial Inc","Small",2022,2020,2,FALSE,57832,74337,0.777970593378802
"87126525380","Australian Books For Children Of Africa Ltd","Small",2022,2022,0,FALSE,13758,13758,1
"87168259096","Positive Education Schools Association Limited","Small",2022,2022,0,FALSE,428,197679,0.00216512629060244
"87267901425","Australian Centre for Heart Health","Small",2022,2022,0,FALSE,238110,716295,0.332418905618495
"87607507004","Ability Beyond Boundaries Limited","Small",2022,2023,-1,FALSE,0,56554,0
"88004261527","Mentone Girls Grammar School","Large",2022,2021,1,FALSE,119595,22185054,0.00539079147609918
"88030734363","Tikkun Olam Gift Fund","Small",2022,2021,1,FALSE,128168,128170,0.999984395724429
"88567811835","Youth and Families Association of Pine Rivers Inc","Small",2022,2022,0,FALSE,13641,133984,0.101810663959876
"88608849658","Oak Flats Public School P&C Inc","Small",2022,2022,0,FALSE,58774,225634,0.260483792336261
"88618869855","Christmas Presents for Kids in Care Ltd","Small",2022,2020,2,FALSE,24339,77442,0.314286821104827
"88635516068","Collective Hope Community Services Ltd","Large",2022,2020,2,TRUE,0,7194364,0
"88965371802","Irwin Districts Historical Society Incorporated","Small",2022,2022,0,FALSE,27500,52475,0.524059075750357
"88971771757","Willow Tree Sanctuary","Small",2022,2022,0,TRUE,35313,138470,0.255022748609807
"89002643594","Carinya Christian Education Ltd","Large",2022,2022,0,FALSE,520,22765039,2.28420430116548e-05
"89123037070","Access Community Housing Company Ltd","Large",2022,2023,-1,FALSE,0,8665217,0
"89286191509","WILLOUGHBY COMMUNITY MEN'S SHED INC","Small",2022,2021,1,FALSE,1697,45839,0.0370208774187919
"89613555347","Virtual War Memorial Limited","Small",2022,2022,0,FALSE,225825,549414,0.411028841638546
"89633129807","HUMANITAS HIGH SCHOOL LTD","Medium",2022,2021,1,FALSE,20954,784854,0.0266979591108665
"89640723557","CLOTHING THE GAP FOUNDATION LTD","Small",2022,2022,0,FALSE,96617,208421,0.463566531203669
"89818726922","North Balwyn Community Men's Shed Incorporated","Small",2022,2021,1,FALSE,380,27945,0.0135981392020039
"89866800390","Australian War Widows W.A. Inc.","Small",2022,2021,1,FALSE,2801,355165,0.00788647530021258
"89880631615","Human and Hope Association Incorporated","Small",2022,2020,2,FALSE,134461,220799,0.608974678327348
"90136588234","Returned & Services League Of Australia (Queensland Branch) Yeronga Dutton Park Sub-Branch Inc","Small",2022,2022,0,FALSE,24200,270007,0.0896273059587344
"90263052314","Social Help Endeavour For Bangladesh Inc","Small",2022,2021,1,FALSE,1165,23396,0.0497948367242264
"90412765337","Springfield Camira Men's Shed Inc","Small",2022,2021,1,FALSE,5392,29664,0.181769147788565
"90528422430","The Australian Centre For Social Innovation Inc","Large",2022,2021,1,FALSE,0,6890672,0
"90546015020","The Corporation of the Synod of the Diocese of Brisbane Trading as St Paul's School Bald Hills","Large",2022,2022,0,FALSE,122239,33689175,0.00362843554346463
"90608024391","PERTH KOREAN WAR MEMORIAL COMMITTEE INCORPORATED","Small",2022,2022,0,TRUE,10000,240914,0.0415085881268835
"90625624357","Slav Fest Association Inc","Small",2022,2020,2,FALSE,1000,3950,0.253164556962025
"90649141908","ST GEORGE COLLEGE LTD","Small",2022,2023,-1,FALSE,168144,168144,1
"90650219122","WALLUMATTA LEGAL LTD","Medium",2022,2023,-1,FALSE,653939,691839,0.945218468458702
"90652960248","FUTURE VISION FOUNDATION LIMITED","Small",2022,2023,-1,FALSE,50000,50000,1
"90653503747","PASTORAL CARERS ASSOCIATION LTD","Small",2022,2023,-1,FALSE,4817,5317,0.905962008651495
"90657853804","Eastern Goldfields Historical Society (Inc.)","Small",2022,2020,2,FALSE,39633,186046,0.213027960826892
"90977312863","Cool Country Men's Shed Incorporated","Small",2022,2022,0,FALSE,1654,18874,0.087633781922221
"91058556764","Central Queensland Christian College Limited","Large",2022,2020,2,FALSE,9979,4178197,0.00238835076469587
"91068371022","Youthsafe","Small",2022,2021,1,FALSE,4170,534625,0.00779985971475333
"91153969337","Heatherdale Preschool Inc","Small",2022,2020,2,FALSE,16673,357877,0.0465886324072237
"91320077835","FNQ Foster Farms.Inc","Small",2022,2020,2,FALSE,17915,36942,0.484949380109361
"91416186495","Tweed Heads Community Men's Shed Inc","Small",2022,2021,1,FALSE,1325,37263,0.0355580602742667
"91647344965","VETERANS GRAPPLING FOUNDATION LIMITED","Small",2022,2022,0,TRUE,1785,56026,0.0318602077606825
"91868380784","Dig In: Inc","Small",2022,2021,1,FALSE,103303,135818,0.760598742434729
"91899241298","K9 SAR Inc.","Small",2022,2021,1,FALSE,5300,8725,0.607449856733524
"92115819913","Ardross Primary School P&C Assn","Small",2022,2023,-1,FALSE,13878,101127,0.137233379809546
"92149068642","RUTHERGLEN HISTORICAL SOCIETY INC","Small",2022,2021,1,FALSE,0,4109,0
"92210921699","Simple Steps Solutions Incorporated","Small",2022,2023,-1,FALSE,16361,19836,0.824813470457754
"92606609616","Ohana College Ltd","Large",2022,2023,-1,FALSE,0,5306380,0
"92631417475","INDUS HEALTH AUSTRALIA LIMITED","Medium",2022,2023,-1,FALSE,87336,87396,0.999313469724015
"92645501847","The Blue Hand Group Incorporated","Small",2022,2023,-1,TRUE,0,3430,0
"92660893570","Priests Welfare Foundation Of The Diocese Of Sale","Small",2022,2023,-1,FALSE,97319,303336,0.320829047656724
"93000946289","LORIEN-NOVALIS SCHOOL FOR RUDOLF STEINER EDUCATION LTD","Large",2022,2023,-1,FALSE,2222,5516212,0.000402812654771064
"93061557364","Csv Limited","Large",2022,2020,2,FALSE,666481,45755114,0.0145662624728681
"93093281641","Leaders Institute Of South Australia Inc","Medium",2022,2022,0,FALSE,0,1317521,0
"93202389056","Seymour College Inc","Large",2022,2020,2,FALSE,182629,29453553,0.00620057620892121
"93799121312","Bridge Builders Incorporated","Small",2022,2020,2,FALSE,30902,36859,0.838384112428444
"93970982732","Woodcroft College Inc","Large",2022,2023,-1,FALSE,1e+05,32156071,0.00310983266581293
"94050110346","Neuroscience Research Australia","Large",2022,2023,-1,FALSE,5905860,28084349,0.210290080072712
"94495799433","Tacab Iyo Tacliin","Small",2022,2023,-1,FALSE,8900,8900,1
"94609182072","The Archbishop Of Sydneys Overseas Ministry Fund","Large",2022,2021,1,FALSE,1471507,1486784,0.989724801988722
"94641582121","AUSTRALIAN ASSOCIATED PRESS LTD","Large",2022,2022,0,TRUE,566358,20695088,0.0273667838474521
"94656561910","THE BUSINESS OF SMILES LTD","Small",2022,2023,-1,TRUE,20498,20996,0.976281196418365
"94743010990","YOWIE BAY P&C ASSOCIATION","Small",2022,2023,-1,FALSE,100,149761,0.000667730584063942
"94828298590","Kilkivan Veteran's and Community ""Men's Shed"" Association Inc.","Small",2022,2021,1,FALSE,1998,24936,0.0801251203079884
"94880354126","EV Church Limited","Large",2022,2020,2,FALSE,3785422,5048741,0.749775439064908
"95017450530","Northern Suburbs Community Centre Inc","Medium",2022,2022,0,FALSE,21050,1239752,0.0169792022920713
"95166529782","Yarranlea Limited","Medium",2022,2022,0,FALSE,5721,1135017,0.00504045313858735
"95229959403","Granville Mens Shed Inc.","Small",2022,2021,1,FALSE,60,29875,0.00200836820083682
"95609027410","Vocational Bible College Limited","Small",2022,2022,0,FALSE,194211,209416,0.927393322382244
"95641764445","HEAVENLY HOMES INTERNATIONAL LTD","Small",2022,2022,0,FALSE,40728,67543,0.602993648490591
"95738551437","Elizabeth Morgan House Aboriginal Women's Services Inc","Large",2022,2020,2,FALSE,103450,3749699,0.0275888811341924
"95751520504","NICHOLSON STREET PUBLIC SCHOOL PARENTS AND CITIZENS ASSOCIATION","Small",2022,2021,1,FALSE,54837,64065,0.855958791852025
"95946679015","Adelaide Holocaust Museum and Steiner Education Centre Incorporated","Medium",2022,2021,1,FALSE,204150,308048,0.662721394068457
"96000538803","Australian Railway Historical Society New South Wales Division","Medium",2022,2020,2,FALSE,3582,967978,0.00370049732535244
"96147368664","Lower Lachlan Community Services Inc","Small",2022,2020,2,FALSE,14379,342032,0.042039926088787
"96161067492","Pollinate Group Ltd","Medium",2022,2020,2,FALSE,235236,1290772,0.182244424267028
"96261040501","Wollongong Meals On Wheels Assn Inc","Medium",2022,2022,0,FALSE,1000,561992,0.00177938475992541
"96313965015","Australian Sikh Support Inc","Small",2022,2020,2,FALSE,70673,85673,0.824915667713282
"96362741881","Bloss - Riverina Pregnancy & Baby Loss Support Inc","Small",2022,2021,1,TRUE,4000,6900,0.579710144927536
"96435996391","Waverley Community Men's Shed Inc","Small",2022,2021,1,FALSE,0,17572,0
"96621534683","Armadillo&Co Foundation Limited","Small",2022,2023,-1,FALSE,481157,481211,0.999887783113852
"96624570510","YOUNG LEADERS OF TASMANIA LTD.","Medium",2022,2022,0,FALSE,22432,282064,0.0795280503715469
"96655027320","Alpine Valleys Community Leadership Fund Ltd.","Medium",2022,2022,0,FALSE,0,669583,0
"96788532201","Albany MenShed Inc","Small",2022,2022,0,FALSE,9567,158226,0.0604641462212279
"96956782786","The Mustard Seed Family Project Incorporated","Small",2022,2023,-1,FALSE,61783,66783,0.925130647020948
"97478220756","Tullawon Health Service Incorporated","Large",2022,2023,-1,FALSE,0,7742718,0
"97518065568","The Judith Neilson Institute for Journalism and Ideas","Medium",2022,2021,1,FALSE,1e+07,10166753,0.983598204854588
"97558392056","Latin Stories Australia Inc","Small",2022,2021,1,FALSE,2350,93643,0.0250953087790865
"98004700560","Computerbank Victoria Inc","Small",2022,2022,0,FALSE,20548,132415,0.155178793943284
"98122087261","appin mens shed incorporated","Small",2022,2023,-1,TRUE,300,49338,0.00608050589809072
"98634977549","Westside Housing Company Limited","Large",2022,2020,2,FALSE,0,29543141,0
"98635385714","A Liquid Future Ltd","Small",2022,2023,-1,FALSE,11366,72070,0.157707784098793
"98647010375","Psychedelic Research In Science & Medicine Ltd","Small",2022,2021,1,FALSE,195263,200591,0.973438489264224
"98795843750","CARE AND SERVE INCORPORATED","Small",2022,2022,0,FALSE,15582,15582,1
"98965716598","Invisible Illnesses Inc","Small",2022,2021,1,FALSE,2070,85470,0.0242190242190242
"99000020762","Meriden School","Large",2022,2021,1,FALSE,0,57768195,0
"99052134639","Restoration Enterprises Limited","Small",2022,2020,2,FALSE,114401,212578,0.538160110641741
"99609928234","Ark Rising Ltd","Small",2022,2021,1,FALSE,29866,29869,0.999899561418193
"99618617093","Sudd Foundation Ltd","Small",2022,2022,0,FALSE,0,296925,0
"99625904663","Capital Region Heritage Rail Limited","Small",2022,2020,2,FALSE,4838,161232,0.0300064503324402
"99629608868","Rufus S.A. Limited","Small",2022,2020,2,FALSE,17757,61104,0.290602906520031
"99659766292","One Dollar Project Inc","Small",2022,2023,-1,FALSE,36942,36942,1
"99722497212","Fingal Valley Neighbourhood House","Medium",2022,2023,-1,FALSE,82,1124799,7.29019140308624e-05
"99821785872","Amani Orphans and Widows Welfare Service Inc.","Small",2022,2020,2,FALSE,5280,5280,1
"11260987026","HIGHFIELDS PIONEER VILLAGE MUSEUM AND PARK INC","Small",2023,2020,3,TRUE,16631,312702,0.0531848213314913
"11363125088","EDUCATION WITHOUT BORDERS (AUSTRALIA) INCORPORATED","Small",2023,2021,2,FALSE,173008,227273,0.761234286518856
"11403984944","VOF Charity Incorporated","Small",2023,2023,0,FALSE,9060,21235,0.42665410878267
"11636474363","BEYOND THE BADGE LIMITED","Small",2023,2023,0,FALSE,160105,160105,1
"12155976319","ACF - Australian Care Foundation Limited","Small",2023,2022,1,FALSE,0,36146,0
"12451824370","Chairo Parent Governed Christian Education Limited","Large",2023,2021,2,FALSE,449299,40133247,0.0111951818899677
"12454623050","Sydney Eye Hospital Foundation Trust","Medium",2023,2023,0,FALSE,775033,1469157,0.527535858999413
"12608879741","A Chance For Change Ltd","Small",2023,2020,3,FALSE,28064,28062,1
"12633397172","THE PLACE OF KEEPING LTD","Medium",2023,2023,0,FALSE,0,406346,0
"12738414077","Bauple Community Shed Inc.","Small",2023,2021,2,TRUE,971,18353,0.0529068817087125
"12807568469","The Humble Mission of Melbourne Incorporated","Small",2023,2022,1,FALSE,62549,62549,1
"13127908187","Australian Indigenous Education Foundation","Large",2023,2020,3,FALSE,8273228,35010953,0.236303993210353
"13198748098","Northern Beaches Secondary College Balgowlah Boys Campus Parents & Citizens' Association","Medium",2023,2020,3,FALSE,0,615300,0
"13382113021","Peel Volunteer Resource Center Inc","Small",2023,2022,1,FALSE,92,252715,0.000364046455493342
"13607436671","AUSTRALIAN CARDIOVASCULAR ALLIANCE LTD","Medium",2023,2022,1,FALSE,0,610529,0
"13643209063","HIGHWAY FOUNDATION LIMITED","Small",2023,2023,0,FALSE,370000,370116,0.999686584746404
"13746772326","Whyalla Men's Shed Inc.","Small",2023,2022,1,FALSE,4702,47109,0.0998110764397461
"13750980152","Tailem Bend Community Centre Inc","Medium",2023,2023,0,FALSE,2938,981436,0.00299357268329264
"13805775145","Vincent Community Shed Inc","Small",2023,2021,2,FALSE,4686,34627,0.135327923296849
"13986701465","Worn Gundidj Aboriginal Co-Op Ltd","Medium",2023,2021,2,FALSE,0,4175770,0
"14136043783","Fremantle Men's Community Shed Inc","Small",2023,2021,2,FALSE,4349,119988,0.0362452911957862
"14518578865","Hunter Bible Church Association Inc","Large",2023,2022,1,FALSE,2102710,2751174,0.764295533470438
"14637350953","Community Compassion Ministries","Small",2023,2023,0,FALSE,37688,296804,0.126979420762523
"14692922067","Brunswick Junction Community Men's Shed Incorporated","Small",2023,2021,2,FALSE,9763,34552,0.282559620282473
"14886457301","Irish Support Victoria Inc","Small",2023,2023,0,FALSE,10435,229054,0.0455569429042933
"14959633656","Maitland Cancer Appeal Committee Inc","Small",2023,2022,1,FALSE,1592,181468,0.00877289659884938
"15096096154","Children of Cambodia Foundation Inc","Small",2023,2020,3,FALSE,16563,21940,0.754922515952598
"15490012190","Mornington Mens Shed Incorporated","Small",2023,2021,2,FALSE,5,140305,3.56366487295535e-05
"15600973210","New Era Disability Services Incorporated","Large",2023,2021,2,FALSE,0,1451238,0
"15606937763","BK 2 Basics Melbourne Incorporated","Small",2023,2020,3,FALSE,232922,232922,1
"15641516172","Bunbury Geographe Motor Museum Ltd","Small",2023,2022,1,FALSE,148615,227501,0.653249875824722
"15894216603","Helena River Steiner School Community Association Inc","Medium",2023,2020,3,FALSE,294,2594050,0.000113336288814788
"15921239978","InLife Turning Point Foundation","Small",2023,2020,3,FALSE,46304,46346,0.999093772925387
"16068548631","Wesnet (Women's Services Network) Incorporated","Large",2023,2020,3,FALSE,1890,1446881,0.00130625808203992
"16095377370","Australian Society Of Anaesthetists Limited","Large",2023,2020,3,FALSE,0,7897271,0
"16145204039","Doctors' Health Sa Limited","Medium",2023,2022,1,FALSE,2600,649283,0.00400441718018183
"16164251972","Gloucester Men's Shed Incorporated","Small",2023,2021,2,FALSE,2855,31027,0.0920166306765076
"16210202386","Lachy's Reach Incorporated","Small",2023,2022,1,TRUE,13081,13082,0.999923559088824
"16308384841","DHUBU-GU LOCAL ABORIGINAL LAND COUNCIL","Medium",2023,2021,2,FALSE,0,1142775,0
"16530482569","Kyogle Together Incorporated","Medium",2023,2022,1,FALSE,1119,1245275,0.000898596695509024
"16624152638","Mission2Myanmar","Small",2023,2020,3,FALSE,39879,40697,0.979900238346807
"16635283680","SUPPORTED AFFORDABLE ACCOMMODATION TAS LIMITED","Small",2023,2023,0,FALSE,0,1170362,0
"16674035894","Retirement Village Residents Association (Inc)","Small",2023,2020,3,FALSE,13820,244508,0.0565216680026829
"17002512370","The Hills Grammar School","Large",2023,2020,3,FALSE,370998,42104469,0.00881136869342777
"17224504183","Northshore Men’s Shed Inc","Small",2023,2023,0,FALSE,187,9997,0.0187056116835051
"17285520047","Port Kembla & District Meals On Wheels Inc","Small",2023,2020,3,FALSE,10020,312650,0.0320486166640013
"17323323729","Milton Ulladulla Men's Shed Incorporated","Small",2023,2021,2,FALSE,954,41964,0.0227337718044038
"17422428487","Daylesford Community Op Shop Inc.","Small",2023,2023,0,FALSE,1730,82161,0.0210562188873066
"17607007303","14 Stars Children Foundation Pty Ltd","Small",2023,2021,2,FALSE,386262,386262,1
"17642475296","AFRICAN FAMILY SERVICES LIMITED","Small",2023,2023,0,FALSE,0,225548,0
"17643980287","CLEARVIEW CHRISTIAN COLLEGE LTD","Medium",2023,2022,1,FALSE,24100,877011,0.0274797009387568
"17992708637","Herd Together Inc","Small",2023,2022,1,TRUE,5865,47765,0.122788652779232
"18171935959","Australian Information Security Association (AISA) Limited","Large",2023,2023,0,FALSE,0,8323840,0
"18630990996","The Mission To Seafarers Victoria Inc","Medium",2023,2023,0,FALSE,121903,943374,0.129220224428488
"18743735011","Eacham Community Help Organization Inc","Medium",2023,2021,2,FALSE,0,1295545,0
"18938419763","SUBIACO JUSTICE CENTRE INC.","Small",2023,2020,3,FALSE,27422,48422,0.566312833009789
"19005958216","Emmaus Christian Community Limited","Small",2023,2021,2,FALSE,30,2612,0.0114854517611026
"19127640466","Australian Academy of Law","Small",2023,2020,3,TRUE,19785,205928,0.0960772697253409
"19147249394","Fremantle Foundation Limited","Small",2023,2020,3,FALSE,187445,772672,0.242593234904332
"19197993800","Chinese Theological College Australia Inc","Large",2023,2023,0,FALSE,902028,1632228,0.552636028790096
"19353529259","Derek's Place Incorporated","Small",2023,2022,1,FALSE,13870,20256,0.684735387045814
"19373588300","Torquay Community Men's Shed Inc","Small",2023,2021,2,FALSE,2101,31100,0.067556270096463
"19607164090","Aboriginal and Torres Strait Islander Mathematics Alliance Limited","Medium",2023,2020,3,FALSE,24033,419667,0.0572668329890127
"19634798520","KLUTHUTHU CHRISTIAN COLLEGE LTD","Medium",2023,2021,2,FALSE,76102,1613850,0.047155559686464
"19722502215","Melbourne Men's Group Incorporated","Small",2023,2023,0,FALSE,3248,11049,0.293963254593176
"20026465034","Ngaruwanajirri Inc","Small",2023,2021,2,FALSE,3839,357364,0.0107425482141458
"20072693700","Padua College Limited","Large",2023,2023,0,FALSE,300,36017198,8.32935421572772e-06
"20269837369","Parramatta District Men's Shed Inc","Small",2023,2021,2,FALSE,271,21620,0.0125346901017576
"20438800399","Western Australian Institute For Educational Research Inc","Small",2023,2020,3,FALSE,7000,17917,0.390690405759893
"20504408045","Jordan River Service Inc.","Medium",2023,2020,3,FALSE,7399,1483961,0.00498598008977325
"20621626202","The James & Jutta Lauf Foundation Limited","Small",2023,2020,3,FALSE,0,580647,0
"20639931052","ADELAIDE CITY CARE INCORPORATED","Small",2023,2021,2,TRUE,32777,62799,0.521935062660233
"20671392558","Opening The Doors Foundation","Medium",2023,2020,3,FALSE,812813,888081,0.91524646963509
"20737850413","West Moonah Community Action Group Inc","Small",2023,2020,3,FALSE,5729,592605,0.00966748508703099
"20739138976","Nations Church Inc","Large",2023,2020,3,FALSE,7273518,7779863,0.934915949034064
"21150644108","Pottsville and District Mens Shed Inc.","Small",2023,2021,2,FALSE,2810,120253,0.0233674003974953
"21164108975","Kilmore District Mens Shed Inc.","Small",2023,2021,2,FALSE,3326,71557,0.0464804281901142
"21290070553","Warrina Innisfail","Large",2023,2021,2,FALSE,0,21079302,0
"21369165660","Alithia Incorporated","Small",2023,2020,3,FALSE,0,10000,0
"21458832336","Kingaroy Men's Shed inc","Small",2023,2022,1,TRUE,6578,110663,0.0594417284910042
"21472309062","Boys From The Bush Projects Inc","Small",2023,2020,3,FALSE,0,197972,0
"21612777474","Kids in Philanthropy Limited","Small",2023,2021,2,FALSE,103699,109039,0.951026696869927
"21768379010","A Little Sparkle- Bringing girls on the spectrum together","Small",2023,2020,3,FALSE,3000,4000,0.75
"22086764230","Alpha Australia National Office","Large",2023,2021,2,FALSE,8943901,9231988,0.968794695140418
"22161120118","BBI The Australian Institute of Theological Education","Medium",2023,2022,1,FALSE,188729,2032519,0.092854728541283
"22617686905","The Ramsay Centre for Western Civilisation","Large",2023,2021,2,FALSE,29026863,30408913,0.95455115413037
"22628738545","FNQ AVIATION MUSEUM LTD","Small",2023,2020,3,TRUE,8347,29655,0.281470241106053
"22742211672","Lake Monger Community Shed Inc.","Small",2023,2021,2,FALSE,11925,71676,0.166373681567052
"23000543788","THE AUSTRALIAN PSYCHOLOGICAL SOCIETY LIMITED","Large",2023,2023,0,TRUE,0,21192389,0
"23098188689","Graduate Women - NSW Inc","Small",2023,2020,3,FALSE,25815,71073,0.363218099700308
"23115566624","McGrath Foundation Ltd","Large",2023,2020,3,FALSE,10418489,39688747,0.262504860634678
"23127486514","Romeo's Rabbit Rescue Incorporated","Small",2023,2021,2,TRUE,108404,126954,0.853884083998929
"23307801543","Lighthouse Christian College Cranbourne Inc","Large",2023,2020,3,FALSE,18379,18562772,0.000990099969982931
"23341979287","Clarence Valley Anglican School","Large",2023,2020,3,FALSE,170946,9231421,0.0185178424860051
"23416548217","Melbourne Tautoko Whanau Inc.","Small",2023,2023,0,FALSE,18155,18155,1
"23483497039","Parkerville Community Care Inc","Small",2023,2021,2,FALSE,17538,72529,0.241806725585628
"23539290973","Prince Alfred College","Large",2023,2020,3,FALSE,18060,52057075,0.000346926906669266
"23587341162","GLBTI Rights in Ageing Incorporated","Small",2023,2022,1,FALSE,0,326774,0
"23709702230","Our Community Place Inc","Small",2023,2023,0,FALSE,5856,162263,0.0360895583096578
"23832388550","Institution of Surveyors Australia (Queensland Division) Bicentennial Education Foundation","Small",2023,2021,2,FALSE,0,40380,0
"23921356946","Wise Life Services Inc","Large",2023,2023,0,FALSE,0,2039522,0
"24462209649","Footscray Historical Society Inc","Small",2023,2022,1,FALSE,550,49710,0.0110641721987528
"24565844501","Redland Bay Men's Shed Inc","Small",2023,2020,3,FALSE,15318,53519,0.286216110166483
"24619718059","Inner Melbourne African  Australian Partnership (Imaap)","Small",2023,2022,1,FALSE,0,1e+05,0
"24633662085","LACHLAN HUGHES FOUNDATION","Small",2023,2021,2,FALSE,65231,66275,0.984247453791022
"24637544426","The Busy School Ltd","Large",2023,2021,2,FALSE,0,25090385,0
"24643555873","STYLING STATION AUSTRALIA LTD","Small",2023,2023,0,FALSE,1550,252652,0.00613492076057185
"24644146757","John Mc Foundation Inc","Small",2023,2021,2,FALSE,33449,45193,0.740136746841325
"24693089021","Tintern Grammar","Large",2023,2020,3,FALSE,4615,34599600,0.000133383044890692
"24707214286","Inner Eastern Local Learning Employment Network Inc","Medium",2023,2022,1,FALSE,0,1203578,0
"24738660512","Oxenford Men's Shed Inc.","Small",2023,2021,2,FALSE,4338,88515,0.0490086426029487
"24954265291","International Youth Fellowship Incorporated","Small",2023,2022,1,FALSE,8426,20731,0.406444455163764
"25138676829","Ruok? Limited","Large",2023,2023,0,FALSE,2687292,9205570,0.291920217868095
"25227042629","Revival Church Australia Limited","Medium",2023,2020,3,FALSE,392020,558525,0.701884427733763
"25342039058","ACT Pet Crisis Support Inc","Small",2023,2021,2,FALSE,133337,135087,0.987045385566339
"25342966460","Love For Australia Incorporated","Small",2023,2022,1,FALSE,68602,70692,0.970435127029933
"25537381300","Alley Katz Australia Org.","Small",2023,2021,2,TRUE,26944,26944,1
"25651555805","10 CENT TOM LIMITED","Small",2023,2023,0,FALSE,27499,130761,0.210299707099212
"25690631145","Offspring Incorporated","Small",2023,2023,0,FALSE,222984,283708,0.785963032413608
"25717084481","Carlton Neighbourhood Learning Centre Inc.","Medium",2023,2023,0,FALSE,145525,1170350,0.12434314521297
"25886286256","CAIRNS MEN'S SHED INC","Small",2023,2021,2,FALSE,20935,124628,0.167979908206824
"26002929204","Women Illawarra Incorporated","Large",2023,2022,1,FALSE,64825,2928743,0.0221340691211212
"26005864282","NORMAN BEISCHER MEDICAL RESEARCH FOUNDATION","Large",2023,2020,3,FALSE,0,515336,0
"26224735996","Mundaring Community Men's Shed (Inc)","Small",2023,2022,1,FALSE,1317,530000,0.00248490566037736
"26237128770","Living & Learning Inc","Medium",2023,2021,2,FALSE,22257,928346,0.0239748972904499
"26429861213","Australian Melanoma Research Foundation Ltd","Small",2023,2020,3,FALSE,113403,201555,0.562640470343083
"26483932179","Emmaus Christian School Canberra Limited","Large",2023,2020,3,FALSE,9500,11827983,0.000803180051915868
"26615709254","Australian Motor Heritage Foundation Limited","Small",2023,2023,0,FALSE,100465,104054,0.965508293770542
"26694116261","Peninsula Evangelical Church Incorporated","Medium",2023,2021,2,FALSE,293013,461158,0.635385269256957
"27138862831","Shedding Community Workshop Inc","Small",2023,2023,0,FALSE,6814,206766,0.0329551280191134
"27633337283","RAINSHINE FOUNDATION AUSTRALIA LTD","Small",2023,2021,2,FALSE,25337,26992,0.938685536455246
"27633825724","The Pencil Tree Inc","Small",2023,2021,2,FALSE,65826,80493,0.81778539748798
"28153110055","Edmund Rice Foundation (Australia)","Large",2023,2021,2,FALSE,2590109,3307009,0.783218007571192
"28171439723","The Headstone Project (Tas) Inc.","Small",2023,2020,3,FALSE,11007,37799,0.291198179846028
"28182771909","The University Of The Third Age Redlands District Inc","Small",2023,2023,0,FALSE,0,93414,0
"28604684515","Global Village Project Incorporated","Small",2023,2022,1,FALSE,6099,6039,1
"28627003039","Willmore Kindergarten & Pre-School Inc","Medium",2023,2023,0,FALSE,13495,449038,0.0300531358147863
"28629387382","FOSTERING HOPE COMMUNITY LTD","Small",2023,2022,1,FALSE,131513,131933,0.99681656598425
"28639382782","HOPE FOR JUSTICE (AUSTRALIA) LIMITED","Small",2023,2022,1,FALSE,121937,121937,1
"28929959207","The Cove Men's Shed Inc","Small",2023,2021,2,FALSE,1478,16222,0.0911108371347553
"29008155780","Australian Cranio-Maxillo Facial Foundation","Medium",2023,2023,0,FALSE,461456,909987,0.507101749805217
"29016580266","Gold Coast Guinea Pig Rescue Inc","Small",2023,2021,2,FALSE,28911,89337,0.323617314214715
"29233499503","Point Nepean Men's Shed Association Incorporated","Small",2023,2022,1,TRUE,4598,26586,0.172948168208832
"29626220184","Trek Learning Centre Limited","Small",2023,2021,2,FALSE,0,375033,0
"29726939936","Condell Park Christian School Ltd.","Medium",2023,2023,0,FALSE,9867,1152805,0.00855912318215136
"29835302417","Vision International College Inc","Small",2023,2023,0,FALSE,12895,99187,0.130006956556807
"29844307522","Sydney Next Church Incorporated","Medium",2023,2021,2,FALSE,694601,694919,0.999542392710517
"30251705569","AL-ANON FAMILY GROUPS WESTERN NSW AREA INC","Small",2023,2022,1,FALSE,13794,13794,1
"30390041210","Australian Primary Health Care Nurses Association Limited","Large",2023,2023,0,FALSE,0,10416980,0
"30539535489","Hampton Community Kindergarten","Medium",2023,2023,0,FALSE,0,439472,0
"30607659567","Reach for Nepal Foundation Ltd","Small",2023,2022,1,FALSE,110866,174747,0.634437214945035
"30658029240","The Rainforest School","Medium",2023,2022,1,FALSE,6483,777195,0.00834153590797676
"30761157197","Hopefield Services Incorporated","Medium",2023,2021,2,FALSE,360675,910154,0.396279091230715
"30820083795","FRIENDS OF BUSH PUPS INC","Small",2023,2023,0,FALSE,83775,86300,0.970741599073001
"30937756314","Injilinji Community Preschool and Kindergarten Association Inc","Medium",2023,2022,1,FALSE,16866,505879,0.0333399884162023
"31019036762","Finley High School P&C Association","Small",2023,2023,0,FALSE,5656,253521,0.0223097889326722
"31111343287","Surf Aid International Australia Limited","Medium",2023,2022,1,FALSE,1233540,2385584,0.517080932803037
"31156195461","IGWR In Giving We Receive Inc","Small",2023,2022,1,FALSE,95096,105577,0.90072648398799
"31168484225","Dusty Paws Dog Rescue","Small",2023,2022,1,TRUE,210330,210330,1
"31368310372","Hedland Well Women's Centre Inc","Medium",2023,2020,3,FALSE,114741,1079438,0.106296980465761
"31473215772","Fitness For Purpose Incorporated","Small",2023,2023,0,FALSE,26000,135000,0.192592592592593
"31556191422","WADJAK Northside Aboriginal Community Group","Small",2023,2020,3,FALSE,1557,457105,0.00340621957755877
"31605454671","FULCRUM AID LTD","Small",2023,2020,3,FALSE,49820,49823,0.999939786845433
"32039179166","Batchelor Institute Of Indigenous Tertiary Education","Large",2023,2020,3,FALSE,511000,37005000,0.0138089447371977
"32101614760","Centrefarm Aboriginal Horticulture Limited","Medium",2023,2021,2,FALSE,0,1131721,0
"32169043130","Rescues4Pets Inc","Small",2023,2022,1,FALSE,32487,82262,0.394921105735333
"32176699686","The Nature School Incorporated","Large",2023,2022,1,FALSE,40,3067003,1.30420478884435e-05
"32332652248","Emu Park & District Men's Activity Shed Inc","Small",2023,2023,0,FALSE,21191,66783,0.317311291795816
"32556659638","DHAMMAKAYA SOCIETY OF QUEENSLAND INC","Small",2023,2020,3,TRUE,91877,91877,1
"32592059803","Toast for Kids Charity Incorporated","Small",2023,2021,2,FALSE,1310,60549,0.0216353697005731
"32636512948","ZEN TEA LOUNGE FOUNDATION LTD","Small",2023,2021,2,TRUE,112416,478835,0.234769805883029
"32868998986","Diamond Creek Mens Shed Inc","Small",2023,2023,0,FALSE,2777,46493,0.0597294216333642
"33260335253","The Trustee for Niulife Foundation","Small",2023,2020,3,FALSE,909,10129,0.0897423240201402
"33477653258","COOK4CALD INC.","Small",2023,2023,0,TRUE,11375,19894,0.571780436312456
"33824106971","Gnarly Neighbours","Medium",2023,2023,0,FALSE,36825,82171,0.448150807462487
"34163636566","Superannuation Consumers' Centre Ltd","Medium",2023,2020,3,FALSE,0,1331456,0
"34167153522","Mwembe Foundation Australia Ltd","Small",2023,2023,0,FALSE,9455,9606,0.984280657922132
"34173022468","Canberra Monaro N Scale Group Inc","Small",2023,2022,1,TRUE,156,15286,0.0102054167211828
"34254826976","South Australian Rainbow Advocacy Alliance Inc.","Small",2023,2023,0,FALSE,9628,163695,0.0588167017929686
"34627816808","Anika Legal Ltd","Medium",2023,2020,3,FALSE,344442,394392,0.873349357999148
"34718530172","Law Enforcement Torch Run - Western Australia (LETR WA) Incorporated","Small",2023,2021,2,FALSE,48763,54173,0.900134753474978
"34789627512","DASTAN","Small",2023,2022,1,FALSE,32820,32820,1
"35002648606","Taree & District Pre-School Ltd","Medium",2023,2021,2,FALSE,0,1323969,0
"35037156011","Gracemere Mens Shed Inc.","Small",2023,2021,2,FALSE,5229,33332,0.156876275051002
"35052312865","Blayney Shire Community Mens Shed Incorporated","Small",2023,2021,2,FALSE,3100,8925,0.34733893557423
"35060581437","Australian Committee For UNICEF Limited","Large",2023,2020,3,FALSE,46699872,64307532,0.726195992096229
"35115082212","Australian Camps Association","Medium",2023,2021,2,FALSE,0,50652382,0
"35149437276","Southern Cross Grammar","Large",2023,2021,2,FALSE,0,20140704,0
"35164318440","Annandale North Public School P&C Association","Small",2023,2020,3,FALSE,0,54169,0
"35335529899","Our Rainbow House Inc","Small",2023,2020,3,FALSE,168715,227577,0.741353475966376
"35592321123","Kurrajong North Public School Parents And Citizens Association","Small",2023,2022,1,FALSE,17972,17972,1
"35628712667","THE RICHARD GILL NATIONAL MUSIC ACADEMY LIMITED","Medium",2023,2021,2,FALSE,0,1531850,0
"35689710404","Camperdown Quarters Limited","Medium",2023,2023,0,FALSE,211326,301240,0.701520382419333
"35752992852","Mildura Christian College Inc","Medium",2023,2020,3,FALSE,23178,2395460,0.00967580339475508
"35859201921","Sutherland Shire Refugee Connection","Small",2023,2021,2,FALSE,7136,13160,0.542249240121581
"36160974235","The Australasian Mastocytosis Society","Small",2023,2020,3,FALSE,40447,44887,0.901084946643794
"36169895041","Little Blue Dinosaur Foundation Limited","Small",2023,2022,1,FALSE,14231,179935,0.0790896712701809
"36295742511","Men's Information and Support Association Inc.","Medium",2023,2020,3,FALSE,2176,372457,0.00584228514969513
"36301233932","Kincumber Men's Shed Inc","Small",2023,2021,2,FALSE,375,22772,0.0164675917793782
"36651805702","Australian Peacekeeper and Peacemaker Veterans' Association Ltd","Small",2023,2022,1,FALSE,13589,151578,0.0896502130916096
"36720260805","Bethel Mar Thoma Church Sydney","Medium",2023,2022,1,FALSE,558941,558941,1
"36735208761","Warrnambool Student Wellbeing Association Inc","Small",2023,2021,2,FALSE,249381,249381,1
"36809112033","Foundation Learning Centre Inc","Large",2023,2021,2,FALSE,21865,4467642,0.004894080591059
"36820537098","Matercare Australia Incorporated","Small",2023,2022,1,FALSE,2832,3517,0.805231731589423
"36872112968","Atherton Men's Shed Inc","Small",2023,2021,2,FALSE,3615,69283,0.0521773017912042
"37130949834","Ovarian Cancer Research Foundation Limited","Large",2023,2023,0,FALSE,4824197,5135030,0.939468123847378
"37207698349","Health Communication Resources Inc","Small",2023,2020,3,FALSE,63578,159470,0.398683137894275
"37469007007","Deafblind Association (NSW)","Small",2023,2020,3,FALSE,0,10398,0
"37605893356","St Rob Limited","Medium",2023,2022,1,FALSE,0,987788,0
"37620862955","Shrimad Rajchandra Mission Dharampur (Australia) Limited","Medium",2023,2022,1,FALSE,382630,432797,0.884086534795759
"37805464931","Rebus Theatre Incorporated","Medium",2023,2020,3,FALSE,40802,918905,0.0444028490431546
"37982149059","Homelessness Queensland Inc","Small",2023,2021,2,FALSE,362,239446,0.00151182312504698
"38000827798","Mission Without Borders (Australia) Limited","Medium",2023,2023,0,FALSE,1586088,1590124,0.997461833165212
"38139126378","Baxter & Grimshaw Foundation Inc.","Small",2023,2021,2,TRUE,1450,6681,0.217033378236791
"38276418759","Walford Foundation Incorporated","Small",2023,2021,2,FALSE,61268,330895,0.185158433944303
"38514938536","Woodford and Region Men's Shed Inc.","Small",2023,2022,1,FALSE,2279,29523,0.0771940520949768
"38546603898","Foster Families South West Inc","Small",2023,2021,2,FALSE,8836,13421,0.65837120929886
"38598711205","Hunter Youth Mentor Collaborative","Small",2023,2021,2,FALSE,87728,91932,0.954270547796197
"38645106627","FLEXIBLE OPTIONS LIMITED","Large",2023,2023,0,FALSE,150,3158002,4.74983866381339e-05
"38647816920","FITZROY COMMUNITY HOSPICE LTD","Large",2023,2022,1,TRUE,464685,4671232,0.0994780391982244
"38650171930","ABORIGINAL AND TORRES STRAIT ISLANDER HOUSING QUEENSLAND LIMITED","Medium",2023,2023,0,FALSE,0,1312961,0
"38965604576","NAIRM MARR DJAMBANA","Medium",2023,2023,0,FALSE,13118,560579,0.0234008052388691
"39002510465","Hunter Christian School Limited","Large",2023,2020,3,FALSE,0,7878328,0
"39099443619","M A Centre (Aust) Foundation","Small",2023,2022,1,FALSE,150473,329499,0.456672099156598
"39109129679","Architects Without Frontiers","Small",2023,2021,2,FALSE,42236,135842,0.310920039457605
"39126270641","Yarrawonga Neighbourhood House Incorporated","Medium",2023,2023,0,FALSE,14878,801615,0.0185600319355301
"39205898376","Chung Wah Autumn Centre Inc","Small",2023,2022,1,FALSE,3563,4353,0.81851596600046
"39589812425","Frankston/Mornington Peninsula Local Learning & Employment Network Inc","Large",2023,2020,3,FALSE,0,1447387,0
"39604404051","Seed Initiatives Limited","Small",2023,2021,2,FALSE,353838,677024,0.522637306801531
"39630371948","PMI Victorian History Library Inc.","Small",2023,2022,1,FALSE,12412,307718,0.0403356319747301
"39632013824","The Groove and Wellness Society Incorporated","Small",2023,2022,1,FALSE,24,10024,0.00239425379090184
"39634926131","Connect You Too Ltd","Medium",2023,2020,3,FALSE,1898,2325476,0.000816176989141148
"39828126747","Youth Enterprises Australia Limited","Small",2023,2022,1,FALSE,0,1137689,0
"39893211010","Savem Incorporated","Small",2023,2020,3,FALSE,132858,145404,0.913716266402575
"40170766569","The Common People Ltd","Small",2023,2020,3,FALSE,26833,30983,0.86605557886583
"40557982129","Toy Libraries Australia Inc.","Medium",2023,2020,3,FALSE,7373,612691,0.0120337984399967
"40697500790","Foster Care Association Of Western Australia (Inc.)","Medium",2023,2021,2,FALSE,2428,978668,0.00248092305051356
"40781429172","Horizons - Local and Beyond","Small",2023,2021,2,FALSE,14283,79058,0.180664828353867
"40792001012","Central East Accommodation and Care Alliance Inc.","Medium",2023,2021,2,TRUE,0,1146894,0
"40920336423","East Fremantle Child Development Centre Inc","Medium",2023,2020,3,FALSE,0,702998,0
"41615201360","Lift Up Voices Ltd trading as Lift Up Voices Foundation","Small",2023,2022,1,FALSE,16429,16429,1
"41840821357","The Entrance Public School P&C Assoc","Small",2023,2020,3,FALSE,6164,109382,0.0563529648388217
"42037851864","North East Local Learning And Employment Network","Medium",2023,2022,1,FALSE,0,1102839,0
"42247216279","Whitlam Institute Within  Western Sydney University Trust","Small",2023,2023,0,FALSE,1355170,1462207,0.926797642194299
"42498340094","The Roman Catholic Trust Corporation For The Diocese Of Cairns","Large",2023,2021,2,FALSE,0,300405000,0
"42506412570","Geelong Foodshare Incorporated","Medium",2023,2020,3,FALSE,337873,1100323,0.307067106658681
"42624069389","Generation Australia Ltd","Large",2023,2020,3,FALSE,2754405,3923117,0.702096062901004
"42823248967","AFGHAN WOMEN ON THE MOVE INCORPORATED","Small",2023,2023,0,FALSE,21935,464880,0.0471842195835484
"42958367110","HealthServe Australia Limited","Small",2023,2022,1,FALSE,220210,225333,0.977264759267395
"43010555478","Cairns Christian College Limited","Large",2023,2021,2,FALSE,0,12554801,0
"43200124919","Parkinsons DMF Inc","Small",2023,2021,2,FALSE,37805,38423,0.983915883715483
"43317153298","CONCORD HIGH SCHOOL P&C ASSOCIATION","Small",2023,2020,3,FALSE,41174,223895,0.183898702516805
"43391511051","Tin Can Bay Community and Men's Shed Incorporated","Small",2023,2021,2,FALSE,2597,44910,0.0578267646403919
"43529339392","AID FOUNDATION OF AUSTRALIA INCORPORATED","Small",2023,2020,3,FALSE,46737,89856,0.520132211538462
"43628604973","MENTORING MEN LTD.","Medium",2023,2020,3,TRUE,615671,1254714,0.490686323735927
"43743957408","Diabetes Research Foundation Of Wa Inc","Small",2023,2022,1,FALSE,413868,413868,1
"43753446272","Proston Men's Shed Inc","Small",2023,2021,2,FALSE,12765,16922,0.754343458220069
"44085875823","Worldview Centre For Intercultural Studies","Small",2023,2021,2,FALSE,8977,599484,0.0149745447751733
"44161310130","Glow Church","Large",2023,2022,1,FALSE,5824137,8347783,0.697686679205724
"44189041144","PREGNANT ALTERNATIVES INCORPORATED","Small",2023,2023,0,FALSE,22734,23244,0.97805885389778
"44362890385","Global Gardens of Peace Incorporated","Small",2023,2022,1,FALSE,320222,355184,0.901566512005045
"44568476377","Atisha Centre Inc","Small",2023,2023,0,FALSE,210390,493336,0.426463911005886
"44633434716","Freddy Bear Foundation","Small",2023,2023,0,FALSE,2640,89106,0.0296276345027271
"44695079183","Sewa International Australia Inc","Small",2023,2021,2,FALSE,19595,19595,1
"44759796180","Centenary Suburbs Men's Shed Inc","Small",2023,2021,2,FALSE,27170,90976,0.298650193457615
"44812153429","NSW Farmers Natural Disaster Relief Fund Inc","Small",2023,2020,3,FALSE,1976,3447,0.573252103278213
"45339846991","Monaro Family Support Service Incorporated","Medium",2023,2023,0,FALSE,65391,2288543,0.0285732013774703
"45495343458","Islamic Dawah Centre of Australia Inc","Small",2023,2022,1,FALSE,354458,354458,1
"45517351234","Karana Downs and Surrounds Community Garden Hub Inc","Small",2023,2022,1,TRUE,2445,54053,0.04523338205095
"45608731120","The Inspired Crusaders Ltd","Small",2023,2023,0,FALSE,310000,321045,0.965596723200797
"46006178641","Cvgt Australia Limited","Large",2023,2021,2,FALSE,0,55225248,0
"46101213478","Council Of Presidents Of Medical Colleges Ltd","Medium",2023,2023,0,FALSE,0,1397389,0
"46133445404","Earth Garden Foundation Australia Ltd","Small",2023,2021,2,FALSE,286877,301178,0.952516452064892
"46486944346","Overflowing Church Incorporated","Small",2023,2020,3,FALSE,0,257764,0
"47065314758","City West Housing Pty Limited","Large",2023,2020,3,FALSE,0,35332596,0
"47162770729","Muslim Global Aid Limited","Small",2023,2022,1,FALSE,893152,893152,1
"47237572750","Royal Australian Artillery Association (Northern Territory) Incorporated","Medium",2023,2020,3,FALSE,358,1476516,0.000242462662104576
"47456729309","VICTOR HARBOR LUTHERAN HOMES INC","Medium",2023,2021,2,TRUE,0,1074988,0
"47512918032","Explore Youth and Family Therapy Inc.","Small",2023,2020,3,FALSE,36360,54327,0.669280468275443
"47634504135","CATHOLIC EDUCATION WESTERN AUSTRALIA LIMITED","Large",2023,2023,0,FALSE,6715014,1317271781,0.00509766784414248
"47639146736","STRONG ANGELS INC.","Small",2023,2021,2,FALSE,74485,150579,0.494657289529084
"47656182430","Charters Towers Women of The Outback Shed Inc","Small",2023,2021,2,FALSE,3058,6784,0.450766509433962
"47703627137","Worimi Aboriginal Community Co-Operative Ltd","Small",2023,2021,2,FALSE,0,160234,0
"47909376387","Eden Community Access Centre Inc","Small",2023,2023,0,FALSE,199862,3723746,0.0536722966604059
"48102463744","Vets for Compassion Incorporated","Medium",2023,2022,1,FALSE,178308,194136,0.918469526517493
"48466077275","Coffs Harbour Community Men's Shed Incorporated","Small",2023,2021,2,FALSE,29000,65950,0.43972706595906
"48548850263","Warrnambool Men's Shed Incorporated","Small",2023,2021,2,FALSE,33428,146144,0.228733304138384
"48606733359","Edusupport Ltd","Small",2023,2022,1,FALSE,69801,89572,0.779272540526057
"48639951492","LYREBIRD COLLEGE LIMITED","Medium",2023,2021,2,FALSE,70135,1464716,0.0478830025752433
"48773551391","Gymea Bay Public School P&C Assoc","Small",2023,2023,0,FALSE,80,57620,0.00138840680319334
"48860387699","Bond Street Kindergarten Chilwell Inc","Medium",2023,2020,3,FALSE,0,380624,0
"48947927354","Hale School Foundation Inc","Medium",2023,2020,3,FALSE,3659450,9336788,0.391938855203738
"49635940797","SONS OF GOD MINISTRIES LTD.","Small",2023,2021,2,TRUE,10300,199550,0.0516161363066901
"50149270900","Magic Coat Foundation","Medium",2023,2022,1,FALSE,140736,503572,0.279475427545614
"50297510663","Lien Tri Buddhist Benevolent Association, Lien Tri Temple Inc.","Small",2023,2022,1,FALSE,85000,102000,0.833333333333333
"50354979153","LifeNets Australia Incorporated","Small",2023,2020,3,FALSE,77055,81034,0.950897154280919
"50384961465","F.E.T.C.H. Assistance Dogs Inc.","Small",2023,2022,1,FALSE,0,15738,0
"50454424905","South Sudan Child First Education (SSCFE) Incorporated","Small",2023,2020,3,FALSE,5000,15000,0.333333333333333
"50489948017","MUSEUM OF CHINESE IN AUSTRALIA LIMITED","Small",2023,2022,1,FALSE,201673,468242,0.430702499989322
"50756635036","WIZO VICTORA INC.","Medium",2023,2023,0,FALSE,683681,900850,0.758928789476605
"50857103537","Belle Vie Animal Rescue","Small",2023,2020,3,FALSE,42919,97220,0.441462662003703
"51008515508","Multiple Sclerosis Australia","Large",2023,2021,2,FALSE,2976495,9789211,0.304058723425208
"51145751837","Community Learning Ltd","Large",2023,2023,0,FALSE,34850,5689209,0.00612563187606572
"51152864609","Charity Drive Days Inc","Medium",2023,2023,0,FALSE,646008,646023,0.999976781012441
"51216948823","Pioneer Valley Men's Shed Inc","Small",2023,2022,1,FALSE,15470,30678,0.504270161027446
"51445386189","Sylvan Glades Inc","Medium",2023,2021,2,FALSE,0,224754,0
"51455679821","Business & Rural Solutions Limited","Large",2023,2022,1,FALSE,0,6271794,0
"51607702338","Blake Street Hebrew Congregation Inc","Medium",2023,2020,3,FALSE,166989,692147,0.241262333001516
"51636189412","First Peoples' Assembly Of Victoria Ltd","Large",2023,2021,2,FALSE,0,11761026,0
"51645280468","HOPE AND WISH FOUNDATION PTY LTD","Small",2023,2022,1,FALSE,1255,4555,0.275521405049396
"51646764847","St John's Lutheran School Jindera Ltd","Large",2023,2021,2,FALSE,11918,3545740,0.0033612165584617
"51699707733","AUSTRALASIAN VIROLOGY SOCIETY INC","Small",2023,2022,1,FALSE,0,292549,0
"51934682604","Pymble Turramurra Pre-School Inc","Medium",2023,2021,2,FALSE,0,1251051,0
"52060813541","World Youth International (Aust) Ltd","Medium",2023,2022,1,FALSE,1094304,1490275,0.734296690208183
"52121486849","Flinders Christian Community College Limited","Large",2023,2022,1,FALSE,69237,41881421,0.00165316740327412
"52146609961","Warwick Men's Shed Inc.","Small",2023,2022,1,FALSE,22243,58574,0.379741864991293
"52159380065","Buddha Dharma Education Association Inc","Small",2023,2023,0,FALSE,79945,79945,1
"52163151808","AUSTRALIAN ALLIANCE TO END HOMELESSNESS LIMITED","Large",2023,2023,0,FALSE,0,1607726,0
"52365630090","Helping Hands Animal Rescue Incorporated","Small",2023,2022,1,FALSE,7828,22437,0.348887997504123
"52368663383","Nunyara Aboriginal Health Service. Inc","Large",2023,2023,0,FALSE,0,4136181,0
"52601102970","AUSTRALASIAN BEGG SOCIETY OF ORTHODONTISTS LIMITED","Small",2023,2023,0,FALSE,5847,101923,0.0573668357485553
"52634235680","Murray Haven Homes Ltd","Large",2023,2022,1,FALSE,6093,5854914,0.0010406643035235
"52672801654","Global Ripple Incorporated","Medium",2023,2023,0,FALSE,3521,720283,0.00488835638214424
"52948317781","KHALSA ASSIST","Small",2023,2021,2,FALSE,2476,2476,1
"53009481485","Christian Schools Tasmania","Large",2023,2021,2,FALSE,650040,26046875,0.0249565446910618
"53101360336","MAIDE Inc.","Small",2023,2020,3,FALSE,1080,1080,1
"53297468669","Christian Religious Instruction Alliance in Queensland","Small",2023,2022,1,FALSE,307991,372778,0.826204872605143
"53487883254","In the Paws of Angels Inc","Small",2023,2023,0,FALSE,45254,87822,0.515292295780101
"53620147775","The School of St  Jude Limited","Large",2023,2021,2,FALSE,7905463,9202861,0.859022319254849
"53623275196","Hunter Anzac Memorial Limited","Medium",2023,2021,2,FALSE,25604,91900,0.27860718171926
"53659146068","KM CARES LTD","Small",2023,2023,0,TRUE,3807,11040,0.344836956521739
"53944553985","MOREE AND DISTRICT HISTORICAL SOCIETY","Small",2023,2022,1,TRUE,75,180345,0.000415869583298678
"54164074661","Branxton Greta Men's Shed Incorporated","Small",2023,2021,2,FALSE,19382,19382,1
"54253257443","Working Womens Centre Inc","Large",2023,2020,3,FALSE,5485,1401628,0.00391330652641072
"54263014967","Bayside Glen Eira Kingston Llen Inc","Medium",2023,2022,1,FALSE,0,584582,0
"54280302765","Umina Beach Mens Shed Incorporated","Small",2023,2021,2,FALSE,40290,71127,0.566451558479902
"54338990856","Inner Northern Local Learning And Employment Network Incoporated","Medium",2023,2020,3,FALSE,28000,828855,0.0337815420067442
"54584217520","Miya Kaadadjiny (Learning Sanctuary) Community Centre Inc","Small",2023,2022,1,FALSE,1260,161287,0.00781216093051517
"54623926009","Global Sustainable Development Vision Innovative Association Ltd","Small",2023,2022,1,FALSE,2472,2472,1
"54637263917","Christian College Geelong","Large",2023,2023,0,FALSE,85046,56385959,0.00150828329442796
"54776873363","Tingalpa & District Kindergarten Association Inc","Medium",2023,2021,2,FALSE,17129,403526,0.0424483180761587
"55000364474","The National Council Of Jewish Women Of Australia New South Wales Division","Small",2023,2023,0,FALSE,1650,445544,0.00370333794193166
"55169624154","Ballarat East Neighbourhood House Inc.","Small",2023,2022,1,FALSE,92,337135,0.000272887715603542
"55415242975","Buderim Men's Shed Inc","Small",2023,2020,3,FALSE,11196,167090,0.0670058052546532
"55495687613","RiverTracks Incorporated","Small",2023,2023,0,FALSE,34277,182622,0.18769370612522
"55612449604","Islamic Council Of New South Wales Inc","Medium",2023,2020,3,FALSE,95440,969602,0.0984321401977306
"55859040211","Golden Paradise Beach Men's Shed Inc.","Small",2023,2022,1,FALSE,562,15432,0.0364178330741317
"56254262824","Esperance Crisis Accomodation Service Inc","Medium",2023,2020,3,FALSE,21450,906719,0.023656722755341
"56405057386","Australian Water Safety On the Mekong (AWSOM) Project Inc","Small",2023,2022,1,FALSE,24842,24842,1
"56840304628","Carlingford Public School P&C Association","Small",2023,2021,2,FALSE,51552,202654,0.254384320072636
"57098352150","Community Business Bureau Inc","Large",2023,2022,1,FALSE,0,7438429,0
"57382768399","Caringbah North Public School P And C Association","Small",2023,2020,3,FALSE,64138,150657,0.425722004287886
"57624185217","Offshore and Specialist Ships Australia Ltd","Small",2023,2020,3,FALSE,19147,45135,0.424216240168384
"57649413936","Rural Financial Counselling Service, NSW - Southern Region Limited","Large",2023,2022,1,FALSE,50,6534633,7.65153911474447e-06
"57657202934","Albany Surf Life Saving Club","Medium",2023,2021,2,FALSE,9712,181303,0.0535677843168618
"57794560132","Wattle Group Inc","Small",2023,2021,2,FALSE,961,1258,0.763910969793323
"57910165955","Claws n Paws Rescue Group Inc","Small",2023,2020,3,TRUE,11786,659919,0.0178597676381495
"58154234383","Sherwood Ridge Public School Parents and Citizens Association","Small",2023,2022,1,FALSE,1074,27904,0.0384891055045872
"58160920528","Ferncourt Public School P&C Association","Small",2023,2020,3,FALSE,0,211780,0
"58608203592","Lower North Shore Community Transport Inc","Medium",2023,2020,3,FALSE,33,1949626,1.69263233050852e-05
"58636664983","Ruah Legal Services Limited","Large",2023,2020,3,FALSE,330,2279052,0.000144797047193307
"58935121466","Friends of TCI Australia Incorporated","Small",2023,2023,0,FALSE,50839,50839,1
"59284895650","Anam Cara House Colac Inc","Medium",2023,2020,3,FALSE,448417,1225759,0.365828029816628
"59475464712","Dangrove Trust","Large",2023,2020,3,FALSE,25884086,26531466,0.975599539052987
"59646048320","YADAH SUS FOUNDATION LIMITED","Small",2023,2023,0,FALSE,13498,13498,1
"59787033011","Cairns Animal Rescue Inc","Small",2023,2023,0,FALSE,36193,194354,0.186222048427097
"59793851790","Skillz4me Ltd.","Medium",2023,2021,2,FALSE,57183,363669,0.157239137787384
"59802036898","THE WYNNUM-MANLY AND DISTRICTS MEN'S SHED INC.","Small",2023,2021,2,FALSE,46296,133514,0.346750153541951
"59940749205","ProjectKindness Inc","Small",2023,2022,1,FALSE,67393,176044,0.382819067960283
"60088024355","Coast Christian School","Large",2023,2022,1,FALSE,7670,3703726,0.00207088753325705
"60131554106","Catalpa International Ltd","Large",2023,2022,1,FALSE,0,5631472,0
"60382871618","The Naracoorte District Mens Shed Incorporated","Small",2023,2021,2,FALSE,9417,55276,0.170363267964397
"60623295483","A B Paterson College Foundation Ltd","Small",2023,2020,3,FALSE,8635,82027,0.105270215904519
"60630551889","REDFERN YOUTH CONNECT (AUSTRALIA) LIMITED","Medium",2023,2020,3,TRUE,32422,483062,0.0671176784760548
"60647173484","GEOGRAPHE MARINE RESEARCH LTD","Small",2023,2023,0,FALSE,77777,116831,0.665722282613348
"60751862177","Samford Area Men's Shed","Small",2023,2021,2,FALSE,2719,70345,0.0386523562442249
"61005641225","The School Of Total Education","Medium",2023,2022,1,FALSE,0,2346280,0
"61147546405","Jabree Ltd","Small",2023,2021,2,FALSE,64000,628174,0.101882599407171
"61268362646","Returned and Services League of Australia A.C.T. Branch Incorporated","Small",2023,2020,3,FALSE,21939,169397,0.129512329025898
"61330557713","Strength Potential Incorporated","Medium",2023,2022,1,FALSE,66145,1048664,0.0630754941525598
"61639182844","NGUTU COLLEGE LTD","Large",2023,2021,2,FALSE,1098022,10417424,0.105402448820361
"61831960079","Auscharity Inc.","Small",2023,2020,3,FALSE,1809,1809,1
"62005274742","Sail & Adventure Limited","Small",2023,2020,3,FALSE,383747,413734,0.927521064258678
"62130436752","Yatra Foundation Australia","Small",2023,2022,1,FALSE,155743,158525,0.982450717552437
"62137118647","Rockhampton Men's Shed Inc","Small",2023,2021,2,FALSE,10879,181756,0.0598549703998768
"62198192130","Kuranda Information And Support Centre Association Inc","Small",2023,2021,2,FALSE,5726,463667,0.0123493800507692
"62238200670","Future Connect Incorporated","Medium",2023,2022,1,FALSE,0,651229,0
"62404700128","Newcastle Mens Shed","Small",2023,2021,2,FALSE,38817,97167,0.399487480317392
"62616284505","Gamal Ministries Ltd","Small",2023,2022,1,FALSE,24434,24434,1
"62626387273","'TIL THE COWS COME HOME LTD","Medium",2023,2023,0,FALSE,1165069,1165893,0.999293245606586
"62801175580","Coolum Men's Shed Inc","Small",2023,2021,2,FALSE,7893,90172,0.0875327152552899
"63105164152","Cessnock Family Support Service Inc","Small",2023,2021,2,FALSE,23311,860151,0.0271010555123461
"63167495105","LIGHT HOUSE YOUTH PROJECTS INCORPORATED","Medium",2023,2020,3,FALSE,50000,704164,0.0710061860589295
"63175468453","Rural Australians for Refugees  (Bendigo) Inc","Small",2023,2023,0,FALSE,12947,13567,0.954300877128326
"63294273664","Hope4Paws Animal Rescue Incorporated","Small",2023,2022,1,FALSE,52597,54929,0.957545194705893
"63638021939","The Uniform Project - Turkana Inc","Small",2023,2020,3,FALSE,6695,6695,1
"63744700911","Alpha-1 Association Of Australia","Small",2023,2021,2,FALSE,250,1542,0.162127107652399
"63773789161","West cumberland mens shed incorporated","Small",2023,2021,2,FALSE,1012,103642,0.0097643812354065
"64008498637","United World Colleges (Australia) Trust Limited","Small",2023,2021,2,FALSE,153972,155352,0.991116947319635
"64214940427","Brain Injury Matters Incorporated","Small",2023,2020,3,FALSE,0,373632,0
"64282712328","Kempsey Neighbourhood Centre Inc","Medium",2023,2023,0,FALSE,1000,2079507,0.000480883209337598
"64612999229","Proud 2 Play inc.","Small",2023,2022,1,FALSE,7115,280429,0.0253718410007524
"64618388159","AbilityLiving-MyWay","Medium",2023,2020,3,FALSE,0,2545063,0
"64704364097","Turbans 4 Australia Inc","Medium",2023,2023,0,FALSE,177738,651459,0.272830676988114
"64924935699","Mittagong Pre School Kindergarten Inc","Medium",2023,2020,3,FALSE,21675,1195771,0.018126380385542
"65064790343","St. John's Greek Orthodox College","Large",2023,2022,1,FALSE,692328,8075003,0.0857371817694681
"65129595651","Construction Charitable Works Limited","Medium",2023,2021,2,FALSE,473595,669303,0.707594318268408
"65473474266","KIWI'S NEW LIFE BIRD RESCUE INCORPORATED","Small",2023,2023,0,FALSE,23755,29010,0.818855567045846
"65601662382","Hejaz Foundation Limited","Small",2023,2023,0,FALSE,142691,142691,1
"65619212663","Dr Steve Burroughs Foundation Limited","Small",2023,2022,1,FALSE,39061,46828,0.834137695395917
"65625405923","Better Renting Limited","Small",2023,2022,1,FALSE,216774,222901,0.972512460688826
"65628376652","ANUBIS RETIREMENT LIMITED","Small",2023,2022,1,FALSE,17515,17515,1
"65663312659","South East Local Learning And Employment Network Inc","Large",2023,2020,3,FALSE,15000,2968533,0.00505300092672037
"65945589522","All Souls And St Gabriels Foundation Incorporated","Small",2023,2023,0,FALSE,0,353168,0
"66127417263","Normanville Surf Life Saving Club Inc","Small",2023,2021,2,FALSE,39896,71010,0.561836361075905
"66165269670","Amitofo Care Centre Australia","Small",2023,2020,3,FALSE,397650,446358,0.890876829809256
"66622976818","AIR FORCE ASSOCIATION LTD.","Small",2023,2023,0,FALSE,0,169797,0
"66626788252","Neighbourhood Watch Australasia Limited","Small",2023,2020,3,FALSE,42,519987,8.0771250050482e-05
"66631479377","ALTIOREM LTD","Small",2023,2020,3,FALSE,189363,190635,0.993327563144229
"66639017173","The Chatty Cafe Scheme Australia Ltd.","Small",2023,2023,0,FALSE,7962,141454,0.0562868494351521
"66816964232","Blind Bats Inc.","Small",2023,2022,1,FALSE,37288,174067,0.214216364962917
"67113817637","Bupa Foundation (Australia) Limited","Large",2023,2022,1,FALSE,2452405,2568587,0.954768127378983
"67193150361","Work 4 Skills WA Incorporated","Small",2023,2023,0,FALSE,85000,144196,0.589475436211823
"67230048463","RIVER ANGELS INC","Small",2023,2022,1,FALSE,107772,107772,1
"67614173278","Biocurate Pty Ltd","Large",2023,2022,1,FALSE,0,6670454,0
"67616832967","Fitra Community School","Medium",2023,2020,3,FALSE,243661,1906504,0.127805134424056
"67628158323","Wilkins Family Foundation Ltd","Small",2023,2021,2,FALSE,54596,54596,1
"67652384677","THE CRAFTERS HEART LTD","Small",2023,2023,0,FALSE,0,654551,0
"67786892560","Carey Baptist College Ltd","Large",2023,2020,3,FALSE,0,46298944,0
"67833661349","The Trustee for Beacon of Hope Building Fund","Small",2023,2023,0,FALSE,53985,102900,0.52463556851312
"67845485864","Central Grampians Local Learning And Employment Network Incorporated","Medium",2023,2023,0,FALSE,0,659114,0
"68320267277","Project Didi Australia","Small",2023,2023,0,FALSE,19907,24661,0.807225984347756
"68406449242","Ebenezer Mission Limited","Medium",2023,2020,3,FALSE,5000,2846025,0.00175683628921039
"68581296689","Royal Humane Society Of New South Wales","Small",2023,2021,2,FALSE,1119,16000,0.0699375
"68629894686","DIOCESE OF BALLARAT CATHOLIC EDUCATION LIMITED","Large",2023,2023,0,FALSE,0,297657000,0
"68779819072","Ulladulla Men's Shed Incorporated","Small",2023,2023,0,FALSE,2522,37162,0.0678650234110112
"69154531870","Mercy Education Limited","Large",2023,2023,0,FALSE,1605304,325001461,0.0049393747186878
"69164832813","BOONAH ACTIVITY SHED INC","Small",2023,2022,1,TRUE,550,41227,0.0133407718242899
"69322510070","Falls Creek Historical Society Inc","Small",2023,2020,3,FALSE,5903,17368,0.339877936434823
"69355650377","Maitland Family Support  Inc","Small",2023,2020,3,FALSE,2118,438465,0.00483048818035647
"69425120800","Blue Tree Project Inc","Medium",2023,2022,1,FALSE,413791,714230,0.579352589501981
"69609700414","Titus Foundation Limited","Small",2023,2021,2,FALSE,312015,312015,1
"69623040557","MILANG AND DISTRICT COMMUNITY ASSOCIATION INCORPORATED","Medium",2023,2022,1,FALSE,4343,2214687,0.00196099945500199
"69859050512","Fraser Coast Hospice Association Incorporated","Medium",2023,2021,2,TRUE,99322,1914477,0.0518794427929926
"69985287203","Youth With A Mission Toowoomba Inc.","Medium",2023,2020,3,FALSE,317241,825947,0.384093652498284
"70141687774","RURAL HEALTH MANAGEMENT SERVICES PTY LTD","Large",2023,2021,2,FALSE,0,4563010,0
"70206791848","One In Five Association Inc.","Small",2023,2020,3,FALSE,420722,521893,0.806146087416386
"70246229631","Tullamarine Community House and Men's Shed Incorporated","Small",2023,2021,2,FALSE,0,134268,0
"70517042298","Mphatso Children's Foundation Incorporated","Small",2023,2023,0,FALSE,108105,115986,0.932052144224303
"70828113699","Emergency & Long Term Accommodation Moranbah Inc","Medium",2023,2020,3,FALSE,44643,696813,0.0640674040237481
"70957910935","Merewether Surf Lifesaving Club Inc","Small",2023,2021,2,FALSE,8782,182831,0.0480334297794138
"71005239510","Diabetes Victoria","Large",2023,2022,1,FALSE,1200413,21922316,0.0547575812701541
"71127608677","4EK Incorporated","Small",2023,2020,3,TRUE,29656,32031,0.925853079828916
"71160962096","Overseas Services to Survivors of Torture and Trauma (OSSTT) Ltd","Small",2023,2023,0,FALSE,0,1171057,0
"71166864151","IndianCare Incorporated","Small",2023,2022,1,FALSE,1011,427142,0.00236689438172786
"71219354299","Sudanese-Australian Lost Boys and Girls of South Sudan (SALBAGOSS) Inc","Small",2023,2021,2,FALSE,50227,102927,0.487986631301796
"71301043868","Joseph's Corner","Small",2023,2021,2,FALSE,8900,95235,0.0934530372237098
"71553906532","Cardiff District Men's Shed Inc","Small",2023,2021,2,FALSE,6918,92385,0.0748822860854035
"71596707634","Copacabana Community Men's Shed Incorporated","Small",2023,2021,2,FALSE,1182,222136,0.00532106457305434
"71609848479","Derby Home And Community Care Inc","Medium",2023,2021,2,FALSE,0,588456,0
"71613288350","Ready 2 Change Ltd","Small",2023,2022,1,FALSE,57474,57476,0.999965202867284
"71613909247","Innovation Youth Centre","Small",2023,2020,3,FALSE,1045,994060,0.00105124439168662
"71624984836","The Man Cave Global Ltd","Large",2023,2021,2,FALSE,533097,3157931,0.168812111474253
"71644940277","Kura Yerlo Council Inc","Large",2023,2023,0,FALSE,1128,6497740,0.000173598820512978
"71766845056","Walara Incorporated","Large",2023,2022,1,FALSE,499850,18169730,0.0275100400501273
"72030561388","The Mudgeeraba Foundation","Small",2023,2023,0,FALSE,0,33638,0
"72110488554","Australian International Academy of Education Limited","Large",2023,2020,3,FALSE,0,20789271,0
"72163263467","Allcare Community Support Incorporated","Large",2023,2023,0,FALSE,0,6193605,0
"72410266331","CONDOBOLIN LOCAL ABORIGINAL LAND COUNCIL","Medium",2023,2020,3,FALSE,0,922150,0
"72695915472","Yarraman & District Men's Shed Inc.","Small",2023,2021,2,FALSE,1620,16608,0.0975433526011561
"72751215829","Lucas Heights Community School P&C","Small",2023,2020,3,FALSE,12355,53904,0.229203769664589
"72778890457","Silent hands support incorporated","Small",2023,2023,0,TRUE,376770,376770,1
"72839635089","Balaklava Museum Incorporated","Small",2023,2020,3,FALSE,12392,19067,0.6499187077149
"72927261737","Regained Incorporated","Small",2023,2020,3,FALSE,6849,11532,0.593912591050989
"72966316271","Indian Support Center Incorporated","Small",2023,2022,1,FALSE,3863,116024,0.0332948355512653
"73094529156","Victorian Doctors' Health Program Limited","Medium",2023,2022,1,FALSE,0,1208715,0
"73195185842","Nungera Co-Operative Society Ltd","Medium",2023,2020,3,FALSE,0,549711,0
"73294378005","The Glorious Gospel Church","Medium",2023,2020,3,FALSE,2002755,2271307,0.881763231478616
"73412202025","Fresh Start Missions Incorporated","Small",2023,2022,1,FALSE,60739,60736,1
"73629038884","ST PHILIP'S COLLEGE ALICE SPRINGS","Large",2023,2023,0,FALSE,2373707,20811201,0.114059106920355
"73633510808","INCLUSION ACCESS LTD","Small",2023,2022,1,FALSE,4167,10399,0.400711606885277
"73657822181","FIERCE FEMALES LTD","Small",2023,2023,0,TRUE,40344,182125,0.221518188057653
"73906670127","Padbury Community Garden Inc.","Small",2023,2023,0,TRUE,4863,13802,0.352340240544849
"73978612885","Jindera Pioneer Museum & Historical Society Inc","Small",2023,2020,3,FALSE,14269,142417,0.100191690598735
"74068758654","Medecins Sans Frontieres Australia Limited","Large",2023,2020,3,FALSE,112362964,120936212,0.92910933906215
"74442021693","Men And Women Of Destiny Ministries Inc","Small",2023,2022,1,FALSE,20209,20233,0.99881381900855
"74621137797","Mount Beauty And District Men's Shed Incorporated","Small",2023,2021,2,FALSE,12474,29261,0.426301220053997
"74642498600","Benefolk Foundation Ltd","Medium",2023,2022,1,FALSE,745272,1019683,0.730885971424453
"74645109208","SALESIAN COLLEGE CHADSTONE","Large",2023,2023,0,FALSE,0,24521128,0
"74780103484","THURGOONA MENS SHED Inc","Small",2023,2021,2,FALSE,48686,141291,0.344579626444713
"75090720086","Universal Education And Training Ltd","Medium",2023,2020,3,FALSE,8690,412559,0.0210636539258627
"75092415800","Foundation Broken Hill Limited","Small",2023,2020,3,FALSE,26500,332999,0.0795798185580137
"75119689865","Caboolture Community Care Inc","Medium",2023,2022,1,FALSE,1084,514921,0.00210517729904199
"75124120431","Wesley College","Large",2023,2022,1,FALSE,2215736,49232644,0.0450054236372111
"75216602591","CULTURAL DIVERSITY NETWORK INCORPORATED","Small",2023,2022,1,FALSE,2749,94984,0.028941716499621
"75260386455","Climate And Health Alliance Incorporated","Medium",2023,2023,0,FALSE,267874,1003741,0.266875618311895
"75310837311","Our Town Association Inc.","Small",2023,2020,3,FALSE,6704,15049,0.445478104857466
"75582747598","Regency Community Men's Shed","Small",2023,2021,2,FALSE,1090,24828,0.0439020460770098
"75812792400","Cornerstone Contact Centre Inc","Small",2023,2021,2,FALSE,176682,252020,0.701063407666058
"75915252237","Beacon of Hope Community Education Support Fund","Small",2023,2023,0,FALSE,53985,102900,0.52463556851312
"75944270255","Central Community Centre Inc.","Medium",2023,2022,1,FALSE,113911,882315,0.129104684834781
"75967571784","Epilepsy Foundation","Large",2023,2022,1,FALSE,1645033,11130051,0.147801029842541
"76116997392","The Well Being Initiative","Medium",2023,2020,3,FALSE,464262,749852,0.619138176600182
"76245905172","Eltham Men's Shed Incorporated","Small",2023,2021,2,FALSE,3894,81525,0.0477644894204232
"76436126079","LALOR AND DISTRICT MEN'S SHED INC","Small",2023,2023,0,FALSE,4232,61367,0.0689621457786758
"76513607164","CAIRNS CHILDREN'S MUSEUM INC","Small",2023,2021,2,TRUE,2391,132247,0.0180798052129727
"76579045428","Pimpama Mens Shed Inc.","Small",2023,2021,2,FALSE,4441,37960,0.116991570073762
"76647420595","LITTLE COLOSSUS LTD","Medium",2023,2023,0,FALSE,0,1151403,0
"77231050273","Giac Hoang Pagoda Inc","Small",2023,2022,1,FALSE,43392,43392,1
"77608175090","Indooroopilly Men's Shed Inc","Small",2023,2023,0,FALSE,616,39388,0.0156392809992891
"77630675464","ETZ CHAIM LTD","Medium",2023,2021,2,FALSE,0,2219669,0
"77638165432","Bowen Residents Action Group Inc","Small",2023,2023,0,FALSE,29610,40614,0.729058945191313
"78124451540","Meaningful Ageing Australia Ltd","Medium",2023,2021,2,FALSE,0,468162,0
"78197934972","Ohr Yisrael Incorporated","Medium",2023,2021,2,FALSE,101446,197441,0.513804123763555
"78498748021","Expression Sessions Community Projects Inc","Small",2023,2022,1,FALSE,0,5000,0
"78608509824","10x10 Philanthropy Limited","Medium",2023,2022,1,FALSE,1468082,1468082,1
"78903242780","Victorian Lions Foundation Inc","Small",2023,2021,2,FALSE,84450,266502,0.316883175360785
"79001477970","Ascham Foundation Ltd","Large",2023,2022,1,FALSE,603197,2230520,0.27042886860463
"79036396525","The Islamic Society Of Victoria Incorporated","Large",2023,2023,0,FALSE,709524,2763411,0.256756595381577
"79117529932","Kilvington Grammar School Ltd","Large",2023,2023,0,FALSE,125762,28269036,0.00444875446053413
"79130823193","Indochina Starfish Foundation (Australia) Ltd","Small",2023,2020,3,FALSE,172913,172913,1
"79160595251","The Cancer Foundation Inc.","Small",2023,2021,2,FALSE,0,4580,0
"79420690128","Lutheran Church Queensland Australian Disaster Relief Fund","Small",2023,2022,1,FALSE,6575,9709,0.677206715418684
"79660248460","GRIFFITH CANCER THERAPY ACCOMMODATION COMMITTEE INCORPORATED","Small",2023,2023,0,TRUE,17750,17758,0.999549498817434
"79677574489","Tea Lake and the Rare Disease Association Inc","Small",2023,2020,3,FALSE,6597,6597,1
"79902601713","Returned & Services League Of Australia (Queensland Branch)","Large",2023,2023,0,FALSE,822132,227964251,0.00360640756782519
"80163795597","SAVE OUR STREETS LIMITED","Small",2023,2023,0,FALSE,0,22503,0
"80172769393","Looma Community Inc","Large",2023,2022,1,FALSE,0,3383362,0
"80312028341","DENMARK MEN'S SHED INC.","Small",2023,2021,2,FALSE,7551,40001,0.188770280742981
"80615770786","Havenport MSL Inc.","Medium",2023,2021,2,FALSE,0,1730359,0
"80794580107","K9 Refuge Association Inc","Small",2023,2021,2,FALSE,12470,15203,0.820232848779846
"81224066028","Shekinah House Inc","Small",2023,2020,3,FALSE,34593,90811,0.380934027816013
"81998188477","Yaadein Vision Australia Inc","Small",2023,2021,2,FALSE,2805,13495,0.207854761022601
"82153254056","Thirroul Surf Life Saving Club Inc","Small",2023,2021,2,FALSE,321,152331,0.00210725328396715
"82186380740","Under the Southern Cross Outreach Ministries Incorporated","Small",2023,2020,3,FALSE,52773,52773,1
"82259471365","Goulburn Murray Local Learning and Employment Network Inc.","Medium",2023,2022,1,FALSE,0,1625711,0
"82305662371","Clergy Retirement Foundation of the Roman Catholic Archdiocese of Canberra & Goulburn","Medium",2023,2022,1,FALSE,461932,860526,0.536801909529753
"82411998933","No Meat May Incorporated","Small",2023,2022,1,FALSE,13729,219779,0.0624672966934966
"82424729061","Bodhgaya Development Association Inc.","Small",2023,2021,2,FALSE,91583,94241,0.971795715240713
"82549537349","BEING - Mental Health Consumers Limited","Medium",2023,2022,1,FALSE,1027,761964,0.00134783270600711
"82618896558","Destiny Family & Community Services Ltd","Small",2023,2022,1,FALSE,7518,16307,0.461029005948366
"82691324728","Maternity Choices Australia Ltd","Small",2023,2023,0,FALSE,0,1850,0
"83000250304","Wenona School Ltd","Large",2023,2020,3,FALSE,737016,58272362,0.0126477797484852
"83160564429","Save Our Supplies Ltd","Medium",2023,2021,2,FALSE,436938,698438,0.62559310919509
"83476538863","Samunnat Incorporated","Small",2023,2022,1,FALSE,4550,60244,0.0755261934798486
"83628057134","HAPPINESS CO FOUNDATION LTD","Medium",2023,2023,0,FALSE,36659,557545,0.0657507465765095
"83964176052","Healthy Cities Illawarra Incorporated","Medium",2023,2021,2,FALSE,30677,1028492,0.0298271644310311
"84003061078","Yaraandoo Life Centre","Small",2023,2021,2,FALSE,0,9689,0
"84107210015","KYEEMA Foundation Ltd","Medium",2023,2022,1,FALSE,845753,1629629,0.518984995971476
"84182930575","MY REDEEMER LIVES INC","Small",2023,2022,1,FALSE,2873,2873,1
"84405168482","Bayt Zakat Charity Inc","Medium",2023,2023,0,FALSE,1272101,1274256,0.998308817066586
"84581402947","Alcohol and Other Drug Consumer & Community Coalition (AODCCC) Incorporated","Small",2023,2022,1,FALSE,99,200662,0.0004933669553777
"84604376491","Wangi Mens Shed Incorporated","Small",2023,2021,2,FALSE,33734,63228,0.533529448978301
"84623588389","Gippsland East Local Learning & Employment Network","Medium",2023,2022,1,FALSE,0,1614268,0
"84644396912","SOCIETY FOR IMMORTALITY RESEARCH LTD","Small",2023,2023,0,FALSE,12975,12975,1
"84654507758","MIGRANT JUSTICE INSTITUTE LIMITED","Small",2023,2023,0,FALSE,615792,722399,0.852426429161724
"84807299090","Australian Association for Adolescent Health Limited","Small",2023,2021,2,FALSE,740,399439,0.00185259826907237
"84814621404","Every Mum Incorporated","Small",2023,2020,3,FALSE,193297,193298,0.999994826640731
"84993931261","Sunshine Valley Mens Shed","Small",2023,2020,3,FALSE,3800,58947,0.0644646886185896
"85001797137","Council Of Social Service Of New South Wales","Large",2023,2021,2,FALSE,100,3009304,3.32302751732627e-05
"85168357033","Yarra Foundation for Disadvantaged Children Inc","Small",2023,2023,0,FALSE,42087,171252,0.245760633452456
"85262446848","Teens Take Control Inc.","Small",2023,2022,1,FALSE,39353,873720,0.0450407453188665
"85593254500","Team Tye Foundation","Small",2023,2022,1,FALSE,20000,25880,0.772797527047913
"85755877265","Port Macquarie Surfing History Museum Inc","Small",2023,2023,0,FALSE,516,34152,0.0151089248067463
"86000153560","Katoomba Christian Convention Ltd","Large",2023,2021,2,FALSE,551400,9102601,0.0605760924816984
"86366363924","Gladstone Men's Shed Association Inc","Small",2023,2021,2,FALSE,50423,110319,0.457065419374722
"86512795097","Hearts4Heros Incorporated","Small",2023,2021,2,FALSE,800,170828,0.00468307303252394
"86568917131","Charlies Gift Fund Incorporated","Small",2023,2022,1,FALSE,1694,1694,1
"86632754780","LOAVES AND FISHES CARE SERVICE TOOWOOMBA LIMITED","Medium",2023,2020,3,FALSE,2050,822694,0.00249181348107559
"86633799124","Ohana Education Ltd","Large",2023,2023,0,FALSE,10970,12243342,0.000895997187695974
"87040729116","Friends of Myall Creek Memorial Inc","Small",2023,2020,3,FALSE,4977,73362,0.0678416618958044
"87126525380","Australian Books For Children Of Africa Ltd","Small",2023,2022,1,FALSE,19806,19806,1
"87168259096","Positive Education Schools Association Limited","Small",2023,2022,1,FALSE,21530,333099,0.0646354387134155
"87267901425","Australian Centre for Heart Health","Small",2023,2022,1,FALSE,597017,1105029,0.540272698725554
"87607507004","Ability Beyond Boundaries Limited","Small",2023,2023,0,FALSE,295,20295,0.0145355999014536
"88030734363","Tikkun Olam Gift Fund","Small",2023,2021,2,FALSE,87762,87762,1
"88567811835","Youth and Families Association of Pine Rivers Inc","Small",2023,2022,1,FALSE,7001,116553,0.0600670939400959
"88608849658","Oak Flats Public School P&C Inc","Small",2023,2022,1,FALSE,492,245458,0.00200441623414189
"88618869855","Christmas Presents for Kids in Care Ltd","Small",2023,2020,3,FALSE,37481,76875,0.487557723577236
"88635516068","Collective Hope Community Services Ltd","Large",2023,2020,3,TRUE,21846,7664603,0.00285024547259656
"88965371802","Irwin Districts Historical Society Incorporated","Small",2023,2022,1,FALSE,24236,62891,0.38536515558665
"88971771757","Willow Tree Sanctuary","Small",2023,2022,1,TRUE,107235,413143,0.25955903888
"89002643594","Carinya Christian Education Ltd","Large",2023,2022,1,FALSE,2170,29411300,7.37811657424187e-05
"89123037070","Access Community Housing Company Ltd","Large",2023,2023,0,FALSE,3000,11186810,0.000268172964410766
"89286191509","WILLOUGHBY COMMUNITY MEN'S SHED INC","Small",2023,2021,2,FALSE,1583,43072,0.0367524145616642
"89613555347","Virtual War Memorial Limited","Small",2023,2022,1,FALSE,232388,511423,0.454394894246055
"89633129807","HUMANITAS HIGH SCHOOL LTD","Medium",2023,2021,2,FALSE,32293,1329840,0.0242833724357817
"89640723557","CLOTHING THE GAP FOUNDATION LTD","Small",2023,2022,1,FALSE,58528,136610,0.428431300783252
"89818726922","North Balwyn Community Men's Shed Incorporated","Small",2023,2021,2,FALSE,5540,28282,0.19588430804045
"89866800390","Australian War Widows W.A. Inc.","Small",2023,2021,2,FALSE,2714,486045,0.00558384511722166
"89880631615","Human and Hope Association Incorporated","Small",2023,2020,3,FALSE,141734,147525,0.960745636332825
"90136588234","Returned & Services League Of Australia (Queensland Branch) Yeronga Dutton Park Sub-Branch Inc","Small",2023,2022,1,FALSE,78293,271336,0.288546304213226
"90263052314","Social Help Endeavour For Bangladesh Inc","Small",2023,2021,2,FALSE,29956,50903,0.588491837416262
"90412765337","Springfield Camira Men's Shed Inc","Small",2023,2021,2,FALSE,546,25328,0.0215571699305117
"90528422430","The Australian Centre For Social Innovation Inc","Large",2023,2021,2,FALSE,0,6615823,0
"90546015020","The Corporation of the Synod of the Diocese of Brisbane Trading as St Paul's School Bald Hills","Large",2023,2022,1,FALSE,50979,36596568,0.00139299947470484
"90608024391","PERTH KOREAN WAR MEMORIAL COMMITTEE INCORPORATED","Small",2023,2022,1,TRUE,50137,624542,0.0802780277387269
"90625624357","Slav Fest Association Inc","Small",2023,2020,3,FALSE,3000,9596,0.312630262609421
"90649141908","ST GEORGE COLLEGE LTD","Small",2023,2023,0,FALSE,215663,215663,1
"90650219122","WALLUMATTA LEGAL LTD","Medium",2023,2023,0,FALSE,387083,613445,0.630998704040297
"90652960248","FUTURE VISION FOUNDATION LIMITED","Small",2023,2023,0,FALSE,140000,140000,1
"90653503747","PASTORAL CARERS ASSOCIATION LTD","Small",2023,2023,0,FALSE,4550,4690,0.970149253731343
"90657853804","Eastern Goldfields Historical Society (Inc.)","Small",2023,2020,3,FALSE,3557,159308,0.0223278178120371
"90977312863","Cool Country Men's Shed Incorporated","Small",2023,2022,1,FALSE,1606,19106,0.084057364178792
"91058556764","Central Queensland Christian College Limited","Large",2023,2020,3,FALSE,0,5215810,0
"91068371022","Youthsafe","Small",2023,2021,2,FALSE,1100,581253,0.00189246335072679
"91320077835","FNQ Foster Farms.Inc","Small",2023,2020,3,FALSE,23424,23424,1
"91416186495","Tweed Heads Community Men's Shed Inc","Small",2023,2021,2,FALSE,10624,79009,0.134465693781721
"91647344965","VETERANS GRAPPLING FOUNDATION LIMITED","Small",2023,2022,1,TRUE,3614,13145,0.274933434766071
"91868380784","Dig In: Inc","Small",2023,2021,2,FALSE,42185,82443,0.511686862438291
"91899241298","K9 SAR Inc.","Small",2023,2021,2,FALSE,350,8127,0.0430663221360896
"92115819913","Ardross Primary School P&C Assn","Small",2023,2023,0,FALSE,44108,120504,0.366029343424285
"92149068642","RUTHERGLEN HISTORICAL SOCIETY INC","Small",2023,2021,2,FALSE,600,8433,0.0711490572749911
"92210921699","Simple Steps Solutions Incorporated","Small",2023,2023,0,FALSE,9802,14908,0.657499329219211
"92606609616","Ohana College Ltd","Large",2023,2023,0,FALSE,0,10547220,0
"92631417475","INDUS HEALTH AUSTRALIA LIMITED","Medium",2023,2023,0,FALSE,125882,126008,0.999000063488032
"92645501847","The Blue Hand Group Incorporated","Small",2023,2023,0,TRUE,2600,2600,1
"92660893570","Priests Welfare Foundation Of The Diocese Of Sale","Small",2023,2023,0,FALSE,40148,468084,0.0857709300040164
"93000946289","LORIEN-NOVALIS SCHOOL FOR RUDOLF STEINER EDUCATION LTD","Large",2023,2023,0,FALSE,2402,6391980,0.000375783403577608
"93061557364","Csv Limited","Large",2023,2020,3,FALSE,548193,50692562,0.0108140716975402
"93093281641","Leaders Institute Of South Australia Inc","Medium",2023,2022,1,FALSE,87217,1496701,0.0582728280398022
"93202389056","Seymour College Inc","Large",2023,2020,3,FALSE,170462,30804039,0.00553375484299315
"93249530317","OM Therapy","Small",2023,2021,2,FALSE,40046,41099,0.974378938660308
"93799121312","Bridge Builders Incorporated","Small",2023,2020,3,FALSE,74271,124867,0.594800868123684
"93970982732","Woodcroft College Inc","Large",2023,2023,0,FALSE,85000,35165346,0.00241715238632943
"94050110346","Neuroscience Research Australia","Large",2023,2023,0,FALSE,8795046,31886023,0.27582762516354
"94495799433","Tacab Iyo Tacliin","Small",2023,2023,0,FALSE,1900,1900,1
"94609182072","The Archbishop Of Sydneys Overseas Ministry Fund","Large",2023,2021,2,FALSE,3140677,3263971,0.962225767324526
"94641582121","AUSTRALIAN ASSOCIATED PRESS LTD","Large",2023,2022,1,TRUE,160871,22360603,0.00719439453399356
"94656561910","THE BUSINESS OF SMILES LTD","Small",2023,2023,0,TRUE,15126,40187,0.37639037499689
"94743010990","YOWIE BAY P&C ASSOCIATION","Small",2023,2023,0,FALSE,100,112922,0.000885567028568392
"94828298590","Kilkivan Veteran's and Community ""Men's Shed"" Association Inc.","Small",2023,2021,2,FALSE,2881,16100,0.178944099378882
"94880354126","EV Church Limited","Large",2023,2020,3,FALSE,4335296,5537754,0.782861788371242
"95017450530","Northern Suburbs Community Centre Inc","Medium",2023,2022,1,FALSE,0,1450002,0
"95166529782","Yarranlea Limited","Medium",2023,2022,1,FALSE,9303,1324864,0.00702185280904304
"95229959403","Granville Mens Shed Inc.","Small",2023,2021,2,FALSE,0,28285,0
"95609027410","Vocational Bible College Limited","Small",2023,2022,1,FALSE,250041,267779,0.933758808569753
"95641764445","HEAVENLY HOMES INTERNATIONAL LTD","Small",2023,2022,1,FALSE,16005,57185,0.279881087697823
"95738551437","Elizabeth Morgan House Aboriginal Women's Services Inc","Large",2023,2020,3,FALSE,76295,4193311,0.0181944530229215
"95751520504","NICHOLSON STREET PUBLIC SCHOOL PARENTS AND CITIZENS ASSOCIATION","Small",2023,2021,2,FALSE,64159,107918,0.594516206749569
"95946679015","Adelaide Holocaust Museum and Steiner Education Centre Incorporated","Medium",2023,2021,2,FALSE,78166,313136,0.249623166930663
"96000538803","Australian Railway Historical Society New South Wales Division","Medium",2023,2020,3,FALSE,142506,1150174,0.123899514334353
"96147368664","Lower Lachlan Community Services Inc","Small",2023,2020,3,FALSE,36900,539399,0.0684094705403607
"96161067492","Pollinate Group Ltd","Medium",2023,2020,3,FALSE,1253943,1993568,0.628994345816145
"96261040501","Wollongong Meals On Wheels Assn Inc","Medium",2023,2022,1,FALSE,0,619372,0
"96313965015","Australian Sikh Support Inc","Small",2023,2020,3,FALSE,0,39134,0
"96362741881","Bloss - Riverina Pregnancy & Baby Loss Support Inc","Small",2023,2021,2,TRUE,35223,39984,0.880927370948379
"96435996391","Waverley Community Men's Shed Inc","Small",2023,2021,2,FALSE,1470,19187,0.0766143743159431
"96621534683","Armadillo&Co Foundation Limited","Small",2023,2023,0,FALSE,1225,4609,0.265784334996745
"96624570510","YOUNG LEADERS OF TASMANIA LTD.","Medium",2023,2022,1,FALSE,23304,421279,0.0553172600580613
"96655027320","Alpine Valleys Community Leadership Fund Ltd.","Medium",2023,2022,1,FALSE,678,772241,0.000877964262451748
"96788532201","Albany MenShed Inc","Small",2023,2022,1,FALSE,10537,151800,0.0694137022397892
"96956782786","The Mustard Seed Family Project Incorporated","Small",2023,2023,0,FALSE,81163,108028,0.751314474025253
"97478220756","Tullawon Health Service Incorporated","Large",2023,2023,0,FALSE,2000,8825633,0.000226612640702372
"97518065568","The Judith Neilson Institute for Journalism and Ideas","Medium",2023,2021,2,FALSE,0,170905,0
"97558392056","Latin Stories Australia Inc","Small",2023,2021,2,FALSE,1568,87456,0.0179290157336261
"98004700560","Computerbank Victoria Inc","Small",2023,2022,1,FALSE,194,167501,0.00115820204058483
"98122087261","appin mens shed incorporated","Small",2023,2023,0,TRUE,250,44792,0.00558135381318093
"98634977549","Westside Housing Company Limited","Large",2023,2020,3,FALSE,0,27038589,0
"98635385714","A Liquid Future Ltd","Small",2023,2023,0,FALSE,15802,53377,0.296045113063679
"98647010375","Psychedelic Research In Science & Medicine Ltd","Small",2023,2021,2,FALSE,241153,242513,0.994392053209519
"98795843750","CARE AND SERVE INCORPORATED","Small",2023,2022,1,FALSE,11251,11251,1
"98965716598","Invisible Illnesses Inc","Small",2023,2021,2,FALSE,600,104007,0.00576884248175604
"99000020762","Meriden School","Large",2023,2021,2,FALSE,0,64498299,0
"99052134639","Restoration Enterprises Limited","Small",2023,2020,3,FALSE,456790,679639,0.672106809644532
"99609928234","Ark Rising Ltd","Small",2023,2021,2,FALSE,27187,27435,0.990960451977401
"99618617093","Sudd Foundation Ltd","Small",2023,2022,1,FALSE,0,371194,0
"99625904663","Capital Region Heritage Rail Limited","Small",2023,2020,3,FALSE,4179,209281,0.0199683678881504
"99629608868","Rufus S.A. Limited","Small",2023,2020,3,FALSE,87465,105065,0.832484652358064
"99659766292","One Dollar Project Inc","Small",2023,2023,0,FALSE,32127,32127,1
"99722497212","Fingal Valley Neighbourhood House","Medium",2023,2023,0,FALSE,2485,1765348,0.00140765446812753
"99821785872","Amani Orphans and Widows Welfare Service Inc.","Small",2023,2020,3,FALSE,0,1920,0
"11260987026","HIGHFIELDS PIONEER VILLAGE MUSEUM AND PARK INC","Small",2024,2020,4,TRUE,33080,207547,0.159385584951842
"11363125088","EDUCATION WITHOUT BORDERS (AUSTRALIA) INCORPORATED","Small",2024,2021,3,FALSE,104824,153299,0.683787891636606
"11403984944","VOF Charity Incorporated","Small",2024,2023,1,FALSE,5100,11922,0.42778057372924
"11636474363","BEYOND THE BADGE LIMITED","Small",2024,2023,1,FALSE,124250,124250,1
"12155976319","ACF - Australian Care Foundation Limited","Small",2024,2022,2,FALSE,0,56357,0
"12451824370","Chairo Parent Governed Christian Education Limited","Large",2024,2021,3,FALSE,1149,42853826,2.68120750758637e-05
"12454623050","Sydney Eye Hospital Foundation Trust","Medium",2024,2023,1,FALSE,1687081,2161296,0.780587665918967
"12608879741","A Chance For Change Ltd","Small",2024,2020,4,FALSE,46698,46698,1
"12633397172","THE PLACE OF KEEPING LTD","Medium",2024,2023,1,FALSE,0,713298,0
"12738414077","Bauple Community Shed Inc.","Small",2024,2021,3,TRUE,2055,6297,0.326345878989995
"13127908187","Australian Indigenous Education Foundation","Large",2024,2020,4,FALSE,8888958,38330542,0.231902747422669
"13198748098","Northern Beaches Secondary College Balgowlah Boys Campus Parents & Citizens' Association","Medium",2024,2020,4,FALSE,54111,580443,0.0932236240250981
"13382113021","Peel Volunteer Resource Center Inc","Small",2024,2022,2,FALSE,399,202976,0.00196574964527826
"13607436671","AUSTRALIAN CARDIOVASCULAR ALLIANCE LTD","Medium",2024,2022,2,FALSE,0,989175,0
"13643209063","HIGHWAY FOUNDATION LIMITED","Small",2024,2023,1,FALSE,215000,287855,0.746903823105383
"13746772326","Whyalla Men's Shed Inc.","Small",2024,2022,2,FALSE,493,63705,0.00773879601287183
"13750980152","Tailem Bend Community Centre Inc","Medium",2024,2023,1,FALSE,10000,1160981,0.00861340538734053
"13805775145","Vincent Community Shed Inc","Small",2024,2021,3,FALSE,2757,32845,0.08393971685188
"13986701465","Worn Gundidj Aboriginal Co-Op Ltd","Medium",2024,2021,3,FALSE,0,1421185,0
"14136043783","Fremantle Men's Community Shed Inc","Small",2024,2021,3,FALSE,8272,123717,0.0668622743842802
"14518578865","Hunter Bible Church Association Inc","Large",2024,2022,2,FALSE,3386047,3956763,0.855761894255481
"14637350953","Community Compassion Ministries","Small",2024,2023,1,FALSE,193,192859,0.00100073110407085
"14692922067","Brunswick Junction Community Men's Shed Incorporated","Small",2024,2021,3,FALSE,15373,57439,0.267640453350511
"14886457301","Irish Support Victoria Inc","Small",2024,2023,1,FALSE,8878,191941,0.0462537967396231
"14959633656","Maitland Cancer Appeal Committee Inc","Small",2024,2022,2,FALSE,1673,206856,0.00808775186603241
"15096096154","Children of Cambodia Foundation Inc","Small",2024,2020,4,FALSE,26341,38796,0.67896174863388
"15490012190","Mornington Mens Shed Incorporated","Small",2024,2021,3,FALSE,67849,161127,0.421090195932401
"15600973210","New Era Disability Services Incorporated","Large",2024,2021,3,FALSE,0,4041860,0
"15606937763","BK 2 Basics Melbourne Incorporated","Small",2024,2020,4,FALSE,282017,382017,0.738231544669478
"15641516172","Bunbury Geographe Motor Museum Ltd","Small",2024,2022,2,FALSE,145175,223842,0.648560145102349
"16068548631","Wesnet (Women's Services Network) Incorporated","Large",2024,2020,4,FALSE,122673,2000245,0.0613289871990681
"16095377370","Australian Society Of Anaesthetists Limited","Large",2024,2020,4,FALSE,0,7812515,0
"16145204039","Doctors' Health Sa Limited","Medium",2024,2022,2,FALSE,13000,513889,0.0252972918276126
"16164251972","Gloucester Men's Shed Incorporated","Small",2024,2021,3,FALSE,6049,34257,0.176577049945996
"16308384841","DHUBU-GU LOCAL ABORIGINAL LAND COUNCIL","Medium",2024,2021,3,FALSE,0,2306884,0
"16337158552","Waikerie Lutheran Primary School Incorporated","Medium",2024,2020,4,FALSE,0,2019236,0
"16530482569","Kyogle Together Incorporated","Medium",2024,2022,2,FALSE,4981,1201516,0.0041455960636396
"16600672812","Mt Baw Baw Volunteer Ski Patrol Inc.","Small",2024,2022,2,FALSE,116573,163180,0.714382890060056
"16624152638","Mission2Myanmar","Small",2024,2020,4,FALSE,53519,55043,0.972312555638319
"16635283680","SUPPORTED AFFORDABLE ACCOMMODATION TAS LIMITED","Small",2024,2023,1,FALSE,0,535015,0
"16674035894","Retirement Village Residents Association (Inc)","Small",2024,2020,4,FALSE,16837,330619,0.0509256878763773
"17002512370","The Hills Grammar School","Large",2024,2020,4,FALSE,232431,46531715,0.00499510924968057
"17224504183","Northshore Men’s Shed Inc","Small",2024,2023,1,FALSE,4071,30440,0.133738501971091
"17285520047","Port Kembla & District Meals On Wheels Inc","Small",2024,2020,4,FALSE,3550,301333,0.0117809864833921
"17323323729","Milton Ulladulla Men's Shed Incorporated","Small",2024,2021,3,FALSE,480,56123,0.00855264330132031
"17422428487","Daylesford Community Op Shop Inc.","Small",2024,2023,1,FALSE,3202,110924,0.0288666113735531
"17607007303","14 Stars Children Foundation Pty Ltd","Small",2024,2021,3,FALSE,450497,450497,1
"17642475296","AFRICAN FAMILY SERVICES LIMITED","Small",2024,2023,1,FALSE,0,123950,0
"17643980287","CLEARVIEW CHRISTIAN COLLEGE LTD","Medium",2024,2022,2,FALSE,15132,1732975,0.00873180513279188
"17992708637","Herd Together Inc","Small",2024,2022,2,TRUE,863,54623,0.0157992054629002
"18171935959","Australian Information Security Association (AISA) Limited","Large",2024,2023,1,FALSE,0,10199380,0
"18630990996","The Mission To Seafarers Victoria Inc","Medium",2024,2023,1,FALSE,109943,975418,0.112713728883412
"18743735011","Eacham Community Help Organization Inc","Medium",2024,2021,3,FALSE,47343,1925156,0.0245917733420045
"18938419763","SUBIACO JUSTICE CENTRE INC.","Small",2024,2020,4,FALSE,65536,75250,0.870910299003322
"19005958216","Emmaus Christian Community Limited","Small",2024,2021,3,FALSE,0,5041,0
"19127640466","Australian Academy of Law","Small",2024,2020,4,TRUE,11800,217930,0.0541458266415822
"19147249394","Fremantle Foundation Limited","Small",2024,2020,4,FALSE,174234,394000,0.442218274111675
"19197993800","Chinese Theological College Australia Inc","Large",2024,2023,1,FALSE,3438688,4296348,0.800374643767218
"19353529259","Derek's Place Incorporated","Small",2024,2022,2,FALSE,30156,39147,0.770327228140087
"19373588300","Torquay Community Men's Shed Inc","Small",2024,2021,3,FALSE,1345,29185,0.0460853178002398
"19607164090","Aboriginal and Torres Strait Islander Mathematics Alliance Limited","Medium",2024,2020,4,FALSE,41162,695190,0.0592097124527108
"19634798520","KLUTHUTHU CHRISTIAN COLLEGE LTD","Medium",2024,2021,3,FALSE,111130,2425541,0.0458165827747294
"19722502215","Melbourne Men's Group Incorporated","Small",2024,2023,1,FALSE,3148,45952,0.0685062674094708
"20026465034","Ngaruwanajirri Inc","Small",2024,2021,3,FALSE,0,437065,0
"20072693700","Padua College Limited","Large",2024,2023,1,FALSE,2800,38802309,7.2160654150762e-05
"20269837369","Parramatta District Men's Shed Inc","Small",2024,2021,3,FALSE,420,24253,0.0173174452645034
"20438800399","Western Australian Institute For Educational Research Inc","Small",2024,2020,4,FALSE,0,14181,0
"20504408045","Jordan River Service Inc.","Medium",2024,2020,4,FALSE,8981,1538913,0.00583593744415701
"20621626202","The James & Jutta Lauf Foundation Limited","Small",2024,2020,4,FALSE,0,989374,0
"20639931052","ADELAIDE CITY CARE INCORPORATED","Small",2024,2021,3,TRUE,36925,46233,0.798671944282223
"20671392558","Opening The Doors Foundation","Medium",2024,2020,4,FALSE,738086,736937,1
"20737850413","West Moonah Community Action Group Inc","Small",2024,2020,4,FALSE,6531,676437,0.00965500113092572
"20739138976","Nations Church Inc","Large",2024,2020,4,FALSE,8622794,9271925,0.929989619199896
"20760201925","Kidzflip Incorporated","Small",2024,2020,4,FALSE,1890,1890,1
"21150644108","Pottsville and District Mens Shed Inc.","Small",2024,2021,3,FALSE,12982,74498,0.174259711670112
"21164108975","Kilmore District Mens Shed Inc.","Small",2024,2021,3,FALSE,1549,70567,0.0219507701900322
"21458832336","Kingaroy Men's Shed inc","Small",2024,2022,2,TRUE,7007,157578,0.0444668672022744
"21472309062","Boys From The Bush Projects Inc","Small",2024,2020,4,FALSE,0,48370,0
"21612777474","Kids in Philanthropy Limited","Small",2024,2021,3,FALSE,59785,108061,0.553252329702668
"21768379010","A Little Sparkle- Bringing girls on the spectrum together","Small",2024,2020,4,FALSE,3000,20000,0.15
"22086764230","Alpha Australia National Office","Large",2024,2021,3,FALSE,6058095,6430376,0.94210587374673
"22161120118","BBI The Australian Institute of Theological Education","Medium",2024,2022,2,FALSE,179000,1799924,0.0994486433871652
"22617686905","The Ramsay Centre for Western Civilisation","Large",2024,2021,3,FALSE,23864754,25949335,0.919667267003181
"22628738545","FNQ AVIATION MUSEUM LTD","Small",2024,2020,4,TRUE,17891,155436,0.115102035564477
"22742211672","Lake Monger Community Shed Inc.","Small",2024,2021,3,FALSE,0,75692,0
"23000543788","THE AUSTRALIAN PSYCHOLOGICAL SOCIETY LIMITED","Large",2024,2023,1,TRUE,1e+05,19667586,0.00508450808350349
"23098188689","Graduate Women - NSW Inc","Small",2024,2020,4,FALSE,21227,154397,0.137483241254688
"23115566624","McGrath Foundation Ltd","Large",2024,2020,4,FALSE,12561471,47544964,0.26420192472961
"23127486514","Romeo's Rabbit Rescue Incorporated","Small",2024,2021,3,TRUE,108003,142026,0.760445270584259
"23307801543","Lighthouse Christian College Cranbourne Inc","Large",2024,2020,4,FALSE,26900,19278300,0.00139535124985087
"23341979287","Clarence Valley Anglican School","Large",2024,2020,4,FALSE,6025,10461846,0.000575902187816567
"23416548217","Melbourne Tautoko Whanau Inc.","Small",2024,2023,1,FALSE,5740,10629,0.540031987957475
"23483497039","Parkerville Community Care Inc","Small",2024,2021,3,FALSE,13285,54121,0.245468487278506
"23539290973","Prince Alfred College","Large",2024,2020,4,FALSE,112560,54321597,0.00207210402890033
"23587341162","GLBTI Rights in Ageing Incorporated","Small",2024,2022,2,FALSE,0,358628,0
"23709702230","Our Community Place Inc","Small",2024,2023,1,FALSE,15890,186782,0.0850724373869002
"23832388550","Institution of Surveyors Australia (Queensland Division) Bicentennial Education Foundation","Small",2024,2021,3,FALSE,200,33603,0.0059518495372437
"23921356946","Wise Life Services Inc","Large",2024,2023,1,FALSE,0,2816401,0
"24462209649","Footscray Historical Society Inc","Small",2024,2022,2,FALSE,1800,43356,0.0415167450871852
"24565844501","Redland Bay Men's Shed Inc","Small",2024,2020,4,FALSE,11356,59152,0.191979983770625
"24633662085","LACHLAN HUGHES FOUNDATION","Small",2024,2021,3,FALSE,97426,98470,0.989397786127755
"24637544426","The Busy School Ltd","Large",2024,2021,3,FALSE,0,41165843,0
"24643555873","STYLING STATION AUSTRALIA LTD","Small",2024,2023,1,FALSE,6365,277252,0.0229574538686826
"24644146757","John Mc Foundation Inc","Small",2024,2021,3,FALSE,42553,53924,0.789129144722202
"24693089021","Tintern Grammar","Large",2024,2020,4,FALSE,0,40506641,0
"24707214286","Inner Eastern Local Learning Employment Network Inc","Medium",2024,2022,2,FALSE,0,754378,0
"24738660512","Oxenford Men's Shed Inc.","Small",2024,2021,3,FALSE,12983,124897,0.103949654515321
"24954265291","International Youth Fellowship Incorporated","Small",2024,2022,2,FALSE,21424,36979,0.579355850617918
"25138676829","Ruok? Limited","Large",2024,2023,1,FALSE,1752771,9020363,0.194312690076885
"25227042629","Revival Church Australia Limited","Medium",2024,2020,4,FALSE,564115,891527,0.63275144779687
"25342039058","ACT Pet Crisis Support Inc","Small",2024,2021,3,FALSE,119100,159206,0.74808738364132
"25342966460","Love For Australia Incorporated","Small",2024,2022,2,FALSE,88558,99243,0.892334975766553
"25537381300","Alley Katz Australia Org.","Small",2024,2021,3,TRUE,35270,38321,0.920383079773492
"25651555805","10 CENT TOM LIMITED","Small",2024,2023,1,FALSE,122696,269079,0.455985045284099
"25690631145","Offspring Incorporated","Small",2024,2023,1,FALSE,195709,259258,0.754881237994585
"25717084481","Carlton Neighbourhood Learning Centre Inc.","Medium",2024,2023,1,FALSE,34800,1178167,0.0295374085337647
"25886286256","CAIRNS MEN'S SHED INC","Small",2024,2021,3,FALSE,30440,137319,0.221673621276007
"26002929204","Women Illawarra Incorporated","Large",2024,2022,2,FALSE,47924,3188147,0.0150319292052719
"26005864282","NORMAN BEISCHER MEDICAL RESEARCH FOUNDATION","Large",2024,2020,4,FALSE,0,5256279,0
"26224735996","Mundaring Community Men's Shed (Inc)","Small",2024,2022,2,FALSE,4816,304539,0.0158140665070812
"26237128770","Living & Learning Inc","Medium",2024,2021,3,FALSE,0,829242,0
"26429861213","Australian Melanoma Research Foundation Ltd","Small",2024,2020,4,FALSE,1137817,1301812,0.874025588948327
"26483932179","Emmaus Christian School Canberra Limited","Large",2024,2020,4,FALSE,10500,13312737,0.000788718352957773
"26615709254","Australian Motor Heritage Foundation Limited","Small",2024,2023,1,FALSE,51587,54549,0.945700196153917
"26694116261","Peninsula Evangelical Church Incorporated","Medium",2024,2021,3,FALSE,347290,500644,0.69368653174711
"27138862831","Shedding Community Workshop Inc","Small",2024,2023,1,FALSE,180507,230835,0.781974137370849
"27633337283","RAINSHINE FOUNDATION AUSTRALIA LTD","Small",2024,2021,3,FALSE,34879,35925,0.970883785664579
"27633825724","The Pencil Tree Inc","Small",2024,2021,3,FALSE,80076,80076,1
"28153110055","Edmund Rice Foundation (Australia)","Large",2024,2021,3,FALSE,11658559,13117663,0.888767991676566
"28171439723","The Headstone Project (Tas) Inc.","Small",2024,2020,4,FALSE,12837,46561,0.275702841433818
"28182771909","The University Of The Third Age Redlands District Inc","Small",2024,2023,1,FALSE,39796,315705,0.126054386214979
"28627003039","Willmore Kindergarten & Pre-School Inc","Medium",2024,2023,1,FALSE,0,554556,0
"28629387382","FOSTERING HOPE COMMUNITY LTD","Small",2024,2022,2,FALSE,159916,180016,0.888343258377033
"28639382782","HOPE FOR JUSTICE (AUSTRALIA) LIMITED","Small",2024,2022,2,FALSE,201194,201194,1
"28929959207","The Cove Men's Shed Inc","Small",2024,2021,3,FALSE,2636,11967,0.220272415810145
"29008155780","Australian Cranio-Maxillo Facial Foundation","Medium",2024,2023,1,FALSE,588694,1114990,0.527981416873694
"29016580266","Gold Coast Guinea Pig Rescue Inc","Small",2024,2021,3,FALSE,38132,95702,0.398445173559591
"29233499503","Point Nepean Men's Shed Association Incorporated","Small",2024,2022,2,TRUE,2615,22342,0.117044132127831
"29626220184","Trek Learning Centre Limited","Small",2024,2021,3,FALSE,0,339362,0
"29654568288","Students for Sensible Drug Policy Australia Ltd","Small",2024,2022,2,FALSE,0,7000,0
"29726939936","Condell Park Christian School Ltd.","Medium",2024,2023,1,FALSE,2730,1457912,0.0018725410038466
"29835302417","Vision International College Inc","Small",2024,2023,1,FALSE,12958,104584,0.123900405415742
"29844307522","Sydney Next Church Incorporated","Medium",2024,2021,3,FALSE,1034221,1049688,0.985265145452744
"30251705569","AL-ANON FAMILY GROUPS WESTERN NSW AREA INC","Small",2024,2022,2,FALSE,7450,13619,0.547029884719877
"30390041210","Australian Primary Health Care Nurses Association Limited","Large",2024,2023,1,FALSE,0,12729028,0
"30539535489","Hampton Community Kindergarten","Medium",2024,2023,1,FALSE,0,518025,0
"30607659567","Reach for Nepal Foundation Ltd","Small",2024,2022,2,FALSE,173427,199662,0.868602938966854
"30658029240","The Rainforest School","Medium",2024,2022,2,FALSE,8402,1004175,0.00836706749321582
"30761157197","Hopefield Services Incorporated","Medium",2024,2021,3,FALSE,497453,1094380,0.454552349275389
"30820083795","FRIENDS OF BUSH PUPS INC","Small",2024,2023,1,FALSE,78744,94998,0.828901661087602
"30937756314","Injilinji Community Preschool and Kindergarten Association Inc","Medium",2024,2022,2,FALSE,18446,647787,0.0284754093552356
"31019036762","Finley High School P&C Association","Small",2024,2023,1,FALSE,26001,273808,0.0949607023899959
"31111343287","Surf Aid International Australia Limited","Medium",2024,2022,2,FALSE,1442052,2700709,0.533953121198915
"31156195461","IGWR In Giving We Receive Inc","Small",2024,2022,2,FALSE,102047,106345,0.959584371620669
"31168484225","Dusty Paws Dog Rescue","Small",2024,2022,2,TRUE,73760,266060,0.277230699842141
"31368310372","Hedland Well Women's Centre Inc","Medium",2024,2020,4,FALSE,68901,1541400,0.044700272479564
"31473215772","Fitness For Purpose Incorporated","Small",2024,2023,1,FALSE,32000,144000,0.222222222222222
"31605454671","FULCRUM AID LTD","Small",2024,2020,4,FALSE,59507,63390,0.938744281432403
"32039179166","Batchelor Institute Of Indigenous Tertiary Education","Large",2024,2020,4,FALSE,355000,36602000,0.00969892355608983
"32101614760","Centrefarm Aboriginal Horticulture Limited","Medium",2024,2021,3,FALSE,0,1238206,0
"32169043130","Rescues4Pets Inc","Small",2024,2022,2,FALSE,35088,36319,0.966105894986095
"32176699686","The Nature School Incorporated","Large",2024,2022,2,FALSE,11970,4153931,0.00288160780715905
"32332652248","Emu Park & District Men's Activity Shed Inc","Small",2024,2023,1,FALSE,23200,59590,0.38932706830005
"32556659638","DHAMMAKAYA SOCIETY OF QUEENSLAND INC","Small",2024,2020,4,TRUE,107613,107613,1
"32592059803","Toast for Kids Charity Incorporated","Small",2024,2021,3,FALSE,5000,39841,0.125498857960393
"32636512948","ZEN TEA LOUNGE FOUNDATION LTD","Small",2024,2021,3,TRUE,119776,455741,0.262815941510639
"32868998986","Diamond Creek Mens Shed Inc","Small",2024,2023,1,FALSE,3012,61987,0.0485908335618759
"33260335253","The Trustee for Niulife Foundation","Small",2024,2020,4,FALSE,4300,12215,0.352026197298404
"33477653258","COOK4CALD INC.","Small",2024,2023,1,TRUE,15303,27303,0.56048785847709
"33824106971","Gnarly Neighbours","Medium",2024,2023,1,FALSE,37139,232859,0.15949136601978
"34163636566","Superannuation Consumers' Centre Ltd","Medium",2024,2020,4,FALSE,5e+05,1530765,0.326634068586622
"34167153522","Mwembe Foundation Australia Ltd","Small",2024,2023,1,FALSE,51269,51275,0.999882983910288
"34173022468","Canberra Monaro N Scale Group Inc","Small",2024,2022,2,TRUE,563,5147,0.10938410724694
"34254826976","South Australian Rainbow Advocacy Alliance Inc.","Small",2024,2023,1,FALSE,28519,234277,0.121731966859743
"34627816808","Anika Legal Ltd","Medium",2024,2020,4,FALSE,821712,867168,0.947581091553194
"34718530172","Law Enforcement Torch Run - Western Australia (LETR WA) Incorporated","Small",2024,2021,3,FALSE,75600,78346,0.964950348454293
"34789627512","DASTAN","Small",2024,2022,2,FALSE,66599,66595,1
"35002648606","Taree & District Pre-School Ltd","Medium",2024,2021,3,FALSE,0,1563614,0
"35037156011","Gracemere Mens Shed Inc.","Small",2024,2021,3,FALSE,3067,76302,0.0401955387801106
"35052312865","Blayney Shire Community Mens Shed Incorporated","Small",2024,2021,3,FALSE,1350,10423,0.129521251079344
"35060581437","Australian Committee For UNICEF Limited","Large",2024,2020,4,FALSE,41221442,60990740,0.675863942624733
"35115082212","Australian Camps Association","Medium",2024,2021,3,FALSE,0,1943381,0
"35149437276","Southern Cross Grammar","Large",2024,2021,3,FALSE,0,21778619,0
"35164318440","Annandale North Public School P&C Association","Small",2024,2020,4,FALSE,57773,58423,0.988874244732383
"35335529899","Our Rainbow House Inc","Small",2024,2020,4,FALSE,202712,253475,0.799731728967354
"35592321123","Kurrajong North Public School Parents And Citizens Association","Small",2024,2022,2,FALSE,11300,11300,1
"35628712667","THE RICHARD GILL NATIONAL MUSIC ACADEMY LIMITED","Medium",2024,2021,3,FALSE,0,1401528,0
"35689710404","Camperdown Quarters Limited","Medium",2024,2023,1,FALSE,226426,398459,0.568254199302814
"35752992852","Mildura Christian College Inc","Medium",2024,2020,4,FALSE,22689,2647197,0.00857095259627447
"35859201921","Sutherland Shire Refugee Connection","Small",2024,2021,3,FALSE,5105,17119,0.298206670950406
"36160974235","The Australasian Mastocytosis Society","Small",2024,2020,4,FALSE,11687,13755,0.849654671028717
"36169895041","Little Blue Dinosaur Foundation Limited","Small",2024,2022,2,FALSE,68353,122752,0.556838177789364
"36295742511","Men's Information and Support Association Inc.","Medium",2024,2020,4,FALSE,37241,486265,0.0765858122628608
"36301233932","Kincumber Men's Shed Inc","Small",2024,2021,3,FALSE,1764,27902,0.0632212744606121
"36651805702","Australian Peacekeeper and Peacemaker Veterans' Association Ltd","Small",2024,2022,2,FALSE,9530,17616,0.540985467756585
"36720260805","Bethel Mar Thoma Church Sydney","Medium",2024,2022,2,FALSE,719311,1494730,0.481231392960602
"36735208761","Warrnambool Student Wellbeing Association Inc","Small",2024,2021,3,FALSE,197000,197000,1
"36809112033","Foundation Learning Centre Inc","Large",2024,2021,3,FALSE,211441,8654270,0.0244319855978609
"36820537098","Matercare Australia Incorporated","Small",2024,2022,2,FALSE,3127,4393,0.711814249943091
"36872112968","Atherton Men's Shed Inc","Small",2024,2021,3,FALSE,4115,63000,0.0653174603174603
"37130949834","Ovarian Cancer Research Foundation Limited","Large",2024,2023,1,FALSE,5751889,5996753,0.95916723600255
"37207698349","Health Communication Resources Inc","Small",2024,2020,4,FALSE,60300,121962,0.494416293599646
"37469007007","Deafblind Association (NSW)","Small",2024,2020,4,FALSE,0,22868,0
"37605893356","St Rob Limited","Medium",2024,2022,2,FALSE,0,1529330,0
"37620862955","Shrimad Rajchandra Mission Dharampur (Australia) Limited","Medium",2024,2022,2,FALSE,517695,620448,0.834389022125948
"37805464931","Rebus Theatre Incorporated","Medium",2024,2020,4,FALSE,23029,972648,0.023676602429656
"37982149059","Homelessness Queensland Inc","Small",2024,2021,3,FALSE,2752,290571,0.00947100708604782
"38000827798","Mission Without Borders (Australia) Limited","Medium",2024,2023,1,FALSE,1650982,1653226,0.998642653817445
"38139126378","Baxter & Grimshaw Foundation Inc.","Small",2024,2021,3,TRUE,14370,21685,0.662670048420567
"38276418759","Walford Foundation Incorporated","Small",2024,2021,3,FALSE,323015,630759,0.512105257316978
"38514938536","Woodford and Region Men's Shed Inc.","Small",2024,2022,2,FALSE,6867,70491,0.097416691492531
"38546603898","Foster Families South West Inc","Small",2024,2021,3,FALSE,17836,28514,0.625517289752402
"38598711205","Hunter Youth Mentor Collaborative","Small",2024,2021,3,FALSE,115331,119633,0.964040022401846
"38645106627","FLEXIBLE OPTIONS LIMITED","Large",2024,2023,1,FALSE,545,3374767,0.000161492630454191
"38647816920","FITZROY COMMUNITY HOSPICE LTD","Large",2024,2022,2,TRUE,598186,5899264,0.101400106860788
"38650171930","ABORIGINAL AND TORRES STRAIT ISLANDER HOUSING QUEENSLAND LIMITED","Medium",2024,2023,1,FALSE,0,1759917,0
"38965604576","NAIRM MARR DJAMBANA","Medium",2024,2023,1,FALSE,5168,1339560,0.00385798321837021
"39002510465","Hunter Christian School Limited","Large",2024,2020,4,FALSE,109147,7938854,0.0137484579008507
"39099443619","M A Centre (Aust) Foundation","Small",2024,2022,2,FALSE,384516,478316,0.803895332792547
"39109129679","Architects Without Frontiers","Small",2024,2021,3,FALSE,3870,84394,0.0458563404981397
"39126270641","Yarrawonga Neighbourhood House Incorporated","Medium",2024,2023,1,FALSE,10769,1074838,0.0100191842863762
"39205898376","Chung Wah Autumn Centre Inc","Small",2024,2022,2,FALSE,3979,42308,0.0940484069206769
"39589812425","Frankston/Mornington Peninsula Local Learning & Employment Network Inc","Large",2024,2020,4,FALSE,0,3707009,0
"39604404051","Seed Initiatives Limited","Small",2024,2021,3,FALSE,109035,332883,0.327547516695055
"39630371948","PMI Victorian History Library Inc.","Small",2024,2022,2,FALSE,18038,319422,0.0564707502927162
"39634926131","Connect You Too Ltd","Medium",2024,2020,4,FALSE,2489,2794980,0.000890525155815068
"39828126747","Youth Enterprises Australia Limited","Small",2024,2022,2,FALSE,55000,259711,0.211773856324915
"39893211010","Savem Incorporated","Small",2024,2020,4,FALSE,10487,38865,0.269831467901711
"40170766569","The Common People Ltd","Small",2024,2020,4,FALSE,29936,32043,0.934244608806916
"40557982129","Toy Libraries Australia Inc.","Medium",2024,2020,4,FALSE,232442,1245020,0.186697402451366
"40697500790","Foster Care Association Of Western Australia (Inc.)","Medium",2024,2021,3,FALSE,0,1038708,0
"40781429172","Horizons - Local and Beyond","Small",2024,2021,3,FALSE,20358,86849,0.234406844062684
"40792001012","Central East Accommodation and Care Alliance Inc.","Medium",2024,2021,3,TRUE,0,840144,0
"40920336423","East Fremantle Child Development Centre Inc","Medium",2024,2020,4,FALSE,0,556102,0
"41615201360","Lift Up Voices Ltd trading as Lift Up Voices Foundation","Small",2024,2022,2,FALSE,0,16579,0
"41840821357","The Entrance Public School P&C Assoc","Small",2024,2020,4,FALSE,4000,125614,0.0318435843138504
"42037851864","North East Local Learning And Employment Network","Medium",2024,2022,2,FALSE,0,876833,0
"42247216279","Whitlam Institute Within  Western Sydney University Trust","Small",2024,2023,1,FALSE,81075,240176,0.337564952368263
"42498340094","The Roman Catholic Trust Corporation For The Diocese Of Cairns","Large",2024,2021,3,FALSE,0,314039000,0
"42506412570","Geelong Foodshare Incorporated","Medium",2024,2020,4,FALSE,424254,1245963,0.340502888127497
"42624069389","Generation Australia Ltd","Large",2024,2020,4,FALSE,2307971,3695358,0.624559514937389
"42823248967","AFGHAN WOMEN ON THE MOVE INCORPORATED","Small",2024,2023,1,FALSE,7798,423561,0.0184105713226666
"42958367110","HealthServe Australia Limited","Small",2024,2022,2,FALSE,285856,288502,0.990828486457633
"43010555478","Cairns Christian College Limited","Large",2024,2021,3,FALSE,0,13927954,0
"43200124919","Parkinsons DMF Inc","Small",2024,2021,3,FALSE,400,2980,0.134228187919463
"43317153298","CONCORD HIGH SCHOOL P&C ASSOCIATION","Small",2024,2020,4,FALSE,37277,37047,1
"43391511051","Tin Can Bay Community and Men's Shed Incorporated","Small",2024,2021,3,FALSE,3686,36320,0.101486784140969
"43529339392","AID FOUNDATION OF AUSTRALIA INCORPORATED","Small",2024,2020,4,FALSE,20457,91464,0.223661768564681
"43628604973","MENTORING MEN LTD.","Medium",2024,2020,4,TRUE,661930,1165859,0.567761624690464
"43743957408","Diabetes Research Foundation Of Wa Inc","Small",2024,2022,2,FALSE,358112,363596,0.984917325823166
"43753446272","Proston Men's Shed Inc","Small",2024,2021,3,FALSE,6633,58532,0.11332262693911
"44085875823","Worldview Centre For Intercultural Studies","Small",2024,2021,3,FALSE,2478,416183,0.00595411153266712
"44161310130","Glow Church","Large",2024,2022,2,FALSE,4013605,5668533,0.708050036931954
"44189041144","PREGNANT ALTERNATIVES INCORPORATED","Small",2024,2023,1,FALSE,23054,23702,0.972660534975951
"44362890385","Global Gardens of Peace Incorporated","Small",2024,2022,2,FALSE,161961,204244,0.792978006697871
"44568476377","Atisha Centre Inc","Small",2024,2023,1,FALSE,337784,629201,0.536845936354202
"44633434716","Freddy Bear Foundation","Small",2024,2023,1,FALSE,52438,96258,0.54476511043238
"44695079183","Sewa International Australia Inc","Small",2024,2021,3,FALSE,19494,19494,1
"44759796180","Centenary Suburbs Men's Shed Inc","Small",2024,2021,3,FALSE,34839,118625,0.293690200210748
"44812153429","NSW Farmers Natural Disaster Relief Fund Inc","Small",2024,2020,4,FALSE,204,1842,0.110749185667752
"45339846991","Monaro Family Support Service Incorporated","Medium",2024,2023,1,FALSE,17034,1717105,0.00992018542838091
"45495343458","Islamic Dawah Centre of Australia Inc","Small",2024,2022,2,FALSE,43728,43728,1
"45517351234","Karana Downs and Surrounds Community Garden Hub Inc","Small",2024,2022,2,TRUE,202,5557,0.0363505488572971
"45608731120","The Inspired Crusaders Ltd","Small",2024,2023,1,FALSE,113520,132353,0.857706285463873
"46006178641","Cvgt Australia Limited","Large",2024,2021,3,FALSE,0,46440906,0
"46101213478","Council Of Presidents Of Medical Colleges Ltd","Medium",2024,2023,1,FALSE,0,2077933,0
"46133445404","Earth Garden Foundation Australia Ltd","Small",2024,2021,3,FALSE,357777,357777,1
"46486944346","Overflowing Church Incorporated","Small",2024,2020,4,FALSE,0,239312,0
"47065314758","City West Housing Pty Limited","Large",2024,2020,4,FALSE,0,42379818,0
"47162770729","Muslim Global Aid Limited","Small",2024,2022,2,FALSE,429696,429696,1
"47237572750","Royal Australian Artillery Association (Northern Territory) Incorporated","Medium",2024,2020,4,FALSE,5767,1337106,0.00431304623567615
"47456729309","VICTOR HARBOR LUTHERAN HOMES INC","Medium",2024,2021,3,TRUE,0,1604653,0
"47512918032","Explore Youth and Family Therapy Inc.","Small",2024,2020,4,FALSE,22105,77750,0.284308681672026
"47634504135","CATHOLIC EDUCATION WESTERN AUSTRALIA LIMITED","Large",2024,2023,1,FALSE,5631502,1385322281,0.00406512049740143
"47639146736","STRONG ANGELS INC.","Small",2024,2021,3,FALSE,80645,137465,0.586658422143818
"47656182430","Charters Towers Women of The Outback Shed Inc","Small",2024,2021,3,FALSE,400,3310,0.120845921450151
"47703627137","Worimi Aboriginal Community Co-Operative Ltd","Small",2024,2021,3,FALSE,0,172614,0
"47909376387","Eden Community Access Centre Inc","Small",2024,2023,1,FALSE,22390,1923433,0.0116406446182425
"48102463744","Vets for Compassion Incorporated","Medium",2024,2022,2,FALSE,250158,284833,0.878261999136336
"48466077275","Coffs Harbour Community Men's Shed Incorporated","Small",2024,2021,3,FALSE,3100,71370,0.043435617206109
"48548850263","Warrnambool Men's Shed Incorporated","Small",2024,2021,3,FALSE,5266,32506,0.162000861379438
"48606733359","Edusupport Ltd","Small",2024,2022,2,FALSE,8140,80491,0.101129318805829
"48639951492","LYREBIRD COLLEGE LIMITED","Medium",2024,2021,3,FALSE,59610,1473032,0.0404675526397254
"48773551391","Gymea Bay Public School P&C Assoc","Small",2024,2023,1,FALSE,0,97140,0
"48860387699","Bond Street Kindergarten Chilwell Inc","Medium",2024,2020,4,FALSE,4411,947419,0.00465580698719363
"48947927354","Hale School Foundation Inc","Medium",2024,2020,4,FALSE,679707,5410412,0.125629434505173
"49635940797","SONS OF GOD MINISTRIES LTD.","Small",2024,2021,3,TRUE,6080,159390,0.0381454294497773
"50149270900","Magic Coat Foundation","Medium",2024,2022,2,FALSE,149547,527995,0.283235636701105
"50297510663","Lien Tri Buddhist Benevolent Association, Lien Tri Temple Inc.","Small",2024,2022,2,FALSE,80000,1e+05,0.8
"50354979153","LifeNets Australia Incorporated","Small",2024,2020,4,FALSE,39237,44307,0.885571128715553
"50384961465","F.E.T.C.H. Assistance Dogs Inc.","Small",2024,2022,2,FALSE,1668,28007,0.0595565394365694
"50454424905","South Sudan Child First Education (SSCFE) Incorporated","Small",2024,2020,4,FALSE,2500,15000,0.166666666666667
"50489948017","MUSEUM OF CHINESE IN AUSTRALIA LIMITED","Small",2024,2022,2,FALSE,1021380,1237628,0.825272214267938
"50756635036","WIZO VICTORA INC.","Medium",2024,2023,1,FALSE,1292953,1424762,0.907487004847125
"50857103537","Belle Vie Animal Rescue","Small",2024,2020,4,FALSE,53594,118826,0.451029236025786
"51145751837","Community Learning Ltd","Large",2024,2023,1,FALSE,28109,5586347,0.00503173182761472
"51152864609","Charity Drive Days Inc","Medium",2024,2023,1,FALSE,691462,691472,0.999985538098433
"51216948823","Pioneer Valley Men's Shed Inc","Small",2024,2022,2,FALSE,4400,11198,0.392927308447937
"51445386189","Sylvan Glades Inc","Medium",2024,2021,3,FALSE,0,219997,0
"51455679821","Business & Rural Solutions Limited","Large",2024,2022,2,FALSE,0,6421688,0
"51607702338","Blake Street Hebrew Congregation Inc","Medium",2024,2020,4,FALSE,119644,754872,0.158495744973982
"51636189412","First Peoples' Assembly Of Victoria Ltd","Large",2024,2021,3,FALSE,0,24930816,0
"51645280468","HOPE AND WISH FOUNDATION PTY LTD","Small",2024,2022,2,FALSE,12538,29038,0.431779048143812
"51646764847","St John's Lutheran School Jindera Ltd","Large",2024,2021,3,FALSE,16768,4097514,0.00409223739076913
"51699707733","AUSTRALASIAN VIROLOGY SOCIETY INC","Small",2024,2022,2,FALSE,0,22754,0
"51934682604","Pymble Turramurra Pre-School Inc","Medium",2024,2021,3,FALSE,0,1426665,0
"52060813541","World Youth International (Aust) Ltd","Medium",2024,2022,2,FALSE,933060,1489075,0.626603764081729
"52121486849","Flinders Christian Community College Limited","Large",2024,2022,2,FALSE,18362,44103005,0.000416343512193784
"52146609961","Warwick Men's Shed Inc.","Small",2024,2022,2,FALSE,19601,46355,0.422845431992234
"52159380065","Buddha Dharma Education Association Inc","Small",2024,2023,1,FALSE,20669,38107,0.542393785918598
"52163151808","AUSTRALIAN ALLIANCE TO END HOMELESSNESS LIMITED","Large",2024,2023,1,FALSE,150,2546769,5.88981568410798e-05
"52365630090","Helping Hands Animal Rescue Incorporated","Small",2024,2022,2,FALSE,14646,42920,0.341239515377446
"52368663383","Nunyara Aboriginal Health Service. Inc","Large",2024,2023,1,FALSE,0,4588683,0
"52601102970","AUSTRALASIAN BEGG SOCIETY OF ORTHODONTISTS LIMITED","Small",2024,2023,1,FALSE,11813,146399,0.080690441874603
"52634235680","Murray Haven Homes Ltd","Large",2024,2022,2,FALSE,45485,8060256,0.0056431210125336
"52672801654","Global Ripple Incorporated","Medium",2024,2023,1,FALSE,0,925602,0
"52948317781","KHALSA ASSIST","Small",2024,2021,3,FALSE,2003,2003,1
"53009481485","Christian Schools Tasmania","Large",2024,2021,3,FALSE,897585,30123237,0.0297970965072578
"53101360336","MAIDE Inc.","Small",2024,2020,4,FALSE,4451,4451,1
"53297468669","Christian Religious Instruction Alliance in Queensland","Small",2024,2022,2,FALSE,666287,748326,0.890369972445164
"53487883254","In the Paws of Angels Inc","Small",2024,2023,1,FALSE,60990,158746,0.384198656974034
"53620147775","The School of St  Jude Limited","Large",2024,2021,3,FALSE,7990101,12243467,0.652601179061454
"53623275196","Hunter Anzac Memorial Limited","Medium",2024,2021,3,FALSE,28000,1870548,0.0149688754311571
"53659146068","KM CARES LTD","Small",2024,2023,1,TRUE,12349,19599,0.630083167508546
"53944553985","MOREE AND DISTRICT HISTORICAL SOCIETY","Small",2024,2022,2,TRUE,20861,83077,0.251104397125558
"54164074661","Branxton Greta Men's Shed Incorporated","Small",2024,2021,3,FALSE,32980,32980,1
"54253257443","Working Womens Centre Inc","Large",2024,2020,4,FALSE,13038,1907124,0.00683647209096
"54263014967","Bayside Glen Eira Kingston Llen Inc","Medium",2024,2022,2,FALSE,0,595629,0
"54280302765","Umina Beach Mens Shed Incorporated","Small",2024,2021,3,FALSE,39557,49653,0.796668882041367
"54338990856","Inner Northern Local Learning And Employment Network Incoporated","Medium",2024,2020,4,FALSE,18639,854465,0.0218136494765731
"54584217520","Miya Kaadadjiny (Learning Sanctuary) Community Centre Inc","Small",2024,2022,2,FALSE,8230,46825,0.175760811532301
"54623926009","Global Sustainable Development Vision Innovative Association Ltd","Small",2024,2022,2,FALSE,102485,102485,1
"54637263917","Christian College Geelong","Large",2024,2023,1,FALSE,88331,56110226,0.0015742406740618
"54776873363","Tingalpa & District Kindergarten Association Inc","Medium",2024,2021,3,FALSE,12996,448222,0.0289945607310663
"55000364474","The National Council Of Jewish Women Of Australia New South Wales Division","Small",2024,2023,1,FALSE,42767,331731,0.128920721910222
"55169624154","Ballarat East Neighbourhood House Inc.","Small",2024,2022,2,FALSE,31,334688,9.26235777799025e-05
"55415242975","Buderim Men's Shed Inc","Small",2024,2020,4,FALSE,880,234517,0.00375239321669644
"55495687613","RiverTracks Incorporated","Small",2024,2023,1,FALSE,12673,263945,0.0480137907518612
"55612449604","Islamic Council Of New South Wales Inc","Medium",2024,2020,4,FALSE,37082,1024803,0.0361845154629719
"55859040211","Golden Paradise Beach Men's Shed Inc.","Small",2024,2022,2,FALSE,120,11515,0.0104211897524967
"56254262824","Esperance Crisis Accomodation Service Inc","Medium",2024,2020,4,FALSE,26750,839748,0.0318547945335982
"56405057386","Australian Water Safety On the Mekong (AWSOM) Project Inc","Small",2024,2022,2,FALSE,36607,40533,0.903140650827721
"56840304628","Carlingford Public School P&C Association","Small",2024,2021,3,FALSE,6193,161603,0.0383223083729881
"57098352150","Community Business Bureau Inc","Large",2024,2022,2,FALSE,0,11080831,0
"57382768399","Caringbah North Public School P And C Association","Small",2024,2020,4,FALSE,632,296939,0.00212838327063808
"57624185217","Offshore and Specialist Ships Australia Ltd","Small",2024,2020,4,FALSE,7711,37940,0.203241960991038
"57649413936","Rural Financial Counselling Service, NSW - Southern Region Limited","Large",2024,2022,2,FALSE,0,6092121,0
"57657202934","Albany Surf Life Saving Club","Medium",2024,2021,3,FALSE,2478,910020,0.00272301707654777
"57794560132","Wattle Group Inc","Small",2024,2021,3,FALSE,1232,2581,0.477334366524603
"57910165955","Claws n Paws Rescue Group Inc","Small",2024,2020,4,TRUE,121673,354166,0.343547940796124
"58154234383","Sherwood Ridge Public School Parents and Citizens Association","Small",2024,2022,2,FALSE,2849,26734,0.106568414752749
"58160920528","Ferncourt Public School P&C Association","Small",2024,2020,4,FALSE,0,44522,0
"58608203592","Lower North Shore Community Transport Inc","Medium",2024,2020,4,FALSE,115,2128193,5.40364525209885e-05
"58636664983","Ruah Legal Services Limited","Large",2024,2020,4,FALSE,0,2996694,0
"58935121466","Friends of TCI Australia Incorporated","Small",2024,2023,1,FALSE,10688,34241,0.3121404164598
"59284895650","Anam Cara House Colac Inc","Medium",2024,2020,4,FALSE,632574,1157728,0.546392589623815
"59475464712","Dangrove Trust","Large",2024,2020,4,FALSE,33834946,34572524,0.978665775168744
"59622234799","Alliance for Journalists' Freedom Ltd","Small",2024,2021,3,FALSE,472335,479767,0.984509147148512
"59646048320","YADAH SUS FOUNDATION LIMITED","Small",2024,2023,1,FALSE,16896,16896,1
"59787033011","Cairns Animal Rescue Inc","Small",2024,2023,1,FALSE,0,315558,0
"59793851790","Skillz4me Ltd.","Medium",2024,2021,3,FALSE,23654,537881,0.0439762698440733
"59802036898","THE WYNNUM-MANLY AND DISTRICTS MEN'S SHED INC.","Small",2024,2021,3,FALSE,71575,227861,0.314116939713246
"59940749205","ProjectKindness Inc","Small",2024,2022,2,FALSE,61225,172725,0.354465190331452
"60088024355","Coast Christian School","Large",2024,2022,2,FALSE,8203,5123496,0.00160105521698465
"60131554106","Catalpa International Ltd","Large",2024,2022,2,FALSE,0,3645137,0
"60382871618","The Naracoorte District Mens Shed Incorporated","Small",2024,2021,3,FALSE,4837,82442,0.0586715509085175
"60623295483","A B Paterson College Foundation Ltd","Small",2024,2020,4,FALSE,4713,278559,0.0169192163958084
"60630551889","REDFERN YOUTH CONNECT (AUSTRALIA) LIMITED","Medium",2024,2020,4,TRUE,36967,827326,0.0446825072583238
"60647173484","GEOGRAPHE MARINE RESEARCH LTD","Small",2024,2023,1,FALSE,7125,7443,0.957275292220879
"60751862177","Samford Area Men's Shed","Small",2024,2021,3,FALSE,72668,150727,0.482116674517505
"61005641225","The School Of Total Education","Medium",2024,2022,2,FALSE,76453,2401095,0.0318408892609414
"61147546405","Jabree Ltd","Small",2024,2021,3,FALSE,64631,458482,0.140967366221575
"61268362646","Returned and Services League of Australia A.C.T. Branch Incorporated","Small",2024,2020,4,FALSE,18627,280923,0.0663064256041691
"61330557713","Strength Potential Incorporated","Medium",2024,2022,2,FALSE,9926,1092476,0.00908578312017838
"61639182844","NGUTU COLLEGE LTD","Large",2024,2021,3,FALSE,393880,10678602,0.0368849780149124
"61831960079","Auscharity Inc.","Small",2024,2020,4,FALSE,40000,40000,1
"62005274742","Sail & Adventure Limited","Small",2024,2020,4,FALSE,510038,555066,0.918878115395286
"62130436752","Yatra Foundation Australia","Small",2024,2022,2,FALSE,126455,135373,0.934122757122912
"62137118647","Rockhampton Men's Shed Inc","Small",2024,2021,3,FALSE,3208,59435,0.0539749305964499
"62198192130","Kuranda Information And Support Centre Association Inc","Small",2024,2021,3,FALSE,3618,517140,0.00699617124956491
"62238200670","Future Connect Incorporated","Medium",2024,2022,2,FALSE,0,836538,0
"62404700128","Newcastle Mens Shed","Small",2024,2021,3,FALSE,17281,96701,0.178705494255489
"62616284505","Gamal Ministries Ltd","Small",2024,2022,2,FALSE,42939,42939,1
"62626387273","'TIL THE COWS COME HOME LTD","Medium",2024,2023,1,FALSE,1209698,1213967,0.996483429944966
"62801175580","Coolum Men's Shed Inc","Small",2024,2021,3,FALSE,10437,77332,0.134963533854032
"63105164152","Cessnock Family Support Service Inc","Small",2024,2021,3,FALSE,2535,510594,0.00496480569689421
"63167495105","LIGHT HOUSE YOUTH PROJECTS INCORPORATED","Medium",2024,2020,4,FALSE,57741,1063383,0.0542993446387614
"63175468453","Rural Australians for Refugees  (Bendigo) Inc","Small",2024,2023,1,FALSE,11074,11854,0.934199426353973
"63294273664","Hope4Paws Animal Rescue Incorporated","Small",2024,2022,2,FALSE,3411,3711,0.919159256265158
"63370996583","Safe Birthing Worldwide","Small",2024,2023,1,FALSE,24720,24720,1
"63638021939","The Uniform Project - Turkana Inc","Small",2024,2020,4,FALSE,4700,4700,1
"63744700911","Alpha-1 Association Of Australia","Small",2024,2021,3,FALSE,865,1840,0.470108695652174
"63773789161","West cumberland mens shed incorporated","Small",2024,2021,3,FALSE,1369,39095,0.0350172656349917
"64008498637","United World Colleges (Australia) Trust Limited","Small",2024,2021,3,FALSE,50047,52310,0.956738673293825
"64214940427","Brain Injury Matters Incorporated","Small",2024,2020,4,FALSE,7896,500861,0.0157648529232661
"64282712328","Kempsey Neighbourhood Centre Inc","Medium",2024,2023,1,FALSE,70522,2111569,0.0333979140629551
"64612999229","Proud 2 Play inc.","Small",2024,2022,2,FALSE,17992,316298,0.0568830659694339
"64618388159","AbilityLiving-MyWay","Medium",2024,2020,4,FALSE,0,2584455,0
"64704364097","Turbans 4 Australia Inc","Medium",2024,2023,1,FALSE,28932,548826,0.0527161614063474
"64924935699","Mittagong Pre School Kindergarten Inc","Medium",2024,2020,4,FALSE,5868,1296245,0.00452692199391319
"65064790343","St. John's Greek Orthodox College","Large",2024,2022,2,FALSE,295607,8205198,0.0360267966720608
"65129595651","Construction Charitable Works Limited","Medium",2024,2021,3,FALSE,0,675600,0
"65473474266","KIWI'S NEW LIFE BIRD RESCUE INCORPORATED","Small",2024,2023,1,FALSE,45054,52803,0.853246974603716
"65601662382","Hejaz Foundation Limited","Small",2024,2023,1,FALSE,212342,212342,1
"65619212663","Dr Steve Burroughs Foundation Limited","Small",2024,2022,2,FALSE,29431,89156,0.330106779128718
"65625405923","Better Renting Limited","Small",2024,2022,2,FALSE,398485,434573,0.916957565242203
"65628376652","ANUBIS RETIREMENT LIMITED","Small",2024,2022,2,FALSE,30598,30598,1
"65663312659","South East Local Learning And Employment Network Inc","Large",2024,2020,4,FALSE,250000,3468620,0.0720747732527633
"65945589522","All Souls And St Gabriels Foundation Incorporated","Small",2024,2023,1,FALSE,1e+05,505857,0.197684325807491
"66127417263","Normanville Surf Life Saving Club Inc","Small",2024,2021,3,FALSE,37017,330042,0.112158452560583
"66165269670","Amitofo Care Centre Australia","Small",2024,2020,4,FALSE,461231,463037,0.996099663741774
"66622976818","AIR FORCE ASSOCIATION LTD.","Small",2024,2023,1,FALSE,14453,134164,0.107726364747622
"66626788252","Neighbourhood Watch Australasia Limited","Small",2024,2020,4,FALSE,359,651793,0.000550788363790345
"66631479377","ALTIOREM LTD","Small",2024,2020,4,FALSE,316867,403282,0.785720661968548
"66639017173","The Chatty Cafe Scheme Australia Ltd.","Small",2024,2023,1,FALSE,47989,60768,0.789708399157451
"66816964232","Blind Bats Inc.","Small",2024,2022,2,FALSE,9723,20113,0.483418684432954
"67113817637","Bupa Foundation (Australia) Limited","Large",2024,2022,2,FALSE,3381522,3547885,0.953109246776601
"67193150361","Work 4 Skills WA Incorporated","Small",2024,2023,1,FALSE,57300,165567,0.34608345866024
"67230048463","RIVER ANGELS INC","Small",2024,2022,2,FALSE,116549,124238,0.938110722967208
"67614173278","Biocurate Pty Ltd","Large",2024,2022,2,FALSE,0,8891517,0
"67616832967","Fitra Community School","Medium",2024,2020,4,FALSE,15112,1834971,0.00823555249646997
"67628158323","Wilkins Family Foundation Ltd","Small",2024,2021,3,FALSE,45356,45356,1
"67652384677","THE CRAFTERS HEART LTD","Small",2024,2023,1,FALSE,0,438475,0
"67786892560","Carey Baptist College Ltd","Large",2024,2020,4,FALSE,0,50297719,0
"67833661349","The Trustee for Beacon of Hope Building Fund","Small",2024,2023,1,FALSE,30500,78383,0.389114986668028
"67845485864","Central Grampians Local Learning And Employment Network Incorporated","Medium",2024,2023,1,FALSE,0,627423,0
"68320267277","Project Didi Australia","Small",2024,2023,1,FALSE,61028,62599,0.974903752456109
"68406449242","Ebenezer Mission Limited","Medium",2024,2020,4,FALSE,9392,2990722,0.00314037881153782
"68581296689","Royal Humane Society Of New South Wales","Small",2024,2021,3,FALSE,6000,28209,0.212698075082421
"68629894686","DIOCESE OF BALLARAT CATHOLIC EDUCATION LIMITED","Large",2024,2023,1,FALSE,0,320574000,0
"68779819072","Ulladulla Men's Shed Incorporated","Small",2024,2023,1,FALSE,1010,27326,0.0369611359145137
"69154531870","Mercy Education Limited","Large",2024,2023,1,FALSE,3488000,347002000,0.0100518152633126
"69164832813","BOONAH ACTIVITY SHED INC","Small",2024,2022,2,TRUE,2000,35670,0.0560695262125035
"69322510070","Falls Creek Historical Society Inc","Small",2024,2020,4,FALSE,965,17985,0.0536558242980261
"69355650377","Maitland Family Support  Inc","Small",2024,2020,4,FALSE,6440,431738,0.0149164539605038
"69425120800","Blue Tree Project Inc","Medium",2024,2022,2,FALSE,449560,1015939,0.442506882795128
"69609700414","Titus Foundation Limited","Small",2024,2021,3,FALSE,0,275675,0
"69623040557","MILANG AND DISTRICT COMMUNITY ASSOCIATION INCORPORATED","Medium",2024,2022,2,FALSE,2303,2662723,0.000864904085028747
"69859050512","Fraser Coast Hospice Association Incorporated","Medium",2024,2021,3,TRUE,78858,2233165,0.0353122138310425
"69985287203","Youth With A Mission Toowoomba Inc.","Medium",2024,2020,4,FALSE,221920,652648,0.340030154079994
"70141687774","RURAL HEALTH MANAGEMENT SERVICES PTY LTD","Large",2024,2021,3,FALSE,0,5441859,0
"70206791848","One In Five Association Inc.","Small",2024,2020,4,FALSE,344228,351004,0.980695376690864
"70246229631","Tullamarine Community House and Men's Shed Incorporated","Small",2024,2021,3,FALSE,610,326834,0.00186639088956473
"70517042298","Mphatso Children's Foundation Incorporated","Small",2024,2023,1,FALSE,144772,149487,0.968458795748125
"70828113699","Emergency & Long Term Accommodation Moranbah Inc","Medium",2024,2020,4,FALSE,66945,823401,0.0813030346088965
"70957910935","Merewether Surf Lifesaving Club Inc","Small",2024,2021,3,FALSE,20992,208005,0.100920650945891
"71005239510","Diabetes Victoria","Large",2024,2022,2,FALSE,2315281,23202593,0.0997854420839947
"71127608677","4EK Incorporated","Small",2024,2020,4,TRUE,13695,15154,0.903721789626501
"71160962096","Overseas Services to Survivors of Torture and Trauma (OSSTT) Ltd","Small",2024,2023,1,FALSE,0,666283,0
"71166864151","IndianCare Incorporated","Small",2024,2022,2,FALSE,3525,265377,0.013282989859709
"71219354299","Sudanese-Australian Lost Boys and Girls of South Sudan (SALBAGOSS) Inc","Small",2024,2021,3,FALSE,28517,100942,0.282508767410989
"71301043868","Joseph's Corner","Small",2024,2021,3,FALSE,34753,91042,0.381724918169636
"71553906532","Cardiff District Men's Shed Inc","Small",2024,2021,3,FALSE,14331,67274,0.213024348188007
"71596707634","Copacabana Community Men's Shed Incorporated","Small",2024,2021,3,FALSE,469,49158,0.00954066479515033
"71609848479","Derby Home And Community Care Inc","Medium",2024,2021,3,FALSE,0,570477,0
"71613288350","Ready 2 Change Ltd","Small",2024,2022,2,FALSE,0,2644,0
"71613909247","Innovation Youth Centre","Small",2024,2020,4,FALSE,5000,259259,0.0192857335714479
"71624984836","The Man Cave Global Ltd","Large",2024,2021,3,FALSE,524055,3292325,0.159174747329015
"71644940277","Kura Yerlo Council Inc","Large",2024,2023,1,FALSE,2898,4126250,0.000702332626476825
"71649656637","THE NEPHROTIC SYNDROME FOUNDATION OF AUSTRALIA LTD.","Small",2024,2023,1,FALSE,3000,3000,1
"71766845056","Walara Incorporated","Large",2024,2022,2,FALSE,86588,17784964,0.00486860698734054
"72030561388","The Mudgeeraba Foundation","Small",2024,2023,1,FALSE,0,123674,0
"72110488554","Australian International Academy of Education Limited","Large",2024,2020,4,FALSE,0,24061201,0
"72163263467","Allcare Community Support Incorporated","Large",2024,2023,1,FALSE,80363,7767654,0.0103458521710674
"72410266331","CONDOBOLIN LOCAL ABORIGINAL LAND COUNCIL","Medium",2024,2020,4,FALSE,0,2318301,0
"72695915472","Yarraman & District Men's Shed Inc.","Small",2024,2021,3,FALSE,160,39220,0.00407955124936257
"72751215829","Lucas Heights Community School P&C","Small",2024,2020,4,FALSE,15306,29000,0.527793103448276
"72778890457","Silent hands support incorporated","Small",2024,2023,1,TRUE,424939,424939,1
"72839635089","Balaklava Museum Incorporated","Small",2024,2020,4,FALSE,3118,14645,0.212905428473882
"72927261737","Regained Incorporated","Small",2024,2020,4,FALSE,9131,10074,0.906392694063927
"72966316271","Indian Support Center Incorporated","Small",2024,2022,2,FALSE,20893,112393,0.185892359844474
"73094529156","Victorian Doctors' Health Program Limited","Medium",2024,2022,2,FALSE,0,920411,0
"73195185842","Nungera Co-Operative Society Ltd","Medium",2024,2020,4,FALSE,0,1024699,0
"73294378005","The Glorious Gospel Church","Medium",2024,2020,4,FALSE,1647630,1618393,1
"73629038884","ST PHILIP'S COLLEGE ALICE SPRINGS","Large",2024,2023,1,FALSE,715121,19234402,0.0371792686874279
"73633510808","INCLUSION ACCESS LTD","Small",2024,2022,2,FALSE,2439,15411,0.158263577963792
"73657822181","FIERCE FEMALES LTD","Small",2024,2023,1,TRUE,32393,158682,0.204137835419266
"73906670127","Padbury Community Garden Inc.","Small",2024,2023,1,TRUE,3943,45574,0.0865186290428753
"73978612885","Jindera Pioneer Museum & Historical Society Inc","Small",2024,2020,4,FALSE,13785,138098,0.0998204173847557
"74068758654","Medecins Sans Frontieres Australia Limited","Large",2024,2020,4,FALSE,122108051,128339382,0.951446462474005
"74442021693","Men And Women Of Destiny Ministries Inc","Small",2024,2022,2,FALSE,50586,50586,1
"74621137797","Mount Beauty And District Men's Shed Incorporated","Small",2024,2021,3,FALSE,13272,29069,0.45656885341773
"74642498600","Benefolk Foundation Ltd","Medium",2024,2022,2,FALSE,17500,470699,0.0371787490519419
"74645109208","SALESIAN COLLEGE CHADSTONE","Large",2024,2023,1,FALSE,0,24252030,0
"74780103484","THURGOONA MENS SHED Inc","Small",2024,2021,3,FALSE,23877,145509,0.164092942704575
"75090720086","Universal Education And Training Ltd","Medium",2024,2020,4,FALSE,3730,527161,0.00707563723416565
"75092415800","Foundation Broken Hill Limited","Small",2024,2020,4,FALSE,11425,292635,0.0390418097630154
"75119689865","Caboolture Community Care Inc","Medium",2024,2022,2,FALSE,3696,553142,0.00668182853589133
"75124120431","Wesley College","Large",2024,2022,2,FALSE,3482029,56246452,0.0619066425736507
"75216602591","CULTURAL DIVERSITY NETWORK INCORPORATED","Small",2024,2022,2,FALSE,5561,14103,0.394313266680848
"75260386455","Climate And Health Alliance Incorporated","Medium",2024,2023,1,FALSE,40528,801387,0.0505723202397843
"75310837311","Our Town Association Inc.","Small",2024,2020,4,FALSE,2423,69332,0.0349477874574511
"75582747598","Regency Community Men's Shed","Small",2024,2021,3,FALSE,0,26130,0
"75629555684","PATHLY INCORPORATED","Small",2024,2021,3,FALSE,50,2635,0.0189753320683112
"75812792400","Cornerstone Contact Centre Inc","Small",2024,2021,3,FALSE,307291,369006,0.832753396963735
"75915252237","Beacon of Hope Community Education Support Fund","Small",2024,2023,1,FALSE,30500,78383,0.389114986668028
"75944270255","Central Community Centre Inc.","Medium",2024,2022,2,FALSE,141985,786635,0.180496672535547
"75967571784","Epilepsy Foundation","Large",2024,2022,2,FALSE,1467060,11316803,0.129635551665961
"76116997392","The Well Being Initiative","Medium",2024,2020,4,FALSE,571901,711856,0.803394225798476
"76245905172","Eltham Men's Shed Incorporated","Small",2024,2021,3,FALSE,3538,84147,0.0420454680499602
"76436126079","LALOR AND DISTRICT MEN'S SHED INC","Small",2024,2023,1,FALSE,1016,81700,0.0124357405140759
"76513607164","CAIRNS CHILDREN'S MUSEUM INC","Small",2024,2021,3,TRUE,3784,147211,0.0257046008790104
"76579045428","Pimpama Mens Shed Inc.","Small",2024,2021,3,FALSE,4888,60506,0.0807853766568605
"76647420595","LITTLE COLOSSUS LTD","Medium",2024,2023,1,FALSE,0,829030,0
"77231050273","Giac Hoang Pagoda Inc","Small",2024,2022,2,FALSE,42985,42985,1
"77608175090","Indooroopilly Men's Shed Inc","Small",2024,2023,1,FALSE,3554,80060,0.0443917062203347
"77630675464","ETZ CHAIM LTD","Medium",2024,2021,3,FALSE,0,2714546,0
"77638165432","Bowen Residents Action Group Inc","Small",2024,2023,1,FALSE,61075,71537,0.853754001425836
"78124451540","Meaningful Ageing Australia Ltd","Medium",2024,2021,3,FALSE,50000,406939,0.122868538036413
"78197934972","Ohr Yisrael Incorporated","Medium",2024,2021,3,FALSE,100393,222101,0.452015074222989
"78608509824","10x10 Philanthropy Limited","Medium",2024,2022,2,FALSE,1201188,1201188,1
"78903242780","Victorian Lions Foundation Inc","Small",2024,2021,3,FALSE,105250,408693,0.257528266938754
"79001477970","Ascham Foundation Ltd","Large",2024,2022,2,FALSE,1760552,3575323,0.492417608143376
"79036396525","The Islamic Society Of Victoria Incorporated","Large",2024,2023,1,FALSE,1259553,3914479,0.321767724389376
"79117529932","Kilvington Grammar School Ltd","Large",2024,2023,1,FALSE,75141,28329253,0.00265241727340993
"79130823193","Indochina Starfish Foundation (Australia) Ltd","Small",2024,2020,4,FALSE,129797,129797,1
"79160595251","The Cancer Foundation Inc.","Small",2024,2021,3,FALSE,0,1009,0
"79420690128","Lutheran Church Queensland Australian Disaster Relief Fund","Small",2024,2022,2,FALSE,1385,5423,0.255393693527568
"79598692618","Sailability Victoria Inc","Small",2024,2022,2,FALSE,0,10100,0
"79660248460","GRIFFITH CANCER THERAPY ACCOMMODATION COMMITTEE INCORPORATED","Small",2024,2023,1,TRUE,2331,211414,0.0110257598834514
"79677574489","Tea Lake and the Rare Disease Association Inc","Small",2024,2020,4,FALSE,4110,4110,1
"79902601713","Returned & Services League Of Australia (Queensland Branch)","Large",2024,2023,1,FALSE,1417571,214690656,0.00660285373574898
"80163795597","SAVE OUR STREETS LIMITED","Small",2024,2023,1,FALSE,0,18028,0
"80172769393","Looma Community Inc","Large",2024,2022,2,FALSE,0,2327735,0
"80312028341","DENMARK MEN'S SHED INC.","Small",2024,2021,3,FALSE,9716,61638,0.157630033420942
"80615770786","Havenport MSL Inc.","Medium",2024,2021,3,FALSE,0,1846713,0
"80794580107","K9 Refuge Association Inc","Small",2024,2021,3,FALSE,4301,5001,0.86002799440112
"81224066028","Shekinah House Inc","Small",2024,2020,4,FALSE,87814,131924,0.665640823504442
"81998188477","Yaadein Vision Australia Inc","Small",2024,2021,3,FALSE,2414,26849,0.0899102387425975
"82153254056","Thirroul Surf Life Saving Club Inc","Small",2024,2021,3,FALSE,5608,218706,0.0256417290792205
"82186380740","Under the Southern Cross Outreach Ministries Incorporated","Small",2024,2020,4,FALSE,13966,48966,0.285218314749009
"82259471365","Goulburn Murray Local Learning and Employment Network Inc.","Medium",2024,2022,2,FALSE,0,826767,0
"82305662371","Clergy Retirement Foundation of the Roman Catholic Archdiocese of Canberra & Goulburn","Medium",2024,2022,2,FALSE,186542,709909,0.262768890097181
"82411998933","No Meat May Incorporated","Small",2024,2022,2,FALSE,17430,282744,0.0616458704693999
"82424729061","Bodhgaya Development Association Inc.","Small",2024,2021,3,FALSE,55806,57439,0.971569839307787
"82549537349","BEING - Mental Health Consumers Limited","Medium",2024,2022,2,FALSE,0,1321818,0
"82618896558","Destiny Family & Community Services Ltd","Small",2024,2022,2,FALSE,6244,10147,0.615354291908939
"82691324728","Maternity Choices Australia Ltd","Small",2024,2023,1,FALSE,435,10115,0.0430054374691053
"83000250304","Wenona School Ltd","Large",2024,2020,4,FALSE,1233354,64398727,0.0191518382032614
"83160564429","Save Our Supplies Ltd","Medium",2024,2021,3,FALSE,752100,950171,0.791541733014373
"83476538863","Samunnat Incorporated","Small",2024,2022,2,FALSE,42800,86991,0.4920049200492
"83628057134","HAPPINESS CO FOUNDATION LTD","Medium",2024,2023,1,FALSE,66260,808095,0.0819953099573689
"83964176052","Healthy Cities Illawarra Incorporated","Medium",2024,2021,3,FALSE,31202,1526737,0.0204370497341716
"84003061078","Yaraandoo Life Centre","Small",2024,2021,3,FALSE,0,10103,0
"84107210015","KYEEMA Foundation Ltd","Medium",2024,2022,2,FALSE,838844,1714760,0.489190324010357
"84405168482","Bayt Zakat Charity Inc","Medium",2024,2023,1,FALSE,1502560,1506560,0.997344944774851
"84581402947","Alcohol and Other Drug Consumer & Community Coalition (AODCCC) Incorporated","Small",2024,2022,2,FALSE,2177,221289,0.00983781389947083
"84604376491","Wangi Mens Shed Incorporated","Small",2024,2021,3,FALSE,6773,51855,0.130614212708514
"84623588389","Gippsland East Local Learning & Employment Network","Medium",2024,2022,2,FALSE,0,1738285,0
"84644396912","SOCIETY FOR IMMORTALITY RESEARCH LTD","Small",2024,2023,1,FALSE,16088,16088,1
"84654507758","MIGRANT JUSTICE INSTITUTE LIMITED","Small",2024,2023,1,FALSE,249993,351600,0.711015358361775
"84807299090","Australian Association for Adolescent Health Limited","Small",2024,2021,3,FALSE,150,368696,0.000406839238830907
"84814621404","Every Mum Incorporated","Small",2024,2020,4,FALSE,173974,209428,0.830710315717096
"84993931261","Sunshine Valley Mens Shed","Small",2024,2020,4,FALSE,19456,80953,0.240336985658345
"85001797137","Council Of Social Service Of New South Wales","Large",2024,2021,3,FALSE,520,4763339,0.000109167119955141
"85168357033","Yarra Foundation for Disadvantaged Children Inc","Small",2024,2023,1,FALSE,77068,301839,0.255328171641173
"85262446848","Teens Take Control Inc.","Small",2024,2022,2,FALSE,39353,457689,0.0859819659200898
"85593254500","Team Tye Foundation","Small",2024,2022,2,FALSE,0,10730,0
"85755877265","Port Macquarie Surfing History Museum Inc","Small",2024,2023,1,FALSE,15000,56315,0.266358874189825
"86000153560","Katoomba Christian Convention Ltd","Large",2024,2021,3,FALSE,569978,6612904,0.0861917850312057
"86366363924","Gladstone Men's Shed Association Inc","Small",2024,2021,3,FALSE,99775,236853,0.421252844591371
"86512795097","Hearts4Heros Incorporated","Small",2024,2021,3,FALSE,0,214042,0
"86568917131","Charlies Gift Fund Incorporated","Small",2024,2022,2,FALSE,605,3105,0.194847020933977
"86632754780","LOAVES AND FISHES CARE SERVICE TOOWOOMBA LIMITED","Medium",2024,2020,4,FALSE,12611,1026805,0.0122817867073105
"86633799124","Ohana Education Ltd","Large",2024,2023,1,FALSE,23112,15696927,0.00147239010540089
"87040729116","Friends of Myall Creek Memorial Inc","Small",2024,2020,4,FALSE,10619,48618,0.21841704718417
"87126525380","Australian Books For Children Of Africa Ltd","Small",2024,2022,2,FALSE,32000,32000,1
"87168259096","Positive Education Schools Association Limited","Small",2024,2022,2,FALSE,16000,313315,0.0510668177393358
"87267901425","Australian Centre for Heart Health","Small",2024,2022,2,FALSE,186634,371172,0.502823488840753
"87607507004","Ability Beyond Boundaries Limited","Small",2024,2023,1,FALSE,200,41004,0.00487757291971515
"88004261527","Mentone Girls Grammar School","Large",2024,2021,3,FALSE,148240,25182406,0.00588664959178245
"88030734363","Tikkun Olam Gift Fund","Small",2024,2021,3,FALSE,125359,125359,1
"88567811835","Youth and Families Association of Pine Rivers Inc","Small",2024,2022,2,FALSE,27191,145554,0.186810393393517
"88608849658","Oak Flats Public School P&C Inc","Small",2024,2022,2,FALSE,16185,210253,0.0769786875811522
"88618869855","Christmas Presents for Kids in Care Ltd","Small",2024,2020,4,FALSE,50425,114182,0.441619519714141
"88635516068","Collective Hope Community Services Ltd","Large",2024,2020,4,TRUE,0,6634301,0
"88965371802","Irwin Districts Historical Society Incorporated","Small",2024,2022,2,FALSE,35175,56912,0.618059460219286
"88971771757","Willow Tree Sanctuary","Small",2024,2022,2,TRUE,97921,346010,0.28300049131528
"89002643594","Carinya Christian Education Ltd","Large",2024,2022,2,FALSE,20870,31487197,0.000662809077607003
"89123037070","Access Community Housing Company Ltd","Large",2024,2023,1,FALSE,1814,12807854,0.000141631845584748
"89286191509","WILLOUGHBY COMMUNITY MEN'S SHED INC","Small",2024,2021,3,FALSE,1820,58563,0.0310776428803169
"89613555347","Virtual War Memorial Limited","Small",2024,2022,2,FALSE,229580,515745,0.445142463814482
"89633129807","HUMANITAS HIGH SCHOOL LTD","Medium",2024,2021,3,FALSE,58674,1940629,0.0302345270528267
"89640723557","CLOTHING THE GAP FOUNDATION LTD","Small",2024,2022,2,FALSE,54662,191023,0.286154023337504
"89818726922","North Balwyn Community Men's Shed Incorporated","Small",2024,2021,3,FALSE,675,24031,0.0280887187382964
"89866800390","Australian War Widows W.A. Inc.","Small",2024,2021,3,FALSE,3040,467820,0.00649822581334701
"89880631615","Human and Hope Association Incorporated","Small",2024,2020,4,FALSE,42344,109881,0.385362346538528
"90136588234","Returned & Services League Of Australia (Queensland Branch) Yeronga Dutton Park Sub-Branch Inc","Small",2024,2022,2,FALSE,70658,289622,0.243966273280345
"90263052314","Social Help Endeavour For Bangladesh Inc","Small",2024,2021,3,FALSE,18975,55918,0.33933617082156
"90412765337","Springfield Camira Men's Shed Inc","Small",2024,2021,3,FALSE,6742,53750,0.125432558139535
"90528422430","The Australian Centre For Social Innovation Inc","Large",2024,2021,3,FALSE,0,4637131,0
"90546015020","The Corporation of the Synod of the Diocese of Brisbane Trading as St Paul's School Bald Hills","Large",2024,2022,2,FALSE,84767,38212102,0.00221832863316444
"90608024391","PERTH KOREAN WAR MEMORIAL COMMITTEE INCORPORATED","Small",2024,2022,2,TRUE,1044738,1072267,0.974326357147986
"90625624357","Slav Fest Association Inc","Small",2024,2020,4,FALSE,0,11010,0
"90649141908","ST GEORGE COLLEGE LTD","Small",2024,2023,1,FALSE,93377,93377,1
"90650219122","WALLUMATTA LEGAL LTD","Medium",2024,2023,1,FALSE,460667,1121439,0.410782039861285
"90652960248","FUTURE VISION FOUNDATION LIMITED","Small",2024,2023,1,FALSE,100560,100560,1
"90653503747","PASTORAL CARERS ASSOCIATION LTD","Small",2024,2023,1,FALSE,4350,9348,0.465340179717587
"90657853804","Eastern Goldfields Historical Society (Inc.)","Small",2024,2020,4,FALSE,1858,141388,0.0131411435199593
"90977312863","Cool Country Men's Shed Incorporated","Small",2024,2022,2,FALSE,3146,25542,0.123169681309216
"91058556764","Central Queensland Christian College Limited","Large",2024,2020,4,FALSE,0,7554584,0
"91068371022","Youthsafe","Small",2024,2021,3,FALSE,6567,426093,0.0154121283381797
"91320077835","FNQ Foster Farms.Inc","Small",2024,2020,4,FALSE,31573,35581,0.887355611140777
"91416186495","Tweed Heads Community Men's Shed Inc","Small",2024,2021,3,FALSE,1200,80755,0.0148597610055105
"91647344965","VETERANS GRAPPLING FOUNDATION LIMITED","Small",2024,2022,2,TRUE,8800,20157,0.436572902713697
"91899241298","K9 SAR Inc.","Small",2024,2021,3,FALSE,18850,18850,1
"92115819913","Ardross Primary School P&C Assn","Small",2024,2023,1,FALSE,60570,122655,0.493824140882964
"92149068642","RUTHERGLEN HISTORICAL SOCIETY INC","Small",2024,2021,3,FALSE,715,5050,0.141584158415842
"92210921699","Simple Steps Solutions Incorporated","Small",2024,2023,1,FALSE,11845,25653,0.461739367715277
"92606609616","Ohana College Ltd","Large",2024,2023,1,FALSE,2551,8328269,0.000306306148372489
"92631417475","INDUS HEALTH AUSTRALIA LIMITED","Medium",2024,2023,1,FALSE,109445,109989,0.995054050859631
"92645501847","The Blue Hand Group Incorporated","Small",2024,2023,1,TRUE,50260,50260,1
"92660893570","Priests Welfare Foundation Of The Diocese Of Sale","Small",2024,2023,1,FALSE,41864,379303,0.110370864454012
"93000946289","LORIEN-NOVALIS SCHOOL FOR RUDOLF STEINER EDUCATION LTD","Large",2024,2023,1,FALSE,1115,6753189,0.000165107181214682
"93061557364","Csv Limited","Large",2024,2020,4,FALSE,1930901,54967630,0.0351279653134035
"93093281641","Leaders Institute Of South Australia Inc","Medium",2024,2022,2,FALSE,103585,1249579,0.0828959193456356
"93202389056","Seymour College Inc","Large",2024,2020,4,FALSE,423114,33446403,0.0126505083371746
"93249530317","OM Therapy","Small",2024,2021,3,FALSE,4020,16020,0.250936329588015
"93799121312","Bridge Builders Incorporated","Small",2024,2020,4,FALSE,94319,235542,0.400433892893836
"93970982732","Woodcroft College Inc","Large",2024,2023,1,FALSE,50000,38678742,0.00129269974706003
"94050110346","Neuroscience Research Australia","Large",2024,2023,1,FALSE,14910311,39496168,0.377512851373328
"94495799433","Tacab Iyo Tacliin","Small",2024,2023,1,FALSE,1200,1200,1
"94609182072","The Archbishop Of Sydneys Overseas Ministry Fund","Large",2024,2021,3,FALSE,2920449,2942870,0.992381246878048
"94641582121","AUSTRALIAN ASSOCIATED PRESS LTD","Large",2024,2022,2,TRUE,158166,26491699,0.00597039850105499
"94656561910","THE BUSINESS OF SMILES LTD","Small",2024,2023,1,TRUE,3367,29366,0.114656405366751
"94743010990","YOWIE BAY P&C ASSOCIATION","Small",2024,2023,1,FALSE,0,93175,0
"94828298590","Kilkivan Veteran's and Community ""Men's Shed"" Association Inc.","Small",2024,2021,3,FALSE,38000,67856,0.560009431737798
"94880354126","EV Church Limited","Large",2024,2020,4,FALSE,4733576,5653386,0.837299275160055
"95017450530","Northern Suburbs Community Centre Inc","Medium",2024,2022,2,FALSE,0,1527636,0
"95166529782","Yarranlea Limited","Medium",2024,2022,2,FALSE,8690,1447129,0.00600499333507932
"95229959403","Granville Mens Shed Inc.","Small",2024,2021,3,FALSE,0,19546,0
"95609027410","Vocational Bible College Limited","Small",2024,2022,2,FALSE,211895,244901,0.865227173429263
"95641764445","HEAVENLY HOMES INTERNATIONAL LTD","Small",2024,2022,2,FALSE,33339,83860,0.397555449558788
"95738551437","Elizabeth Morgan House Aboriginal Women's Services Inc","Large",2024,2020,4,FALSE,63008,6247070,0.0100860083207007
"95751520504","NICHOLSON STREET PUBLIC SCHOOL PARENTS AND CITIZENS ASSOCIATION","Small",2024,2021,3,FALSE,0,96219,0
"95946679015","Adelaide Holocaust Museum and Steiner Education Centre Incorporated","Medium",2024,2021,3,FALSE,144651,727341,0.198876455472742
"96000538803","Australian Railway Historical Society New South Wales Division","Medium",2024,2020,4,FALSE,199963,1233655,0.162089887367214
"96147368664","Lower Lachlan Community Services Inc","Small",2024,2020,4,FALSE,44502,454256,0.0979667852488465
"96161067492","Pollinate Group Ltd","Medium",2024,2020,4,FALSE,462842,2033682,0.227588187337057
"96261040501","Wollongong Meals On Wheels Assn Inc","Medium",2024,2022,2,FALSE,18700,723572,0.0258440072307939
"96313965015","Australian Sikh Support Inc","Small",2024,2020,4,FALSE,70491,70491,1
"96362741881","Bloss - Riverina Pregnancy & Baby Loss Support Inc","Small",2024,2021,3,TRUE,29502,29502,1
"96435996391","Waverley Community Men's Shed Inc","Small",2024,2021,3,FALSE,1066,23043,0.0462613374994575
"96621534683","Armadillo&Co Foundation Limited","Small",2024,2023,1,FALSE,1021,4335,0.235524798154556
"96624570510","YOUNG LEADERS OF TASMANIA LTD.","Medium",2024,2022,2,FALSE,1507,573895,0.00262591589053747
"96655027320","Alpine Valleys Community Leadership Fund Ltd.","Medium",2024,2022,2,FALSE,1503,537044,0.0027986533691839
"96788532201","Albany MenShed Inc","Small",2024,2022,2,FALSE,17911,130413,0.137340602547292
"96956782786","The Mustard Seed Family Project Incorporated","Small",2024,2023,1,FALSE,31151,77752,0.400645642555819
"97478220756","Tullawon Health Service Incorporated","Large",2024,2023,1,FALSE,500,14546844,3.43717166417678e-05
"97518065568","The Judith Neilson Institute for Journalism and Ideas","Medium",2024,2021,3,FALSE,0,225846,0
"97558392056","Latin Stories Australia Inc","Small",2024,2021,3,FALSE,11645,115993,0.100393989292457
"98004700560","Computerbank Victoria Inc","Small",2024,2022,2,FALSE,360,118178,0.00304625226353467
"98122087261","appin mens shed incorporated","Small",2024,2023,1,TRUE,16180,104087,0.155446885778243
"98634977549","Westside Housing Company Limited","Large",2024,2020,4,FALSE,0,26503055,0
"98635385714","A Liquid Future Ltd","Small",2024,2023,1,FALSE,3141,3141,1
"98647010375","Psychedelic Research In Science & Medicine Ltd","Small",2024,2021,3,FALSE,54041,99041,0.545642713623651
"98795843750","CARE AND SERVE INCORPORATED","Small",2024,2022,2,FALSE,67000,67000,1
"98965716598","Invisible Illnesses Inc","Small",2024,2021,3,FALSE,2521,72745,0.0346553027699498
"99000020762","Meriden School","Large",2024,2021,3,FALSE,0,71245092,0
"99052134639","Restoration Enterprises Limited","Small",2024,2020,4,FALSE,433219,592854,0.730734717147898
"99609928234","Ark Rising Ltd","Small",2024,2021,3,FALSE,19094,21739,0.87832926997562
"99618617093","Sudd Foundation Ltd","Small",2024,2022,2,FALSE,500,323992,0.00154324798143164
"99625904663","Capital Region Heritage Rail Limited","Small",2024,2020,4,FALSE,8998,268976,0.0334527987627149
"99629608868","Rufus S.A. Limited","Small",2024,2020,4,FALSE,73457,100067,0.734078167627689
"99659766292","One Dollar Project Inc","Small",2024,2023,1,FALSE,25998,25998,1
"99722497212","Fingal Valley Neighbourhood House","Medium",2024,2023,1,FALSE,965,1789474,0.00053926461071801
"99821785872","Amani Orphans and Widows Welfare Service Inc.","Small",2024,2020,4,FALSE,0,11700,0
